_id,DataSeries,2025Oct,2025Sep,2025Aug,2025Jul,2025Jun,2025May,2025Apr,2025Mar,2025Feb,2025Jan,2024Dec,2024Nov,2024Oct,2024Sep,2024Aug,2024Jul,2024Jun,2024May,2024Apr,2024Mar,2024Feb,2024Jan,2023Dec,2023Nov,2023Oct,2023Sep,2023Aug,2023Jul,2023Jun,2023May,2023Apr,2023Mar,2023Feb,2023Jan,2022Dec,2022Nov,2022Oct,2022Sep,2022Aug,2022Jul,2022Jun,2022May,2022Apr,2022Mar,2022Feb,2022Jan,2021Dec,2021Nov,2021Oct,2021Sep,2021Aug,2021Jul,2021Jun,2021May,2021Apr,2021Mar,2021Feb,2021Jan,2020Dec,2020Nov,2020Oct,2020Sep,2020Aug,2020Jul,2020Jun,2020May,2020Apr,2020Mar,2020Feb,2020Jan,2019Dec,2019Nov,2019Oct,2019Sep,2019Aug,2019Jul,2019Jun,2019May,2019Apr,2019Mar,2019Feb,2019Jan,2018Dec,2018Nov,2018Oct,2018Sep,2018Aug,2018Jul,2018Jun,2018May,2018Apr,2018Mar,2018Feb,2018Jan,2017Dec,2017Nov,2017Oct,2017Sep,2017Aug,2017Jul,2017Jun,2017May,2017Apr,2017Mar,2017Feb,2017Jan,2016Dec,2016Nov,2016Oct,2016Sep,2016Aug,2016Jul,2016Jun,2016May,2016Apr,2016Mar,2016Feb,2016Jan,2015Dec,2015Nov,2015Oct,2015Sep,2015Aug,2015Jul,2015Jun,2015May,2015Apr,2015Mar,2015Feb,2015Jan,2014Dec,2014Nov,2014Oct,2014Sep,2014Aug,2014Jul,2014Jun,2014May,2014Apr,2014Mar,2014Feb,2014Jan,2013Dec,2013Nov,2013Oct,2013Sep,2013Aug,2013Jul,2013Jun,2013May,2013Apr,2013Mar,2013Feb,2013Jan,2012Dec,2012Nov,2012Oct,2012Sep,2012Aug,2012Jul,2012Jun,2012May,2012Apr,2012Mar,2012Feb,2012Jan,2011Dec,2011Nov,2011Oct,2011Sep,2011Aug,2011Jul,2011Jun,2011May,2011Apr,2011Mar,2011Feb,2011Jan,2010Dec,2010Nov,2010Oct,2010Sep,2010Aug,2010Jul,2010Jun,2010May,2010Apr,2010Mar,2010Feb,2010Jan,2009Dec,2009Nov,2009Oct,2009Sep,2009Aug,2009Jul,2009Jun,2009May,2009Apr,2009Mar,2009Feb,2009Jan,2008Dec,2008Nov,2008Oct,2008Sep,2008Aug,2008Jul,2008Jun,2008May,2008Apr,2008Mar,2008Feb,2008Jan,2007Dec,2007Nov,2007Oct,2007Sep,2007Aug,2007Jul,2007Jun,2007May,2007Apr,2007Mar,2007Feb,2007Jan,2006Dec,2006Nov,2006Oct,2006Sep,2006Aug,2006Jul,2006Jun,2006May,2006Apr,2006Mar,2006Feb,2006Jan,2005Dec,2005Nov,2005Oct,2005Sep,2005Aug,2005Jul,2005Jun,2005May,2005Apr,2005Mar,2005Feb,2005Jan,2004Dec,2004Nov,2004Oct,2004Sep,2004Aug,2004Jul,2004Jun,2004May,2004Apr,2004Mar,2004Feb,2004Jan,2003Dec,2003Nov,2003Oct,2003Sep,2003Aug,2003Jul,2003Jun,2003May,2003Apr,2003Mar,2003Feb,2003Jan,2002Dec,2002Nov,2002Oct,2002Sep,2002Aug,2002Jul,2002Jun,2002May,2002Apr,2002Mar,2002Feb,2002Jan,2001Dec,2001Nov,2001Oct,2001Sep,2001Aug,2001Jul,2001Jun,2001May,2001Apr,2001Mar,2001Feb,2001Jan,2000Dec,2000Nov,2000Oct,2000Sep,2000Aug,2000Jul,2000Jun,2000May,2000Apr,2000Mar,2000Feb,2000Jan,1999Dec,1999Nov,1999Oct,1999Sep,1999Aug,1999Jul,1999Jun,1999May,1999Apr,1999Mar,1999Feb,1999Jan,1998Dec,1998Nov,1998Oct,1998Sep,1998Aug,1998Jul,1998Jun,1998May,1998Apr,1998Mar,1998Feb,1998Jan,1997Dec,1997Nov,1997Oct,1997Sep,1997Aug,1997Jul,1997Jun,1997May,1997Apr,1997Mar,1997Feb,1997Jan,1996Dec,1996Nov,1996Oct,1996Sep,1996Aug,1996Jul,1996Jun,1996May,1996Apr,1996Mar,1996Feb,1996Jan,1995Dec,1995Nov,1995Oct,1995Sep,1995Aug,1995Jul,1995Jun,1995May,1995Apr,1995Mar,1995Feb,1995Jan,1994Dec,1994Nov,1994Oct,1994Sep,1994Aug,1994Jul,1994Jun,1994May,1994Apr,1994Mar,1994Feb,1994Jan,1993Dec,1993Nov,1993Oct,1993Sep,1993Aug,1993Jul,1993Jun,1993May,1993Apr,1993Mar,1993Feb,1993Jan,1992Dec,1992Nov,1992Oct,1992Sep,1992Aug,1992Jul,1992Jun,1992May,1992Apr,1992Mar,1992Feb,1992Jan,1991Dec,1991Nov,1991Oct,1991Sep,1991Aug,1991Jul,1991Jun,1991May,1991Apr,1991Mar,1991Feb,1991Jan,1990Dec,1990Nov,1990Oct,1990Sep,1990Aug,1990Jul,1990Jun,1990May,1990Apr,1990Mar,1990Feb,1990Jan,1989Dec,1989Nov,1989Oct,1989Sep,1989Aug,1989Jul,1989Jun,1989May,1989Apr,1989Mar,1989Feb,1989Jan,1988Dec,1988Nov,1988Oct,1988Sep,1988Aug,1988Jul,1988Jun,1988May,1988Apr,1988Mar,1988Feb,1988Jan,1987Dec,1987Nov,1987Oct,1987Sep,1987Aug,1987Jul,1987Jun,1987May,1987Apr,1987Mar,1987Feb,1987Jan,1986Dec,1986Nov,1986Oct,1986Sep,1986Aug,1986Jul,1986Jun,1986May,1986Apr,1986Mar,1986Feb,1986Jan,1985Dec,1985Nov,1985Oct,1985Sep,1985Aug,1985Jul,1985Jun,1985May,1985Apr,1985Mar,1985Feb,1985Jan,1984Dec,1984Nov,1984Oct,1984Sep,1984Aug,1984Jul,1984Jun,1984May,1984Apr,1984Mar,1984Feb,1984Jan,1983Dec,1983Nov,1983Oct,1983Sep,1983Aug,1983Jul,1983Jun,1983May,1983Apr,1983Mar,1983Feb,1983Jan,1982Dec,1982Nov,1982Oct,1982Sep,1982Aug,1982Jul,1982Jun,1982May,1982Apr,1982Mar,1982Feb,1982Jan,1981Dec,1981Nov,1981Oct,1981Sep,1981Aug,1981Jul,1981Jun,1981May,1981Apr,1981Mar,1981Feb,1981Jan,1980Dec,1980Nov,1980Oct,1980Sep,1980Aug,1980Jul,1980Jun,1980May,1980Apr,1980Mar,1980Feb,1980Jan,1979Dec,1979Nov,1979Oct,1979Sep,1979Aug,1979Jul,1979Jun,1979May,1979Apr,1979Mar,1979Feb,1979Jan,1978Dec,1978Nov,1978Oct,1978Sep,1978Aug,1978Jul,1978Jun,1978May,1978Apr,1978Mar,1978Feb,1978Jan,1977Dec,1977Nov,1977Oct,1977Sep,1977Aug,1977Jul,1977Jun,1977May,1977Apr,1977Mar,1977Feb,1977Jan,1976Dec,1976Nov,1976Oct,1976Sep,1976Aug,1976Jul,1976Jun,1976May,1976Apr,1976Mar,1976Feb,1976Jan,1975Dec,1975Nov,1975Oct,1975Sep,1975Aug,1975Jul,1975Jun,1975May,1975Apr,1975Mar,1975Feb,1975Jan,1974Dec,1974Nov,1974Oct,1974Sep,1974Aug,1974Jul,1974Jun,1974May,1974Apr,1974Mar,1974Feb,1974Jan,1973Dec,1973Nov,1973Oct,1973Sep,1973Aug,1973Jul,1973Jun,1973May,1973Apr,1973Mar,1973Feb,1973Jan,1972Dec,1972Nov,1972Oct,1972Sep,1972Aug,1972Jul,1972Jun,1972May,1972Apr,1972Mar,1972Feb,1972Jan,1971Dec,1971Nov,1971Oct,1971Sep,1971Aug,1971Jul,1971Jun,1971May,1971Apr,1971Mar,1971Feb,1971Jan,1970Dec,1970Nov,1970Oct,1970Sep,1970Aug,1970Jul,1970Jun,1970May,1970Apr,1970Mar,1970Feb,1970Jan,1969Dec,1969Nov,1969Oct,1969Sep,1969Aug,1969Jul,1969Jun,1969May,1969Apr,1969Mar,1969Feb,1969Jan,1968Dec,1968Nov,1968Oct,1968Sep,1968Aug,1968Jul,1968Jun,1968May,1968Apr,1968Mar,1968Feb,1968Jan,1967Dec,1967Nov,1967Oct,1967Sep,1967Aug,1967Jul,1967Jun,1967May,1967Apr,1967Mar,1967Feb,1967Jan,1966Dec,1966Nov,1966Oct,1966Sep,1966Aug,1966Jul,1966Jun,1966May,1966Apr,1966Mar,1966Feb,1966Jan,1965Dec,1965Nov,1965Oct,1965Sep,1965Aug,1965Jul,1965Jun,1965May,1965Apr,1965Mar,1965Feb,1965Jan,1964Dec,1964Nov,1964Oct,1964Sep,1964Aug,1964Jul,1964Jun,1964May,1964Apr,1964Mar,1964Feb,1964Jan,1963Dec,1963Nov,1963Oct,1963Sep,1963Aug,1963Jul,1963Jun,1963May,1963Apr,1963Mar,1963Feb,1963Jan,1962Dec,1962Nov,1962Oct,1962Sep,1962Aug,1962Jul,1962Jun,1962May,1962Apr,1962Mar,1962Feb,1962Jan,1961Dec,1961Nov,1961Oct,1961Sep,1961Aug,1961Jul,1961Jun,1961May,1961Apr,1961Mar,1961Feb,1961Jan
1,All Items,101.33,101.32,100.963,100.447,100.9,100.978,100.283,100.599,100.677,99.908,100.661,100.387,100.119,100.645,100.414,99.818,100.104,100.209,99.426,99.712,99.755,98.752,99.177,98.808,98.974,98.776,98.278,97.417,97.645,97.181,96.869,96.792,96.308,95.772,95.591,95.396,94.475,94.854,94.445,93.563,93.423,92.502,91.594,91.715,90.59,89.81,89.781,89.369,88.5,88.248,87.882,87.398,87.569,87.574,86.875,87.019,86.827,86.334,86.358,86.047,85.709,86.073,85.787,85.245,85.52,85.502,85.098,85.888,86.183,86.121,86.325,86.16,85.883,86.069,86.123,85.587,85.974,86.221,85.73,85.917,85.901,85.416,85.67,85.606,85.465,85.729,85.749,85.39,85.514,85.466,84.937,85.337,85.51,85.11,85.274,85.358,84.865,85.11,85.129,84.845,85.043,85.164,84.877,85.136,85.1,85.102,84.954,84.822,84.551,84.794,84.786,84.37,84.607,83.983,84.534,84.577,84.542,84.628,84.814,84.807,84.637,85.003,85.002,84.921,85.225,85.317,84.93,85.463,85.257,85.179,85.363,85.46,85.3,85.556,85.714,85.258,85.513,85.656,85.369,85.719,85.491,85.511,85.417,85.689,85.088,84.954,84.829,84.151,83.917,83.746,83.448,84.703,85.162,84.315,84.151,83.54,83.434,83.604,83.128,82.614,82.423,82.418,82.245,81.806,81.19,81.412,80.663,80.63,80.183,79.856,80.005,79.433,78.277,78.462,77.992,77.722,77.618,77.674,76.427,76.312,76.06,75.72,75.677,75.329,74.377,75.093,74.664,73.987,73.93,73.616,73.071,73.514,73.473,73.034,73.29,73.029,72.41,72.729,72.344,72.814,73.229,73.463,73.459,74.1,74.15,73.34,73.497,73.218,72.428,72.561,72.117,71,70.937,70.46,69.727,70.204,69.671,68.696,69.051,68.695,67.34,67.472,67.035,66.523,66.566,66.072,67.15,66.95,66.95,66.689,66.747,66.71,66.209,66.629,66.728,66.366,66.587,66.455,66.609,66.587,66.668,66.397,66.304,65.992,65.308,65.91,66.013,65.608,65.801,65.32,65.775,65.945,65.964,65.988,65.853,65.938,65.413,65.928,65.77,65.33,65.814,65.065,64.924,64.807,64.719,64.764,64.696,64.62,64.219,64.411,64.822,64.69,64.511,64.629,64.443,64.446,64.303,64.321,64.401,64.448,64.427,64.467,64.267,64.198,64.259,64.069,64.163,64.296,64.432,64.594,64.684,64.722,64.336,64.69,64.952,64.775,64.659,64.782,64.543,64.435,64.293,64.244,64.229,63.892,63.567,63.464,63.693,63.602,63.82,63.518,63.239,63.177,63.131,63.178,63.202,63.163,63.075,63.138,62.994,62.831,63.022,62.944,62.813,62.952,62.808,62.907,62.967,63.06,62.995,63.047,63.195,63.159,63.486,63.527,63.723,63.789,63.744,63.712,63.58,63.363,63.117,63.006,62.877,62.589,62.897,62.577,62.444,62.33,62.181,62.164,62.135,62.048,62.046,61.984,61.689,61.621,61.893,61.389,61.221,61.45,61.326,61.259,61.256,61.239,61.335,61.245,61.01,60.717,60.904,60.841,60.71,60.885,60.662,60.455,60.432,60.354,60.239,59.953,59.651,59.206,59.504,59.311,59.013,58.811,58.627,58.42,58.389,58.481,58.203,58.184,58.023,57.854,57.713,57.984,57.543,57.496,57.334,57.192,57.153,57.254,57.009,57.002,56.708,56.355,56.454,56.531,56.531,56.083,55.993,55.969,56,55.862,55.788,55.658,55.478,55.192,55.459,55.008,54.951,54.691,54.705,54.274,53.906,53.715,53.69,53.616,53.478,53.18,53.335,53.231,52.93,52.866,52.666,52.401,52.405,52.341,52.192,51.956,51.591,51.296,51.347,51.212,51.233,51.107,51.038,51.15,51.103,51.123,50.827,50.883,50.722,50.707,50.838,50.45,50.522,50.414,50.328,50.342,50.37,50.308,50.103,50.073,49.939,49.762,49.768,50.082,49.763,49.725,49.88,49.894,49.691,49.712,49.791,49.865,49.903,50.156,50.302,50.435,50.459,50.426,50.555,50.565,50.967,50.908,50.741,50.613,50.623,50.721,50.589,50.339,50.114,50.136,50.325,50.35,50.689,50.569,50.427,50.288,50.327,50.323,50.825,50.163,49.661,49.526,49.075,49.18,49.001,48.966,48.784,49.098,48.926,48.991,49.044,48.945,49.1,48.774,48.475,48.606,48.527,48.326,48.455,48.327,48.298,48.28,48.8,49.177,48.698,48.28,47.96,47.944,48.03,47.404,46.702,46.39,45.802,44.894,44.793,44.264,44.132,44.093,43.806,43.659,43.767,43.437,43.062,42.948,42.971,42.787,42.335,41.68,41.633,41.324,40.972,40.963,40.327,39.624,39.137,39.034,38.753,38.578,38.701,38.822,38.796,38.826,38.598,38.738,38.673,38.493,38.036,37.948,37.818,37.594,38.102,37.844,38.071,37.311,37.002,37.532,37.29,36.739,36.37,36.239,35.952,36.255,36.501,36.258,35.785,35.504,35.295,35.331,35.395,35.442,35.468,35.651,35.508,35.856,36.32,36.327,36.339,36.187,36.114,36.472,36.461,36.31,36.213,36.11,35.968,36.215,36.919,36.846,36.683,36.407,36.326,35.992,35.612,35.372,35.098,34.964,34.94,35.333,34.728,33.738,32.33,32.677,31.328,30.296,30.29,29.95,28.59,27.663,26.486,26.316,26.214,25.338,25.412,24.61,24.372,24.409,24.237,24.025,23.881,23.798,23.704,23.981,24.026,24.035,24.003,23.787,23.654,23.796,23.615,23.729,23.608,23.541,23.293,23.575,23.686,24.111,23.42,23.263,23.316,23.291,23.33,23.349,23.12,23.155,23.14,23.102,23.386,23.287,23.619,23.297,23.061,23.232,23.195,23.112,23.191,23.309,23.083,23.159,23.029,23.062,23.031,23.101,23.152,23.188,23.324,23.138,23.022,23.024,23.281,23.327,23.412,23.681,23.659,23.449,23.226,23.317,23.13,23.226,22.913,22.653,22.448,22.807,22.931,22.92,22.609,22.471,22.224,22.352,22.486,22.331,22.245,22.187,22.232,22.148,22.326,22.534,22.263,22.098,21.943,21.884,21.814,21.681,21.815,21.737,21.567,21.887,22.03,22.099,22.046,21.831,21.844,21.985,22.044,21.685,21.583,21.648,21.639,21.933,22.012,21.93,21.798,21.757,21.917,21.409,21.315,21.263,21.321,21.255,21.148,21.361,21.771,21.613,21.205,21.145,21.009,21.056,20.966,21.029,20.98,20.884,20.868,20.972,21.277,21.157,21.024,21.057,21.007,20.948,21.054,20.847,20.801,20.655,20.77,21.112,21.094,21.071
2,    Food,101.617,101.307,101.137,101.05,100.865,100.925,101.07,100.95,100.898,100.875,100.551,100.472,100.459,100.235,100.025,99.918,99.865,99.855,99.643,99.686,99.869,99.422,98.266,98.191,97.855,97.68,97.546,97.386,97.224,97.19,96.833,96.499,96.137,96.074,94.748,94.399,93.968,93.654,93.043,92.512,91.804,90.948,90.393,89.574,88.933,88.845,88.153,87.961,87.73,87.602,87.424,87.197,87.077,87.012,86.802,86.698,86.903,86.631,86.352,86.332,86.224,86.205,86.129,86.225,86.281,86.127,85.97,85.483,85.513,85.378,84.972,84.836,84.814,84.698,84.583,84.403,84.332,84.264,84.167,84.195,84.14,83.987,83.591,83.534,83.488,83.454,83.3,83.346,83.175,83.019,82.933,82.783,82.919,82.674,82.449,82.369,82.321,82.122,81.934,82.091,81.92,81.937,81.819,81.648,81.714,81.745,81.324,81.197,81.134,81.131,80.928,80.921,80.814,80.763,80.739,80.587,80.627,80.25,79.701,79.611,79.639,79.429,79.317,79.214,79.145,79.027,78.91,78.809,79.068,78.889,78.477,78.329,78.178,77.988,77.85,77.752,77.64,77.612,77.329,77.214,77.12,77.234,76.45,76.227,76.112,75.866,75.79,75.534,75.303,75.223,74.989,74.85,75.248,74.895,74.496,74.359,74.273,74.144,74.073,74.005,73.823,73.742,73.667,73.566,73.61,74.137,73.386,73.133,73.012,72.617,72.454,72.335,72.151,71.937,71.941,71.655,71.731,71.421,70.776,70.625,70.546,70.415,70.337,70.236,69.988,69.99,69.923,69.822,69.949,69.458,69.337,69.368,69.352,69.257,69.162,69.19,69.143,69.109,69.129,69.213,69.161,69.368,68.951,68.823,68.699,68.535,68.387,68.234,67.813,67.39,66.933,66.445,66.433,65.826,65.269,64.45,63.765,63.437,63.165,62.956,62.047,61.784,61.543,61.589,62.174,61.941,61.459,61.256,61.162,61.129,61.142,61.15,61.02,60.928,60.813,60.569,60.571,60.976,60.414,60.273,60.238,60.077,60.103,60.033,59.965,59.978,59.918,59.81,60.19,59.955,59.775,59.805,59.783,60.003,59.204,59.13,59.021,58.993,58.919,58.935,59.192,59.032,58.455,58.31,58.192,58.167,58.1,58.101,58.046,58.21,58.083,57.726,58.05,58.357,57.783,57.684,57.606,57.832,57.641,57.738,57.842,57.899,57.724,57.64,58.329,57.928,57.411,57.668,57.541,57.564,57.785,57.76,57.752,57.815,57.752,57.653,57.969,58.637,57.441,57.287,57.206,57.201,57.461,57.338,57.445,57.409,57.41,57.476,58.4,57.729,57.286,57.279,57.181,57.191,57.313,57.452,57.342,57.299,57.122,56.633,57.091,56.966,56.413,56.717,56.498,56.563,56.564,56.649,56.723,56.841,56.622,56.626,56.924,57.118,56.726,56.699,56.671,56.75,56.734,56.642,56.453,56.379,56.278,56.23,57.04,56.009,55.948,55.705,55.866,55.696,55.797,55.74,55.404,55.362,55.006,54.649,55.452,54.52,54.303,54.521,54.196,54.304,54.645,54.533,53.979,54.186,54.072,53.881,54.564,54.259,53.634,53.647,53.533,53.365,53.326,53.441,53.302,53.088,52.495,52.303,52.852,51.825,51.66,51.451,51.216,51.054,51.257,51.411,51.101,51.343,51.074,50.935,50.923,51.745,50.937,50.713,50.662,50.726,50.845,51.088,50.921,50.961,50.618,50.447,50.741,50.69,51.09,50.262,50.106,50.145,50.388,50.236,50.324,50.377,50.08,49.655,50.072,49.359,49.757,49.324,49.106,49.123,49.391,49.379,49.596,49.625,49.454,49.097,49.446,49.542,49.456,49.568,49.233,49.126,49.155,49.237,49.139,49.132,48.673,48.346,48.744,48.537,48.816,48.667,48.502,48.831,48.803,48.838,48.233,48.406,48.155,48.206,48.626,47.768,48.13,47.917,47.78,47.864,47.905,47.926,47.629,47.687,47.517,47.282,47.809,48.424,47.728,47.642,47.819,47.87,47.447,47.596,47.803,47.956,47.946,48.383,48.29,48.367,48.329,48.291,48.413,48.599,48.951,48.809,48.534,48.477,48.507,48.88,49.16,48.599,48.292,48.31,48.653,48.79,49.432,49.137,49.447,49.225,49.32,49.383,50.96,49.524,49.012,48.939,48.502,48.832,48.46,48.362,48.049,48.719,48.074,48.041,48.252,48.36,48.911,48.327,47.828,48.261,48.117,47.755,48.096,47.816,47.798,47.796,48.812,49.754,48.858,48.058,47.494,47.49,47.893,46.658,45.681,45.167,44.236,43.814,43.639,42.771,42.795,42.787,42.246,42.098,42.418,42.116,41.797,41.678,41.767,41.484,41.743,40.629,40.926,40.361,39.705,39.746,39.698,38.944,38.386,38.224,37.94,37.583,37.883,38.13,38.237,38.378,37.969,38.309,38.205,37.878,37.641,37.52,37.27,37.258,38.287,37.766,38.203,36.833,36.375,37.464,37.04,36.051,35.445,35.25,34.772,35.346,35.79,35.404,34.624,34.141,33.772,33.84,33.97,34.059,34.107,34.454,34.223,34.852,35.798,35.809,36.083,35.825,35.784,36.465,36.821,36.537,36.561,36.447,36.426,36.943,38.299,38.154,37.89,37.374,37.303,36.748,36.081,35.683,35.521,35.344,35.365,36.307,36.355,35.708,34.276,35.038,32.719,30.968,31.034,30.546,28.194,26.64,24.738,24.621,24.603,23.261,23.228,21.99,21.671,22.067,21.82,21.492,21.26,21.149,21.045,21.482,21.553,21.591,21.535,21.247,21.037,21.273,21.021,21.174,21.026,20.933,20.599,21.048,21.283,21.951,20.889,20.655,20.742,20.704,20.764,20.794,20.436,20.49,20.467,20.491,21.027,21.014,21.416,20.94,20.563,20.834,20.791,20.666,20.805,20.983,20.68,20.807,20.673,20.75,20.804,20.869,20.946,21.055,21.271,21.003,20.835,20.834,21.421,21.493,21.626,22.044,22.026,21.698,21.366,21.511,21.22,21.367,20.918,20.513,20.234,20.783,20.966,20.97,20.502,20.275,20.032,20.25,20.466,20.227,20.1,19.994,20.012,19.888,20.161,20.478,20.085,19.833,19.658,19.691,19.572,19.343,19.551,19.422,19.152,19.658,19.853,19.963,19.871,19.591,19.671,19.91,20.055,19.558,19.403,19.503,19.472,19.932,20.065,19.916,19.688,19.638,19.906,19.124,18.988,18.913,19.006,18.904,18.738,19.077,19.708,19.466,18.826,18.733,18.523,18.595,18.446,18.541,18.463,18.313,18.325,18.489,18.949,18.746,18.584,18.61,18.535,18.442,18.608,18.285,18.215,17.98,18.156,18.711,18.672,18.655
3,    Food Excl Food & Beverage Serving Services,101.502,100.919,100.78,100.721,100.384,100.593,101.272,101.138,101.222,101.403,100.752,100.693,100.724,100.691,99.917,99.731,99.601,99.707,99.116,99.58,100.2,99.29,99.275,99.683,99.2,99.093,99.096,98.836,98.663,99.06,98.324,98.27,97.743,98.236,96.886,96.308,95.937,95.762,94.909,94.474,93.877,92.892,92.396,91.528,90.98,91.647,90.501,90.262,89.824,89.672,89.31,89.114,88.906,88.963,88.454,88.435,89.188,88.557,87.917,88.06,88.009,88.275,88.1,88.499,88.797,88.41,87.949,86.573,86.976,86.817,85.968,85.817,85.891,85.625,85.346,85.128,85.083,85.064,84.994,85.246,85.436,85.294,84.784,84.773,84.758,84.725,84.385,84.71,84.424,84.093,83.984,84.005,84.627,84.187,83.673,83.682,83.713,83.419,82.968,83.442,83.121,83.329,83.164,82.921,83.377,83.592,82.65,82.458,82.367,82.524,82.033,82.262,82.19,82.188,82.285,82.182,82.507,81.986,80.703,80.511,80.669,80.394,80.214,80.042,80.059,80.089,80.263,80.313,81.209,80.741,80.273,80.115,79.891,79.732,79.566,79.359,79.193,79.281,78.918,78.771,78.75,79.496,78.225,77.81,77.575,77.392,77.256,77.218,76.888,76.872,76.49,76.404,77.629,76.819,76.119,75.802,75.683,75.617,75.588,75.479,75.235,75.136,75.023,74.923,75.097,76.618,74.978,74.481,74.291,73.974,73.682,73.512,73.581,73.211,73.337,73.029,73.793,73.286,71.953,72.001,71.815,71.647,71.581,71.339,70.929,70.985,70.832,70.672,71.138,69.971,69.655,69.742,69.687,69.456,69.237,69.423,69.401,69.495,69.506,69.763,69.803,70.311,69.536,69.376,69.09,69.048,68.807,68.588,68.039,67.522,66.71,66.281,66.569,65.492,64.881,63.742,62.902,62.474,62.092,61.858,61.051,60.592,60.12,60.312,61.568,61.136,60.049,59.71,59.538,59.562,59.545,59.632,59.509,59.369,59.149,58.753,59.05,59.976,58.803,58.629,58.594,58.275,58.316,58.277,58.2,58.23,58.145,57.973,58.714,58.28,57.968,58.065,58.072,58.664,57.015,56.855,56.608,56.559,56.374,56.517,57.083,56.708,55.865,55.58,55.404,55.387,55.198,55.243,55.244,55.611,55.3,54.542,55.292,55.997,54.908,54.726,54.618,55.12,54.713,54.877,55.044,55.185,54.927,54.778,56.321,55.568,54.682,55.348,55.036,55.141,55.603,55.583,55.614,55.848,55.766,55.392,56.153,57.739,55.489,55.29,55.149,55.214,55.816,55.605,55.916,55.903,55.876,55.9,57.843,56.51,55.657,55.676,55.524,55.517,55.798,56.115,55.925,55.845,55.561,54.499,55.49,55.303,54.093,54.775,54.389,54.577,54.605,54.802,54.977,55.275,54.817,54.845,55.508,55.955,55.226,55.299,55.381,55.644,55.617,55.502,55.379,55.453,55.251,55.238,56.775,54.766,54.644,54.292,54.704,54.37,54.643,54.621,54.126,54.14,53.499,52.993,54.917,53.11,52.765,53.274,52.812,53.06,53.795,53.645,52.584,53.018,53.015,52.948,54.637,54.059,52.907,53.056,52.883,52.624,52.586,52.857,52.751,52.385,51.487,52.049,53.178,51.338,51.443,51.085,50.62,50.291,50.717,51.138,50.668,51.211,50.739,50.5,50.642,52.32,50.985,50.616,50.562,50.701,50.992,51.53,51.214,51.318,50.773,50.538,51.227,51.152,51.911,50.342,50.038,50.141,50.669,50.51,50.8,50.893,50.366,49.66,50.578,49.312,50.188,49.391,49.021,49.138,49.748,49.868,50.393,50.479,50.164,49.469,50.197,50.442,na,na,na,na,na,na,na,na,na,na,na,na,na,na,na,na,na,na,na,na,na,na,na,na,na,na,na,na,na,na,na,na,na,na,na,na,na,na,na,na,na,na,na,na,na,na,na,na,na,na,na,na,na,na,na,na,na,na,na,na,na,na,na,na,na,na,na,na,na,na,na,na,na,na,na,na,na,na,na,na,na,na,na,na,na,na,na,na,na,na,na,na,na,na,na,na,na,na,na,na,na,na,na,na,na,na,na,na,na,na,na,na,na,na,na,na,na,na,na,na,na,na,na,na,na,na,na,na,na,na,na,na,na,na,na,na,na,na,na,na,na,na,na,na,na,na,na,na,na,na,na,na,na,na,na,na,na,na,na,na,na,na,na,na,na,na,na,na,na,na,na,na,na,na,na,na,na,na,na,na,na,na,na,na,na,na,na,na,na,na,na,na,na,na,na,na,na,na,na,na,na,na,na,na,na,na,na,na,na,na,na,na,na,na,na,na,na,na,na,na,na,na,na,na,na,na,na,na,na,na,na,na,na,na,na,na,na,na,na,na,na,na,na,na,na,na,na,na,na,na,na,na,na,na,na,na,na,na,na,na,na,na,na,na,na,na,na,na,na,na,na,na,na,na,na,na,na,na,na,na,na,na,na,na,na,na,na,na,na,na,na,na,na,na,na,na,na,na,na,na,na,na,na,na,na,na,na,na,na,na,na,na,na,na,na,na,na,na,na,na,na,na,na,na,na,na,na,na,na,na,na,na,na,na,na,na,na,na,na,na,na,na,na,na,na,na,na,na
4,        Rice & Cereal Products,101.893,101.176,100.998,101.505,101.366,101.77,102.058,101.653,101.617,101.427,101.438,101.563,101.005,100.301,99.642,100.005,99.744,99.66,99.71,99.473,98.808,98.652,98.247,98.287,98.161,97.126,96.956,96.463,96.272,96.385,95.845,95.179,94.567,94.294,93.608,92.964,92.204,91.161,90.712,90.837,90.195,89.143,89.32,88.256,87.556,87.328,87.228,87.41,87.776,86.764,86.438,86.675,86.744,86.767,86.584,86.279,86.264,86.29,85.832,85.83,86.39,86.224,86.275,86.804,87.042,87.019,86.339,85.766,85.805,84.84,85.275,85.244,84.625,84.979,84.405,84.028,84.457,84.231,84.347,83.988,84.241,84.237,83.888,84.043,83.967,83.892,83.333,83.416,83.524,83.332,82.526,82.596,81.97,81.803,81.906,82.671,82.45,81.437,81.446,82.166,81.774,82.475,82.135,82.053,82.064,81.594,81.592,81.936,81.976,82.059,80.976,81.2,81.177,81.578,81.85,81.499,81.056,81.258,80.588,80.699,80.552,80.133,80.12,80.327,80.775,80.673,80.677,80.562,79.863,80.731,79.866,80.034,80.259,79.959,79.177,79.387,79.444,79.75,79.159,79.229,78.848,78.73,79.013,78.96,79.024,78.356,78.12,78.499,78.413,78.25,78.119,77.932,77.746,77.748,77.939,77.691,77.446,76.903,77.089,77.312,77.4,77.476,77.239,77.147,76.988,76.965,76.845,76.588,76.361,76.284,75.941,76.04,75.753,75.621,75.383,75.604,75.279,75.478,75.214,75.207,75.037,74.682,74.614,74.784,74.795,74.8,74.611,74.124,73.814,73.846,73.421,73.429,73.031,72.519,72.421,73.215,72.984,73.286,73.376,73.34,73.312,73.06,73.492,73.902,73.65,73.584,72.891,72.83,72.655,71.226,67.668,66.19,64.665,64.246,63.692,63.449,61.834,61.151,60.671,60.994,60.41,59.979,59.848,59.585,59.06,59.217,59.237,59.105,58.984,59.06,58.471,58.512,58.686,58.663,58.943,58.957,58.946,58.778,58.63,58.497,58.394,58.373,57.924,58.286,58.032,57.9,58.157,58.144,57.998,57.85,na,na,na,na,na,na,na,na,na,na,na,na,na,na,na,na,na,na,na,na,na,na,na,na,na,na,na,na,na,na,na,na,na,na,na,na,na,na,na,na,na,na,na,na,na,na,na,na,na,na,na,na,na,na,na,na,na,na,na,na,na,na,na,na,na,na,na,na,na,na,na,na,na,na,na,na,na,na,na,na,na,na,na,na,na,na,na,na,na,na,na,na,na,na,na,na,na,na,na,na,na,na,na,na,na,na,na,na,na,na,na,na,na,na,na,na,na,na,na,na,na,na,na,na,na,na,na,na,na,na,na,na,na,na,na,na,na,na,na,na,na,na,na,na,na,na,na,na,na,na,na,na,na,na,na,na,na,na,na,na,na,na,na,na,na,na,na,na,na,na,na,na,na,na,na,na,na,na,na,na,na,na,na,na,na,na,na,na,na,na,na,na,na,na,na,na,na,na,na,na,na,na,na,na,na,na,na,na,na,na,na,na,na,na,na,na,na,na,na,na,na,na,na,na,na,na,na,na,na,na,na,na,na,na,na,na,na,na,na,na,na,na,na,na,na,na,na,na,na,na,na,na,na,na,na,na,na,na,na,na,na,na,na,na,na,na,na,na,na,na,na,na,na,na,na,na,na,na,na,na,na,na,na,na,na,na,na,na,na,na,na,na,na,na,na,na,na,na,na,na,na,na,na,na,na,na,na,na,na,na,na,na,na,na,na,na,na,na,na,na,na,na,na,na,na,na,na,na,na,na,na,na,na,na,na,na,na,na,na,na,na,na,na,na,na,na,na,na,na,na,na,na,na,na,na,na,na,na,na,na,na,na,na,na,na,na,na,na,na,na,na,na,na,na,na,na,na,na,na,na,na,na,na,na,na,na,na,na,na,na,na,na,na,na,na,na,na,na,na,na,na,na,na,na,na,na,na,na,na,na,na,na,na,na,na,na,na,na,na,na,na,na,na,na,na,na,na,na,na,na,na,na,na,na,na,na,na,na,na,na,na,na,na,na,na,na,na,na,na,na,na,na,na,na,na,na,na,na,na,na,na,na,na,na,na,na,na,na,na,na,na,na,na,na,na,na,na,na,na,na,na,na,na,na,na,na,na,na,na,na,na,na,na,na,na,na,na,na,na,na,na,na,na,na,na,na,na,na,na,na,na,na,na,na,na,na,na,na,na,na,na,na,na,na,na,na,na,na
5,            Rice,100.592,99.31,98.654,99.481,99.085,101.232,103.924,100.806,101.173,101.122,103.735,103.471,101.82,100.371,97.476,98.22,98.297,98.357,100.845,100.036,98.476,98.895,99.893,100.805,100.212,98.972,98.649,98.069,98.33,98.739,96.833,95.872,93.569,94.166,95.306,96.116,95.056,94.443,95.589,96.46,96.391,94.006,96.032,94.188,93.101,93.246,94.38,96.388,97.815,95.297,95.076,96.203,96.761,96.946,97.129,97.356,96.445,96.062,94.832,95.01,97.78,98.534,98.879,99.219,100.129,100.98,100.546,98.389,98.949,95.222,97.953,98.444,97.578,98.318,95.946,95.663,98.082,97.012,95.358,95.559,93.781,94.464,94.007,94.533,94.215,94.323,93.704,93.962,93.325,93.273,91.938,91.329,89.018,90.543,90.796,92.354,92.339,90.034,90.668,91.444,91.301,92.069,93.396,92.742,92.045,89.874,91.404,92.285,93.333,93.734,90.806,91.279,91.458,91.751,92.809,93.169,90.433,92.119,91.784,92.282,91.081,89.796,89.595,91.776,91.367,92.642,91.705,91.048,89.159,93.877,na,na,na,na,na,na,na,na,na,na,na,na,na,na,na,na,na,na,na,na,na,na,na,na,na,na,na,na,na,na,na,na,na,na,na,na,na,na,na,na,na,na,na,na,na,na,na,na,na,na,na,na,na,na,na,na,na,na,na,na,na,na,na,na,na,na,na,na,na,na,na,na,na,na,na,na,na,na,na,na,na,na,na,na,na,na,na,na,na,na,na,na,na,na,na,na,na,na,na,na,na,na,na,na,na,na,na,na,na,na,na,na,na,na,na,na,na,na,na,na,na,na,na,na,na,na,na,na,na,na,na,na,na,na,na,na,na,na,na,na,na,na,na,na,na,na,na,na,na,na,na,na,na,na,na,na,na,na,na,na,na,na,na,na,na,na,na,na,na,na,na,na,na,na,na,na,na,na,na,na,na,na,na,na,na,na,na,na,na,na,na,na,na,na,na,na,na,na,na,na,na,na,na,na,na,na,na,na,na,na,na,na,na,na,na,na,na,na,na,na,na,na,na,na,na,na,na,na,na,na,na,na,na,na,na,na,na,na,na,na,na,na,na,na,na,na,na,na,na,na,na,na,na,na,na,na,na,na,na,na,na,na,na,na,na,na,na,na,na,na,na,na,na,na,na,na,na,na,na,na,na,na,na,na,na,na,na,na,na,na,na,na,na,na,na,na,na,na,na,na,na,na,na,na,na,na,na,na,na,na,na,na,na,na,na,na,na,na,na,na,na,na,na,na,na,na,na,na,na,na,na,na,na,na,na,na,na,na,na,na,na,na,na,na,na,na,na,na,na,na,na,na,na,na,na,na,na,na,na,na,na,na,na,na,na,na,na,na,na,na,na,na,na,na,na,na,na,na,na,na,na,na,na,na,na,na,na,na,na,na,na,na,na,na,na,na,na,na,na,na,na,na,na,na,na,na,na,na,na,na,na,na,na,na,na,na,na,na,na,na,na,na,na,na,na,na,na,na,na,na,na,na,na,na,na,na,na,na,na,na,na,na,na,na,na,na,na,na,na,na,na,na,na,na,na,na,na,na,na,na,na,na,na,na,na,na,na,na,na,na,na,na,na,na,na,na,na,na,na,na,na,na,na,na,na,na,na,na,na,na,na,na,na,na,na,na,na,na,na,na,na,na,na,na,na,na,na,na,na,na,na,na,na,na,na,na,na,na,na,na,na,na,na,na,na,na,na,na,na,na,na,na,na,na,na,na,na,na,na,na,na,na,na,na,na,na,na,na,na,na,na,na,na,na,na,na,na,na,na,na,na,na,na,na,na,na,na,na,na,na,na,na,na,na,na,na,na,na,na,na,na,na,na,na,na,na,na,na,na,na,na,na,na,na,na,na,na,na,na,na,na,na,na,na,na,na,na,na,na,na,na,na,na,na,na,na,na,na,na,na,na,na,na,na,na,na,na,na,na,na,na,na,na,na,na,na,na,na,na,na,na,na,na,na,na,na,na,na
6,            Flour,96.674,96.698,96.196,96.341,99.481,96.152,96.755,96.888,101.482,99.844,99.806,99.863,99.854,100.435,99.917,103.38,100.175,99.457,100.132,99.475,100.192,97.318,98.279,99.873,99.191,99.85,101.112,99.885,102.403,106.1,99.702,99.418,98.179,99.023,92.071,90.439,94.737,94.762,89.971,94.328,92.037,87.334,87.079,87.79,87.504,87.397,86.896,86.922,87.538,87.394,87.736,90.758,88.615,87.695,87.479,89.224,93.285,90.092,86.884,86.478,87.098,90.049,90.705,91.682,91.824,92.52,93.375,91.799,91.076,91.637,92.214,91.952,92.394,93.399,92.175,90.836,90.083,91.98,95.617,96.054,91.103,91.017,92.651,93.977,93.398,96.664,92.899,93.157,88.151,88.631,93.97,96.034,90.803,90.572,90.633,96.344,92.367,93.012,95.955,95.642,88.833,95.337,97.611,97.802,97.244,92.15,92.62,93.678,93.162,95.589,93.095,91.631,92.335,98.346,98.335,97.612,91.757,91.13,89.431,94.419,96.503,96.376,95.467,86.96,91.313,94.209,95.54,94.725,90.499,91.585,na,na,na,na,na,na,na,na,na,na,na,na,na,na,na,na,na,na,na,na,na,na,na,na,na,na,na,na,na,na,na,na,na,na,na,na,na,na,na,na,na,na,na,na,na,na,na,na,na,na,na,na,na,na,na,na,na,na,na,na,na,na,na,na,na,na,na,na,na,na,na,na,na,na,na,na,na,na,na,na,na,na,na,na,na,na,na,na,na,na,na,na,na,na,na,na,na,na,na,na,na,na,na,na,na,na,na,na,na,na,na,na,na,na,na,na,na,na,na,na,na,na,na,na,na,na,na,na,na,na,na,na,na,na,na,na,na,na,na,na,na,na,na,na,na,na,na,na,na,na,na,na,na,na,na,na,na,na,na,na,na,na,na,na,na,na,na,na,na,na,na,na,na,na,na,na,na,na,na,na,na,na,na,na,na,na,na,na,na,na,na,na,na,na,na,na,na,na,na,na,na,na,na,na,na,na,na,na,na,na,na,na,na,na,na,na,na,na,na,na,na,na,na,na,na,na,na,na,na,na,na,na,na,na,na,na,na,na,na,na,na,na,na,na,na,na,na,na,na,na,na,na,na,na,na,na,na,na,na,na,na,na,na,na,na,na,na,na,na,na,na,na,na,na,na,na,na,na,na,na,na,na,na,na,na,na,na,na,na,na,na,na,na,na,na,na,na,na,na,na,na,na,na,na,na,na,na,na,na,na,na,na,na,na,na,na,na,na,na,na,na,na,na,na,na,na,na,na,na,na,na,na,na,na,na,na,na,na,na,na,na,na,na,na,na,na,na,na,na,na,na,na,na,na,na,na,na,na,na,na,na,na,na,na,na,na,na,na,na,na,na,na,na,na,na,na,na,na,na,na,na,na,na,na,na,na,na,na,na,na,na,na,na,na,na,na,na,na,na,na,na,na,na,na,na,na,na,na,na,na,na,na,na,na,na,na,na,na,na,na,na,na,na,na,na,na,na,na,na,na,na,na,na,na,na,na,na,na,na,na,na,na,na,na,na,na,na,na,na,na,na,na,na,na,na,na,na,na,na,na,na,na,na,na,na,na,na,na,na,na,na,na,na,na,na,na,na,na,na,na,na,na,na,na,na,na,na,na,na,na,na,na,na,na,na,na,na,na,na,na,na,na,na,na,na,na,na,na,na,na,na,na,na,na,na,na,na,na,na,na,na,na,na,na,na,na,na,na,na,na,na,na,na,na,na,na,na,na,na,na,na,na,na,na,na,na,na,na,na,na,na,na,na,na,na,na,na,na,na,na,na,na,na,na,na,na,na,na,na,na,na,na,na,na,na,na,na,na,na,na,na,na,na,na,na,na,na,na,na,na,na,na,na,na,na,na,na,na,na,na,na,na,na,na,na,na,na,na,na,na,na,na,na,na,na,na,na,na,na,na,na,na,na,na,na,na,na,na,na,na,na,na,na,na,na,na,na,na,na,na,na,na,na,na,na,na,na,na
7,            Bread,102.773,102.228,102.645,102.306,102.762,102.699,102.394,102.664,102.658,101.961,101.591,101.492,101.177,100.069,100.111,99.973,100.045,99.915,99.301,98.687,99.092,98.547,97.92,98.098,98.118,96.708,96.581,95.516,94.524,94.922,95.618,94.399,93.656,92.291,92.214,91.064,90.105,88.99,88.908,88.952,88.222,87.309,87.076,86.39,85.849,85.582,85.156,85.184,85.34,84.377,84.21,84.034,83.658,84.271,84.125,82.381,82.658,83.163,82.907,82.916,83.099,82.881,82.934,83.669,83.766,83.336,82.567,82.461,82.532,82.522,83.092,82.215,81.841,81.938,82.607,81.865,81.909,81.755,82.076,82.07,82.473,83.089,82.342,82.24,82.195,82.017,82.084,82.047,81.931,81.858,79.999,80.692,79.727,79.133,79.823,79.807,80.285,80.134,80.284,80.32,80.187,79.729,80.066,80.161,80.221,80.154,80.154,80.274,80.049,79.899,79.853,79.899,79.7,79.498,79.426,78.951,78.955,79.051,78.555,78.199,78.191,78.198,78.117,78.171,78.382,78.251,77.919,77.857,77.857,77.857,na,na,na,na,na,na,na,na,na,na,na,na,na,na,na,na,na,na,na,na,na,na,na,na,na,na,na,na,na,na,na,na,na,na,na,na,na,na,na,na,na,na,na,na,na,na,na,na,na,na,na,na,na,na,na,na,na,na,na,na,na,na,na,na,na,na,na,na,na,na,na,na,na,na,na,na,na,na,na,na,na,na,na,na,na,na,na,na,na,na,na,na,na,na,na,na,na,na,na,na,na,na,na,na,na,na,na,na,na,na,na,na,na,na,na,na,na,na,na,na,na,na,na,na,na,na,na,na,na,na,na,na,na,na,na,na,na,na,na,na,na,na,na,na,na,na,na,na,na,na,na,na,na,na,na,na,na,na,na,na,na,na,na,na,na,na,na,na,na,na,na,na,na,na,na,na,na,na,na,na,na,na,na,na,na,na,na,na,na,na,na,na,na,na,na,na,na,na,na,na,na,na,na,na,na,na,na,na,na,na,na,na,na,na,na,na,na,na,na,na,na,na,na,na,na,na,na,na,na,na,na,na,na,na,na,na,na,na,na,na,na,na,na,na,na,na,na,na,na,na,na,na,na,na,na,na,na,na,na,na,na,na,na,na,na,na,na,na,na,na,na,na,na,na,na,na,na,na,na,na,na,na,na,na,na,na,na,na,na,na,na,na,na,na,na,na,na,na,na,na,na,na,na,na,na,na,na,na,na,na,na,na,na,na,na,na,na,na,na,na,na,na,na,na,na,na,na,na,na,na,na,na,na,na,na,na,na,na,na,na,na,na,na,na,na,na,na,na,na,na,na,na,na,na,na,na,na,na,na,na,na,na,na,na,na,na,na,na,na,na,na,na,na,na,na,na,na,na,na,na,na,na,na,na,na,na,na,na,na,na,na,na,na,na,na,na,na,na,na,na,na,na,na,na,na,na,na,na,na,na,na,na,na,na,na,na,na,na,na,na,na,na,na,na,na,na,na,na,na,na,na,na,na,na,na,na,na,na,na,na,na,na,na,na,na,na,na,na,na,na,na,na,na,na,na,na,na,na,na,na,na,na,na,na,na,na,na,na,na,na,na,na,na,na,na,na,na,na,na,na,na,na,na,na,na,na,na,na,na,na,na,na,na,na,na,na,na,na,na,na,na,na,na,na,na,na,na,na,na,na,na,na,na,na,na,na,na,na,na,na,na,na,na,na,na,na,na,na,na,na,na,na,na,na,na,na,na,na,na,na,na,na,na,na,na,na,na,na,na,na,na,na,na,na,na,na,na,na,na,na,na,na,na,na,na,na,na,na,na,na,na,na,na,na,na,na,na,na,na,na,na,na,na,na,na,na,na,na,na,na,na,na,na,na,na,na,na,na,na,na,na,na,na,na,na,na,na,na,na,na,na,na,na,na,na,na,na,na,na,na,na,na,na,na,na,na,na,na,na,na,na,na,na,na,na,na,na,na,na,na,na,na,na,na,na,na,na,na
8,"            Macaroni, Noodles & Similar Pasta Products",98.865,97.223,97.486,99.955,100.685,100.558,101.002,101.143,100.95,100.381,101.442,101.889,100.421,99.548,97.417,97.888,101.117,100.79,100.79,100.658,98.639,99.405,99.882,99.511,99.763,98.366,97.672,99.861,99.269,99.43,98.982,98.625,97.847,97.991,98.699,97.677,96.007,95.789,91.592,93.058,92.975,91.031,90.594,90.99,88.831,87.778,88.774,87.705,88.066,87.2,85.041,85.711,87.811,87.645,87.613,86.715,86.736,86.46,86.506,86.224,86.324,86.172,84.604,85.463,87.347,88.231,86.975,85.294,85.736,83.702,84.785,84.94,84.809,84.242,83.308,83.098,84.164,85.03,84.46,84.405,84.218,84.455,84.199,84.897,84.895,84.228,83.539,83.924,85.25,85.883,85.978,86.138,84.619,85.148,84.963,85.233,85.253,83.558,82.546,84.339,84.512,84.974,84.525,84.684,84.274,84.667,84.789,85.411,84.879,84.511,82.98,84.036,84.123,84.586,85.096,84.402,83.876,84.131,83.812,84.096,83.396,81.214,81.204,83.142,84.693,83.812,85.177,84.428,83.952,83.74,na,na,na,na,na,na,na,na,na,na,na,na,na,na,na,na,na,na,na,na,na,na,na,na,na,na,na,na,na,na,na,na,na,na,na,na,na,na,na,na,na,na,na,na,na,na,na,na,na,na,na,na,na,na,na,na,na,na,na,na,na,na,na,na,na,na,na,na,na,na,na,na,na,na,na,na,na,na,na,na,na,na,na,na,na,na,na,na,na,na,na,na,na,na,na,na,na,na,na,na,na,na,na,na,na,na,na,na,na,na,na,na,na,na,na,na,na,na,na,na,na,na,na,na,na,na,na,na,na,na,na,na,na,na,na,na,na,na,na,na,na,na,na,na,na,na,na,na,na,na,na,na,na,na,na,na,na,na,na,na,na,na,na,na,na,na,na,na,na,na,na,na,na,na,na,na,na,na,na,na,na,na,na,na,na,na,na,na,na,na,na,na,na,na,na,na,na,na,na,na,na,na,na,na,na,na,na,na,na,na,na,na,na,na,na,na,na,na,na,na,na,na,na,na,na,na,na,na,na,na,na,na,na,na,na,na,na,na,na,na,na,na,na,na,na,na,na,na,na,na,na,na,na,na,na,na,na,na,na,na,na,na,na,na,na,na,na,na,na,na,na,na,na,na,na,na,na,na,na,na,na,na,na,na,na,na,na,na,na,na,na,na,na,na,na,na,na,na,na,na,na,na,na,na,na,na,na,na,na,na,na,na,na,na,na,na,na,na,na,na,na,na,na,na,na,na,na,na,na,na,na,na,na,na,na,na,na,na,na,na,na,na,na,na,na,na,na,na,na,na,na,na,na,na,na,na,na,na,na,na,na,na,na,na,na,na,na,na,na,na,na,na,na,na,na,na,na,na,na,na,na,na,na,na,na,na,na,na,na,na,na,na,na,na,na,na,na,na,na,na,na,na,na,na,na,na,na,na,na,na,na,na,na,na,na,na,na,na,na,na,na,na,na,na,na,na,na,na,na,na,na,na,na,na,na,na,na,na,na,na,na,na,na,na,na,na,na,na,na,na,na,na,na,na,na,na,na,na,na,na,na,na,na,na,na,na,na,na,na,na,na,na,na,na,na,na,na,na,na,na,na,na,na,na,na,na,na,na,na,na,na,na,na,na,na,na,na,na,na,na,na,na,na,na,na,na,na,na,na,na,na,na,na,na,na,na,na,na,na,na,na,na,na,na,na,na,na,na,na,na,na,na,na,na,na,na,na,na,na,na,na,na,na,na,na,na,na,na,na,na,na,na,na,na,na,na,na,na,na,na,na,na,na,na,na,na,na,na,na,na,na,na,na,na,na,na,na,na,na,na,na,na,na,na,na,na,na,na,na,na,na,na,na,na,na,na,na,na,na,na,na,na,na,na,na,na,na,na,na,na,na,na,na,na,na,na,na,na,na,na,na,na,na,na,na,na,na,na,na,na,na,na,na,na,na,na,na,na,na,na,na,na,na,na,na,na,na,na
9,            Biscuits & Cookies,104.968,102.92,100.157,102.636,100.401,102.678,103.496,102.994,103.146,104.133,101.256,102.743,101.832,101.473,97.201,98.753,97.978,99.442,100.353,100.861,98.947,99.161,99.388,98.434,99.437,99.015,98.694,98.004,98.623,97.879,97.267,97.075,97.174,97.158,97.998,95.404,94.59,94.015,93.134,92.702,92.412,91.39,90.607,88.244,86.813,86.216,86.071,86.388,86.95,85.396,84.606,84.73,85.91,85.742,84.631,85.523,85.537,85.919,85.322,84.969,85.595,84.677,85.501,86.309,86.497,86.493,85.293,84.951,84.062,83.541,83.685,83.478,81.563,81.928,80.853,79.994,81.99,82.075,81.914,79.742,82.608,81.761,81.888,81.976,80.788,80.958,79.021,79.533,81.969,80.685,80.434,80.693,80.988,80.135,79.465,81.43,80.025,77.888,77.366,80.435,79.642,82.7,77.903,78.834,78.897,78.785,78.698,78.931,78.168,79.518,77.338,77.958,77.907,79.677,79.525,78.969,78.337,78.264,76.352,76.835,76.645,76.508,77.539,76.355,77.793,76.445,77.956,78.228,76.1,77.493,na,na,na,na,na,na,na,na,na,na,na,na,na,na,na,na,na,na,na,na,na,na,na,na,na,na,na,na,na,na,na,na,na,na,na,na,na,na,na,na,na,na,na,na,na,na,na,na,na,na,na,na,na,na,na,na,na,na,na,na,na,na,na,na,na,na,na,na,na,na,na,na,na,na,na,na,na,na,na,na,na,na,na,na,na,na,na,na,na,na,na,na,na,na,na,na,na,na,na,na,na,na,na,na,na,na,na,na,na,na,na,na,na,na,na,na,na,na,na,na,na,na,na,na,na,na,na,na,na,na,na,na,na,na,na,na,na,na,na,na,na,na,na,na,na,na,na,na,na,na,na,na,na,na,na,na,na,na,na,na,na,na,na,na,na,na,na,na,na,na,na,na,na,na,na,na,na,na,na,na,na,na,na,na,na,na,na,na,na,na,na,na,na,na,na,na,na,na,na,na,na,na,na,na,na,na,na,na,na,na,na,na,na,na,na,na,na,na,na,na,na,na,na,na,na,na,na,na,na,na,na,na,na,na,na,na,na,na,na,na,na,na,na,na,na,na,na,na,na,na,na,na,na,na,na,na,na,na,na,na,na,na,na,na,na,na,na,na,na,na,na,na,na,na,na,na,na,na,na,na,na,na,na,na,na,na,na,na,na,na,na,na,na,na,na,na,na,na,na,na,na,na,na,na,na,na,na,na,na,na,na,na,na,na,na,na,na,na,na,na,na,na,na,na,na,na,na,na,na,na,na,na,na,na,na,na,na,na,na,na,na,na,na,na,na,na,na,na,na,na,na,na,na,na,na,na,na,na,na,na,na,na,na,na,na,na,na,na,na,na,na,na,na,na,na,na,na,na,na,na,na,na,na,na,na,na,na,na,na,na,na,na,na,na,na,na,na,na,na,na,na,na,na,na,na,na,na,na,na,na,na,na,na,na,na,na,na,na,na,na,na,na,na,na,na,na,na,na,na,na,na,na,na,na,na,na,na,na,na,na,na,na,na,na,na,na,na,na,na,na,na,na,na,na,na,na,na,na,na,na,na,na,na,na,na,na,na,na,na,na,na,na,na,na,na,na,na,na,na,na,na,na,na,na,na,na,na,na,na,na,na,na,na,na,na,na,na,na,na,na,na,na,na,na,na,na,na,na,na,na,na,na,na,na,na,na,na,na,na,na,na,na,na,na,na,na,na,na,na,na,na,na,na,na,na,na,na,na,na,na,na,na,na,na,na,na,na,na,na,na,na,na,na,na,na,na,na,na,na,na,na,na,na,na,na,na,na,na,na,na,na,na,na,na,na,na,na,na,na,na,na,na,na,na,na,na,na,na,na,na,na,na,na,na,na,na,na,na,na,na,na,na,na,na,na,na,na,na,na,na,na,na,na,na,na,na,na,na,na,na,na,na,na,na,na,na,na,na,na,na,na,na,na,na,na,na,na,na,na,na,na,na,na,na,na,na,na,na
10,            Cakes & Pastries,102.294,102.125,102.096,102.004,101.667,101.732,101.62,101.256,100.9,101.163,100.94,100.955,101.03,100.911,101.182,101.226,99.405,99.402,98.982,98.976,98.544,98.449,96.528,96.69,96.72,95.845,95.787,94.959,94.773,94.725,94.746,94.806,94.68,94.482,91.764,91.831,91.599,89.861,89.659,89.611,88.504,88.257,88.662,87.089,86.922,86.943,86.155,85.971,86.066,85.669,85.85,85.839,85.432,85.194,85.084,85.297,85.159,85.036,84.72,84.829,84.929,84.616,84.74,84.922,84.681,84.069,83.908,83.646,83.486,83.099,82.62,82.798,82.569,83.133,82.496,82.548,81.875,81.759,82.194,81.775,82,81.803,81.257,81.309,81.977,81.941,81.462,81.306,81.19,80.982,80.321,80.144,80.366,79.957,79.79,80.283,80.093,79.18,79.36,79.296,79.145,79.457,79.157,78.835,78.896,78.841,78.2,78.498,78.552,78.342,78.086,77.999,77.689,78.058,78.21,78.058,78.014,77.942,77.509,77.794,77.837,78.002,77.769,77.858,77.895,77.532,77.105,76.996,77.053,76.829,na,na,na,na,na,na,na,na,na,na,na,na,na,na,na,na,na,na,na,na,na,na,na,na,na,na,na,na,na,na,na,na,na,na,na,na,na,na,na,na,na,na,na,na,na,na,na,na,na,na,na,na,na,na,na,na,na,na,na,na,na,na,na,na,na,na,na,na,na,na,na,na,na,na,na,na,na,na,na,na,na,na,na,na,na,na,na,na,na,na,na,na,na,na,na,na,na,na,na,na,na,na,na,na,na,na,na,na,na,na,na,na,na,na,na,na,na,na,na,na,na,na,na,na,na,na,na,na,na,na,na,na,na,na,na,na,na,na,na,na,na,na,na,na,na,na,na,na,na,na,na,na,na,na,na,na,na,na,na,na,na,na,na,na,na,na,na,na,na,na,na,na,na,na,na,na,na,na,na,na,na,na,na,na,na,na,na,na,na,na,na,na,na,na,na,na,na,na,na,na,na,na,na,na,na,na,na,na,na,na,na,na,na,na,na,na,na,na,na,na,na,na,na,na,na,na,na,na,na,na,na,na,na,na,na,na,na,na,na,na,na,na,na,na,na,na,na,na,na,na,na,na,na,na,na,na,na,na,na,na,na,na,na,na,na,na,na,na,na,na,na,na,na,na,na,na,na,na,na,na,na,na,na,na,na,na,na,na,na,na,na,na,na,na,na,na,na,na,na,na,na,na,na,na,na,na,na,na,na,na,na,na,na,na,na,na,na,na,na,na,na,na,na,na,na,na,na,na,na,na,na,na,na,na,na,na,na,na,na,na,na,na,na,na,na,na,na,na,na,na,na,na,na,na,na,na,na,na,na,na,na,na,na,na,na,na,na,na,na,na,na,na,na,na,na,na,na,na,na,na,na,na,na,na,na,na,na,na,na,na,na,na,na,na,na,na,na,na,na,na,na,na,na,na,na,na,na,na,na,na,na,na,na,na,na,na,na,na,na,na,na,na,na,na,na,na,na,na,na,na,na,na,na,na,na,na,na,na,na,na,na,na,na,na,na,na,na,na,na,na,na,na,na,na,na,na,na,na,na,na,na,na,na,na,na,na,na,na,na,na,na,na,na,na,na,na,na,na,na,na,na,na,na,na,na,na,na,na,na,na,na,na,na,na,na,na,na,na,na,na,na,na,na,na,na,na,na,na,na,na,na,na,na,na,na,na,na,na,na,na,na,na,na,na,na,na,na,na,na,na,na,na,na,na,na,na,na,na,na,na,na,na,na,na,na,na,na,na,na,na,na,na,na,na,na,na,na,na,na,na,na,na,na,na,na,na,na,na,na,na,na,na,na,na,na,na,na,na,na,na,na,na,na,na,na,na,na,na,na,na,na,na,na,na,na,na,na,na,na,na,na,na,na,na,na,na,na,na,na,na,na,na,na,na,na,na,na,na,na,na,na,na,na,na,na,na,na,na,na,na,na,na,na,na,na,na,na,na,na,na,na,na,na,na,na,na,na,na
11,            Breakfast Cereals,99.088,98.086,97.735,98.632,98.559,99.195,99.953,99.578,97.14,98.888,100.35,99.733,99.677,99.599,100.69,101.171,101.576,100.382,100.634,101.092,98.603,96.492,98.85,97.874,97.816,97.535,97.598,98.338,99.189,98.891,91.915,89.793,90.647,91.252,89.672,88.257,88.188,87.722,88.932,84.093,83.709,83.256,82.174,83.68,83.523,83.478,84.688,85.901,84.545,84.436,85.235,85.301,81.823,81.151,81.532,82.728,83.432,83.996,83.534,83.86,84.071,82.054,83.497,83.428,81.685,82.717,81.51,82.883,83.455,81.867,80.824,82.218,82.617,82.463,81.606,82.354,79.606,79.395,81.075,81.03,82.98,79.424,83.229,82.806,81.824,80.717,79.982,80.423,79.968,79.357,79.585,80.235,81.507,80.15,80.072,81.417,80.355,81.539,79.285,80.684,78.395,81.454,82.422,82.371,84.871,84.111,82.005,83.04,83.527,82.871,81.105,80.02,81.762,81.451,81.804,82.702,84.975,84.083,83.187,80.615,82.842,81.645,81.464,77.284,79.028,80.687,82.619,83.331,81.728,83.861,na,na,na,na,na,na,na,na,na,na,na,na,na,na,na,na,na,na,na,na,na,na,na,na,na,na,na,na,na,na,na,na,na,na,na,na,na,na,na,na,na,na,na,na,na,na,na,na,na,na,na,na,na,na,na,na,na,na,na,na,na,na,na,na,na,na,na,na,na,na,na,na,na,na,na,na,na,na,na,na,na,na,na,na,na,na,na,na,na,na,na,na,na,na,na,na,na,na,na,na,na,na,na,na,na,na,na,na,na,na,na,na,na,na,na,na,na,na,na,na,na,na,na,na,na,na,na,na,na,na,na,na,na,na,na,na,na,na,na,na,na,na,na,na,na,na,na,na,na,na,na,na,na,na,na,na,na,na,na,na,na,na,na,na,na,na,na,na,na,na,na,na,na,na,na,na,na,na,na,na,na,na,na,na,na,na,na,na,na,na,na,na,na,na,na,na,na,na,na,na,na,na,na,na,na,na,na,na,na,na,na,na,na,na,na,na,na,na,na,na,na,na,na,na,na,na,na,na,na,na,na,na,na,na,na,na,na,na,na,na,na,na,na,na,na,na,na,na,na,na,na,na,na,na,na,na,na,na,na,na,na,na,na,na,na,na,na,na,na,na,na,na,na,na,na,na,na,na,na,na,na,na,na,na,na,na,na,na,na,na,na,na,na,na,na,na,na,na,na,na,na,na,na,na,na,na,na,na,na,na,na,na,na,na,na,na,na,na,na,na,na,na,na,na,na,na,na,na,na,na,na,na,na,na,na,na,na,na,na,na,na,na,na,na,na,na,na,na,na,na,na,na,na,na,na,na,na,na,na,na,na,na,na,na,na,na,na,na,na,na,na,na,na,na,na,na,na,na,na,na,na,na,na,na,na,na,na,na,na,na,na,na,na,na,na,na,na,na,na,na,na,na,na,na,na,na,na,na,na,na,na,na,na,na,na,na,na,na,na,na,na,na,na,na,na,na,na,na,na,na,na,na,na,na,na,na,na,na,na,na,na,na,na,na,na,na,na,na,na,na,na,na,na,na,na,na,na,na,na,na,na,na,na,na,na,na,na,na,na,na,na,na,na,na,na,na,na,na,na,na,na,na,na,na,na,na,na,na,na,na,na,na,na,na,na,na,na,na,na,na,na,na,na,na,na,na,na,na,na,na,na,na,na,na,na,na,na,na,na,na,na,na,na,na,na,na,na,na,na,na,na,na,na,na,na,na,na,na,na,na,na,na,na,na,na,na,na,na,na,na,na,na,na,na,na,na,na,na,na,na,na,na,na,na,na,na,na,na,na,na,na,na,na,na,na,na,na,na,na,na,na,na,na,na,na,na,na,na,na,na,na,na,na,na,na,na,na,na,na,na,na,na,na,na,na,na,na,na,na,na,na,na,na,na,na,na,na,na,na,na,na,na,na,na,na,na,na,na,na,na,na,na,na,na,na,na,na,na,na,na,na,na,na,na,na,na,na,na
12,            Other Cereal Products Nec,99.8,100.162,101.044,102.996,102.048,101.894,100.577,101.649,103.135,99.08,99.401,100.139,97.602,95.538,99.233,100.731,104.535,101.384,100.821,100.852,99.647,100.118,101.895,100.346,92.566,91.406,91.709,92.527,93.445,92.852,90.762,87.092,87.441,89.131,89.03,89.076,85.242,84.659,83.969,84.322,84.153,83.728,83.674,85.854,86.798,86.221,86.11,84.767,85.854,85.732,83.66,84.056,85.471,84.135,83.667,83.467,83.212,82.647,83.099,83.088,82.662,83.605,81.057,82.647,83.422,85.275,81.9,82.38,84.336,82.918,80.689,83.23,78.76,80.765,81.76,80.442,82.456,78.084,81.899,81.729,82.546,81.548,80.507,80.905,80.204,80.148,80.618,80.303,78.887,79.233,80.058,78.495,79.227,78.898,79.603,79.928,78.972,78.825,78.961,80.21,79.003,79.642,79.953,78.937,79.771,78.843,79.264,78.374,79.684,79.225,77.429,78.869,79.508,79.159,80.426,77.146,79.671,78.837,77.527,77.233,77.377,76.499,76.519,78.065,78.814,78.576,78.138,79.382,78.681,78.252,na,na,na,na,na,na,na,na,na,na,na,na,na,na,na,na,na,na,na,na,na,na,na,na,na,na,na,na,na,na,na,na,na,na,na,na,na,na,na,na,na,na,na,na,na,na,na,na,na,na,na,na,na,na,na,na,na,na,na,na,na,na,na,na,na,na,na,na,na,na,na,na,na,na,na,na,na,na,na,na,na,na,na,na,na,na,na,na,na,na,na,na,na,na,na,na,na,na,na,na,na,na,na,na,na,na,na,na,na,na,na,na,na,na,na,na,na,na,na,na,na,na,na,na,na,na,na,na,na,na,na,na,na,na,na,na,na,na,na,na,na,na,na,na,na,na,na,na,na,na,na,na,na,na,na,na,na,na,na,na,na,na,na,na,na,na,na,na,na,na,na,na,na,na,na,na,na,na,na,na,na,na,na,na,na,na,na,na,na,na,na,na,na,na,na,na,na,na,na,na,na,na,na,na,na,na,na,na,na,na,na,na,na,na,na,na,na,na,na,na,na,na,na,na,na,na,na,na,na,na,na,na,na,na,na,na,na,na,na,na,na,na,na,na,na,na,na,na,na,na,na,na,na,na,na,na,na,na,na,na,na,na,na,na,na,na,na,na,na,na,na,na,na,na,na,na,na,na,na,na,na,na,na,na,na,na,na,na,na,na,na,na,na,na,na,na,na,na,na,na,na,na,na,na,na,na,na,na,na,na,na,na,na,na,na,na,na,na,na,na,na,na,na,na,na,na,na,na,na,na,na,na,na,na,na,na,na,na,na,na,na,na,na,na,na,na,na,na,na,na,na,na,na,na,na,na,na,na,na,na,na,na,na,na,na,na,na,na,na,na,na,na,na,na,na,na,na,na,na,na,na,na,na,na,na,na,na,na,na,na,na,na,na,na,na,na,na,na,na,na,na,na,na,na,na,na,na,na,na,na,na,na,na,na,na,na,na,na,na,na,na,na,na,na,na,na,na,na,na,na,na,na,na,na,na,na,na,na,na,na,na,na,na,na,na,na,na,na,na,na,na,na,na,na,na,na,na,na,na,na,na,na,na,na,na,na,na,na,na,na,na,na,na,na,na,na,na,na,na,na,na,na,na,na,na,na,na,na,na,na,na,na,na,na,na,na,na,na,na,na,na,na,na,na,na,na,na,na,na,na,na,na,na,na,na,na,na,na,na,na,na,na,na,na,na,na,na,na,na,na,na,na,na,na,na,na,na,na,na,na,na,na,na,na,na,na,na,na,na,na,na,na,na,na,na,na,na,na,na,na,na,na,na,na,na,na,na,na,na,na,na,na,na,na,na,na,na,na,na,na,na,na,na,na,na,na,na,na,na,na,na,na,na,na,na,na,na,na,na,na,na,na,na,na,na,na,na,na,na,na,na,na,na,na,na,na,na,na,na,na,na,na,na,na,na,na,na,na,na,na,na,na,na,na,na,na,na,na,na,na,na,na,na,na,na,na,na,na
13,        Meat,101.414,100.94,100.321,100.344,100.015,100.476,100.561,100.303,99.823,99.916,99.252,99.854,100.424,100.689,100.636,99.552,99.61,99.696,99.678,100.229,100.339,100.043,100.496,100.718,99.992,100.002,99.684,100.385,100.468,100.653,99.708,99.063,98.873,100.014,99.379,99.377,98.734,98.012,96.726,95.152,94.276,91.115,89.946,88.283,87.934,87.057,86.636,86.308,85.626,86.044,85.57,86.09,85.589,85.081,85.022,85.217,85.297,85.042,84.749,84.972,84.688,85.784,85.965,86.514,87.127,87.411,86.458,84.58,83.558,82.912,81.701,81.412,81.47,81.074,81.108,80.64,80.363,80.007,80.506,80.839,80.878,80.502,80.939,80.774,80.85,80.734,80.345,81.2,80.82,80.594,80.895,80.234,81.18,81.004,81.561,81.064,81.132,80.787,81.005,80.672,80.425,80.547,80.71,80.562,80.905,80.872,80.708,80.567,80.309,80.928,80.034,80.127,80.107,80.051,80.217,80.61,80.629,80.371,78.758,79.187,78.517,78.312,77.746,77.748,78.882,79.046,78.805,78.803,79.607,78.65,78.481,78.639,78.299,78.07,78.017,78.031,77.78,78.135,77.77,78.351,78.231,77.944,77.15,77.526,77.081,77.283,76.834,76.781,76.645,76.513,76.27,76.244,77.237,76.289,76.217,76.311,76.317,76.33,76.285,76.196,76.244,76.071,75.972,75.94,76.126,76.758,75.463,74.857,75.033,74.875,74.915,74.747,74.742,74.799,74.663,74.362,75.24,74.02,73.335,73.29,73.249,72.908,72.826,72.95,72.517,72.593,72.281,72.248,72.423,72.076,71.527,71.64,72.171,71.428,71.203,71.265,71.072,71.522,71.262,71.378,71.524,71.628,69.939,69.031,68.745,69.024,68.71,68.47,67.546,66.713,66.593,66.925,67.493,66.879,66.156,63.846,62.688,61.247,60.673,60.249,59.73,59.848,60.063,60.265,61.046,59.815,59.717,59.834,59.465,59.598,59.704,59.86,60.053,60.132,59.838,59.729,59.996,60.358,59.91,59.794,59.648,58.707,58.568,58.571,58.621,58.878,58.878,59.286,59.887,58.878,na,na,na,na,na,na,na,na,na,na,na,na,na,na,na,na,na,na,na,na,na,na,na,na,na,na,na,na,na,na,na,na,na,na,na,na,na,na,na,na,na,na,na,na,na,na,na,na,na,na,na,na,na,na,na,na,na,na,na,na,na,na,na,na,na,na,na,na,na,na,na,na,na,na,na,na,na,na,na,na,na,na,na,na,na,na,na,na,na,na,na,na,na,na,na,na,na,na,na,na,na,na,na,na,na,na,na,na,na,na,na,na,na,na,na,na,na,na,na,na,na,na,na,na,na,na,na,na,na,na,na,na,na,na,na,na,na,na,na,na,na,na,na,na,na,na,na,na,na,na,na,na,na,na,na,na,na,na,na,na,na,na,na,na,na,na,na,na,na,na,na,na,na,na,na,na,na,na,na,na,na,na,na,na,na,na,na,na,na,na,na,na,na,na,na,na,na,na,na,na,na,na,na,na,na,na,na,na,na,na,na,na,na,na,na,na,na,na,na,na,na,na,na,na,na,na,na,na,na,na,na,na,na,na,na,na,na,na,na,na,na,na,na,na,na,na,na,na,na,na,na,na,na,na,na,na,na,na,na,na,na,na,na,na,na,na,na,na,na,na,na,na,na,na,na,na,na,na,na,na,na,na,na,na,na,na,na,na,na,na,na,na,na,na,na,na,na,na,na,na,na,na,na,na,na,na,na,na,na,na,na,na,na,na,na,na,na,na,na,na,na,na,na,na,na,na,na,na,na,na,na,na,na,na,na,na,na,na,na,na,na,na,na,na,na,na,na,na,na,na,na,na,na,na,na,na,na,na,na,na,na,na,na,na,na,na,na,na,na,na,na,na,na,na,na,na,na,na,na,na,na,na,na,na,na,na,na,na,na,na,na,na,na,na,na,na,na,na,na,na,na,na,na,na,na,na,na,na,na,na,na,na,na,na,na,na,na,na,na,na,na,na,na,na,na,na,na,na,na,na,na,na,na,na,na,na,na,na,na,na,na,na,na,na,na,na,na,na,na,na,na,na,na,na,na,na,na,na,na,na,na,na,na,na,na,na,na,na,na,na,na,na,na,na,na,na,na,na,na,na,na,na,na,na,na,na,na,na,na,na,na,na,na,na,na,na,na,na,na,na,na,na,na,na,na,na,na,na,na,na,na,na,na,na,na,na,na,na,na,na,na,na,na,na,na,na,na,na
14,"            Pork, Chilled Or Frozen",101.096,99.36,99.347,99.835,99.596,100.071,100.169,100.482,100.584,100.509,99.303,99.619,100.475,99.746,100.267,98.956,99.1,99.529,99.874,100.565,101.393,101.175,102.59,102.426,101.506,101.751,102.258,101.628,102.254,101.416,97.698,97.737,97.286,97.576,96.866,96.815,95.778,96.202,95.569,95.053,95.781,92.932,93.537,94.809,94.943,94.426,94.111,93.617,94.65,94.036,93.43,93.896,93.48,93.441,93.53,92.7,92.782,92.795,92.217,92.847,92.074,95.448,96.084,95.59,96.893,97.284,95.548,93.08,90.948,90.699,87.937,86.258,86.73,86.266,86.568,85.796,86.479,86.089,86.194,86.67,86.971,86.588,86.896,86.446,86.899,87.013,86.508,87.172,87.34,86.619,86.859,86.682,87.871,87.162,87.258,86.984,86.725,87.037,86.963,86.796,86.627,86.398,86.421,86.703,87.409,87.567,87.011,86.705,86.406,86.657,86.692,86.845,86.776,86.239,86.368,86.682,88.073,86.779,84.918,85.049,84.366,84.04,83.586,82.355,84.567,84.411,84.2,84.032,85.94,84.087,na,na,na,na,na,na,na,na,na,na,na,na,na,na,na,na,na,na,na,na,na,na,na,na,na,na,na,na,na,na,na,na,na,na,na,na,na,na,na,na,na,na,na,na,na,na,na,na,na,na,na,na,na,na,na,na,na,na,na,na,na,na,na,na,na,na,na,na,na,na,na,na,na,na,na,na,na,na,na,na,na,na,na,na,na,na,na,na,na,na,na,na,na,na,na,na,na,na,na,na,na,na,na,na,na,na,na,na,na,na,na,na,na,na,na,na,na,na,na,na,na,na,na,na,na,na,na,na,na,na,na,na,na,na,na,na,na,na,na,na,na,na,na,na,na,na,na,na,na,na,na,na,na,na,na,na,na,na,na,na,na,na,na,na,na,na,na,na,na,na,na,na,na,na,na,na,na,na,na,na,na,na,na,na,na,na,na,na,na,na,na,na,na,na,na,na,na,na,na,na,na,na,na,na,na,na,na,na,na,na,na,na,na,na,na,na,na,na,na,na,na,na,na,na,na,na,na,na,na,na,na,na,na,na,na,na,na,na,na,na,na,na,na,na,na,na,na,na,na,na,na,na,na,na,na,na,na,na,na,na,na,na,na,na,na,na,na,na,na,na,na,na,na,na,na,na,na,na,na,na,na,na,na,na,na,na,na,na,na,na,na,na,na,na,na,na,na,na,na,na,na,na,na,na,na,na,na,na,na,na,na,na,na,na,na,na,na,na,na,na,na,na,na,na,na,na,na,na,na,na,na,na,na,na,na,na,na,na,na,na,na,na,na,na,na,na,na,na,na,na,na,na,na,na,na,na,na,na,na,na,na,na,na,na,na,na,na,na,na,na,na,na,na,na,na,na,na,na,na,na,na,na,na,na,na,na,na,na,na,na,na,na,na,na,na,na,na,na,na,na,na,na,na,na,na,na,na,na,na,na,na,na,na,na,na,na,na,na,na,na,na,na,na,na,na,na,na,na,na,na,na,na,na,na,na,na,na,na,na,na,na,na,na,na,na,na,na,na,na,na,na,na,na,na,na,na,na,na,na,na,na,na,na,na,na,na,na,na,na,na,na,na,na,na,na,na,na,na,na,na,na,na,na,na,na,na,na,na,na,na,na,na,na,na,na,na,na,na,na,na,na,na,na,na,na,na,na,na,na,na,na,na,na,na,na,na,na,na,na,na,na,na,na,na,na,na,na,na,na,na,na,na,na,na,na,na,na,na,na,na,na,na,na,na,na,na,na,na,na,na,na,na,na,na,na,na,na,na,na,na,na,na,na,na,na,na,na,na,na,na,na,na,na,na,na,na,na,na,na,na,na,na,na,na,na,na,na,na,na,na,na,na,na,na,na,na,na,na,na,na,na,na,na,na,na,na,na,na,na,na,na,na,na,na,na,na,na,na,na,na,na,na,na,na,na,na,na,na,na,na,na,na,na,na,na,na,na,na,na,na,na,na,na,na,na,na,na,na
15,"            Beef, Chilled Or Frozen",107.864,108.129,107.783,105.38,104.449,106.246,105.484,103.384,101.35,101.081,99.543,100.557,102.273,105.149,102.656,100.652,99.513,96.091,97.907,99.116,99.477,97.066,99.993,100.275,97.431,97.874,95.395,97.666,98.436,98.912,98.287,93.298,92.777,96.956,97.992,97.776,96.111,98.086,95.113,93.386,91.334,96.943,95.2,93.234,93.335,92.727,92.391,92.096,89.334,90.958,91.221,90.482,89.937,89.393,90.313,89.887,90.189,87.547,86.355,86.731,85.47,84.934,85.504,87.753,86.698,88.097,87.846,86.794,87.335,86.601,85.323,84.511,84.587,84.302,83.8,83.61,82.971,82.435,83.49,82.568,83.925,83.435,82.616,82.355,81.724,81.18,80.194,84.873,84.633,84.947,84.946,83.488,84.738,85.919,85.995,84.552,84.923,83.719,84.382,83.563,83.321,84.421,84.329,83.195,83.673,84.209,83.104,83.614,82.396,82.778,82.115,81.806,82.261,80.954,81.57,82.529,82.304,81.081,80.088,81.729,80.42,82.053,80.869,81.569,79.923,80.898,79.535,82.505,77.877,79.886,na,na,na,na,na,na,na,na,na,na,na,na,na,na,na,na,na,na,na,na,na,na,na,na,na,na,na,na,na,na,na,na,na,na,na,na,na,na,na,na,na,na,na,na,na,na,na,na,na,na,na,na,na,na,na,na,na,na,na,na,na,na,na,na,na,na,na,na,na,na,na,na,na,na,na,na,na,na,na,na,na,na,na,na,na,na,na,na,na,na,na,na,na,na,na,na,na,na,na,na,na,na,na,na,na,na,na,na,na,na,na,na,na,na,na,na,na,na,na,na,na,na,na,na,na,na,na,na,na,na,na,na,na,na,na,na,na,na,na,na,na,na,na,na,na,na,na,na,na,na,na,na,na,na,na,na,na,na,na,na,na,na,na,na,na,na,na,na,na,na,na,na,na,na,na,na,na,na,na,na,na,na,na,na,na,na,na,na,na,na,na,na,na,na,na,na,na,na,na,na,na,na,na,na,na,na,na,na,na,na,na,na,na,na,na,na,na,na,na,na,na,na,na,na,na,na,na,na,na,na,na,na,na,na,na,na,na,na,na,na,na,na,na,na,na,na,na,na,na,na,na,na,na,na,na,na,na,na,na,na,na,na,na,na,na,na,na,na,na,na,na,na,na,na,na,na,na,na,na,na,na,na,na,na,na,na,na,na,na,na,na,na,na,na,na,na,na,na,na,na,na,na,na,na,na,na,na,na,na,na,na,na,na,na,na,na,na,na,na,na,na,na,na,na,na,na,na,na,na,na,na,na,na,na,na,na,na,na,na,na,na,na,na,na,na,na,na,na,na,na,na,na,na,na,na,na,na,na,na,na,na,na,na,na,na,na,na,na,na,na,na,na,na,na,na,na,na,na,na,na,na,na,na,na,na,na,na,na,na,na,na,na,na,na,na,na,na,na,na,na,na,na,na,na,na,na,na,na,na,na,na,na,na,na,na,na,na,na,na,na,na,na,na,na,na,na,na,na,na,na,na,na,na,na,na,na,na,na,na,na,na,na,na,na,na,na,na,na,na,na,na,na,na,na,na,na,na,na,na,na,na,na,na,na,na,na,na,na,na,na,na,na,na,na,na,na,na,na,na,na,na,na,na,na,na,na,na,na,na,na,na,na,na,na,na,na,na,na,na,na,na,na,na,na,na,na,na,na,na,na,na,na,na,na,na,na,na,na,na,na,na,na,na,na,na,na,na,na,na,na,na,na,na,na,na,na,na,na,na,na,na,na,na,na,na,na,na,na,na,na,na,na,na,na,na,na,na,na,na,na,na,na,na,na,na,na,na,na,na,na,na,na,na,na,na,na,na,na,na,na,na,na,na,na,na,na,na,na,na,na,na,na,na,na,na,na,na,na,na,na,na,na,na,na,na,na,na,na,na,na,na,na,na,na,na,na,na,na,na,na,na,na,na,na,na,na,na,na,na,na,na,na,na,na,na,na,na,na,na,na,na,na,na,na,na,na,na,na
16,"            Mutton, Chilled Or Frozen",106.557,111.415,103.533,106.602,103.987,99.314,101.293,99.522,100.653,94.942,98.605,100.507,95.066,104.193,101.155,94.904,99.951,99.961,99.125,101.857,102.557,102.121,103.489,104.262,102.807,104.055,99.05,95.039,95.017,102.475,104.078,95.869,99.821,101.9,92.673,101.212,100.249,103.385,95.869,95.944,91.86,93.773,89.764,91.197,87.231,88.476,87.203,87.16,80.819,86.457,88.531,88.088,84.628,76.696,73.854,82.775,80.391,83.218,82.962,81.566,83.778,83.778,83.778,86.635,85.119,85.97,85.97,85.97,84.013,82.758,80.154,80.486,79.822,79.158,77.018,76.169,74.97,73.377,74.71,75.566,76.374,71.269,75.585,76.261,76.281,74.503,73.642,73.637,73.414,73.473,73.395,73.104,71.072,72.243,72.178,72.315,72.227,72.254,72.166,72.364,70.788,71.508,71.427,71.555,71.392,71.369,71.457,72.13,71.474,71.165,71.295,72.21,71.447,70.7,70.663,70.458,70.396,70.518,70.553,71.701,71.992,70.781,72.032,71.879,71.903,71.969,72.618,71.365,71.171,70.834,na,na,na,na,na,na,na,na,na,na,na,na,na,na,na,na,na,na,na,na,na,na,na,na,na,na,na,na,na,na,na,na,na,na,na,na,na,na,na,na,na,na,na,na,na,na,na,na,na,na,na,na,na,na,na,na,na,na,na,na,na,na,na,na,na,na,na,na,na,na,na,na,na,na,na,na,na,na,na,na,na,na,na,na,na,na,na,na,na,na,na,na,na,na,na,na,na,na,na,na,na,na,na,na,na,na,na,na,na,na,na,na,na,na,na,na,na,na,na,na,na,na,na,na,na,na,na,na,na,na,na,na,na,na,na,na,na,na,na,na,na,na,na,na,na,na,na,na,na,na,na,na,na,na,na,na,na,na,na,na,na,na,na,na,na,na,na,na,na,na,na,na,na,na,na,na,na,na,na,na,na,na,na,na,na,na,na,na,na,na,na,na,na,na,na,na,na,na,na,na,na,na,na,na,na,na,na,na,na,na,na,na,na,na,na,na,na,na,na,na,na,na,na,na,na,na,na,na,na,na,na,na,na,na,na,na,na,na,na,na,na,na,na,na,na,na,na,na,na,na,na,na,na,na,na,na,na,na,na,na,na,na,na,na,na,na,na,na,na,na,na,na,na,na,na,na,na,na,na,na,na,na,na,na,na,na,na,na,na,na,na,na,na,na,na,na,na,na,na,na,na,na,na,na,na,na,na,na,na,na,na,na,na,na,na,na,na,na,na,na,na,na,na,na,na,na,na,na,na,na,na,na,na,na,na,na,na,na,na,na,na,na,na,na,na,na,na,na,na,na,na,na,na,na,na,na,na,na,na,na,na,na,na,na,na,na,na,na,na,na,na,na,na,na,na,na,na,na,na,na,na,na,na,na,na,na,na,na,na,na,na,na,na,na,na,na,na,na,na,na,na,na,na,na,na,na,na,na,na,na,na,na,na,na,na,na,na,na,na,na,na,na,na,na,na,na,na,na,na,na,na,na,na,na,na,na,na,na,na,na,na,na,na,na,na,na,na,na,na,na,na,na,na,na,na,na,na,na,na,na,na,na,na,na,na,na,na,na,na,na,na,na,na,na,na,na,na,na,na,na,na,na,na,na,na,na,na,na,na,na,na,na,na,na,na,na,na,na,na,na,na,na,na,na,na,na,na,na,na,na,na,na,na,na,na,na,na,na,na,na,na,na,na,na,na,na,na,na,na,na,na,na,na,na,na,na,na,na,na,na,na,na,na,na,na,na,na,na,na,na,na,na,na,na,na,na,na,na,na,na,na,na,na,na,na,na,na,na,na,na,na,na,na,na,na,na,na,na,na,na,na,na,na,na,na,na,na,na,na,na,na,na,na,na,na,na,na,na,na,na,na,na,na,na,na,na,na,na,na,na,na,na,na,na,na,na,na,na,na,na,na,na,na,na,na,na,na,na,na,na,na,na,na,na,na,na,na,na,na,na,na,na,na,na,na,na,na,na
17,"            Poultry, Chilled Or Frozen",99.559,99.616,99.177,99.095,99.03,99.629,99.673,98.96,98.683,99.191,98.796,99.649,100.365,99.838,100.489,100.106,99.845,100.68,100.204,100.121,99.715,100.194,99.371,100.726,99.459,99.836,99.968,101.461,101.35,101.852,102.752,103.421,103.24,103.84,104.329,104.055,103.796,100.598,99.712,96.655,94.9,87.31,84.334,78.295,78.037,76.192,75.555,75.243,73.916,73.924,73.745,74.424,74.13,74.032,74.202,74.663,74.881,74.318,74.463,74.481,74.813,74.613,74.068,74.517,74.873,75.024,74.739,74.02,73.733,73.459,73.329,73.656,73.541,73.386,73.61,73.036,71.932,71.812,72.791,72.969,72.962,72.886,73.328,73.16,73.163,73.216,73.009,73.443,72.541,72.597,72.7,71.873,73.118,73.101,74.44,73.558,73.892,73.618,74.282,73.576,73.227,73.477,73.323,73.403,73.623,73.566,73.53,73.478,73.433,74.312,73.615,73.181,72.825,73.505,73.505,74.153,73.768,73.943,71.712,72.153,71.467,71.332,70.705,70.986,72.491,72.281,71.937,71.724,73.013,72.196,na,na,na,na,na,na,na,na,na,na,na,na,na,na,na,na,na,na,na,na,na,na,na,na,na,na,na,na,na,na,na,na,na,na,na,na,na,na,na,na,na,na,na,na,na,na,na,na,na,na,na,na,na,na,na,na,na,na,na,na,na,na,na,na,na,na,na,na,na,na,na,na,na,na,na,na,na,na,na,na,na,na,na,na,na,na,na,na,na,na,na,na,na,na,na,na,na,na,na,na,na,na,na,na,na,na,na,na,na,na,na,na,na,na,na,na,na,na,na,na,na,na,na,na,na,na,na,na,na,na,na,na,na,na,na,na,na,na,na,na,na,na,na,na,na,na,na,na,na,na,na,na,na,na,na,na,na,na,na,na,na,na,na,na,na,na,na,na,na,na,na,na,na,na,na,na,na,na,na,na,na,na,na,na,na,na,na,na,na,na,na,na,na,na,na,na,na,na,na,na,na,na,na,na,na,na,na,na,na,na,na,na,na,na,na,na,na,na,na,na,na,na,na,na,na,na,na,na,na,na,na,na,na,na,na,na,na,na,na,na,na,na,na,na,na,na,na,na,na,na,na,na,na,na,na,na,na,na,na,na,na,na,na,na,na,na,na,na,na,na,na,na,na,na,na,na,na,na,na,na,na,na,na,na,na,na,na,na,na,na,na,na,na,na,na,na,na,na,na,na,na,na,na,na,na,na,na,na,na,na,na,na,na,na,na,na,na,na,na,na,na,na,na,na,na,na,na,na,na,na,na,na,na,na,na,na,na,na,na,na,na,na,na,na,na,na,na,na,na,na,na,na,na,na,na,na,na,na,na,na,na,na,na,na,na,na,na,na,na,na,na,na,na,na,na,na,na,na,na,na,na,na,na,na,na,na,na,na,na,na,na,na,na,na,na,na,na,na,na,na,na,na,na,na,na,na,na,na,na,na,na,na,na,na,na,na,na,na,na,na,na,na,na,na,na,na,na,na,na,na,na,na,na,na,na,na,na,na,na,na,na,na,na,na,na,na,na,na,na,na,na,na,na,na,na,na,na,na,na,na,na,na,na,na,na,na,na,na,na,na,na,na,na,na,na,na,na,na,na,na,na,na,na,na,na,na,na,na,na,na,na,na,na,na,na,na,na,na,na,na,na,na,na,na,na,na,na,na,na,na,na,na,na,na,na,na,na,na,na,na,na,na,na,na,na,na,na,na,na,na,na,na,na,na,na,na,na,na,na,na,na,na,na,na,na,na,na,na,na,na,na,na,na,na,na,na,na,na,na,na,na,na,na,na,na,na,na,na,na,na,na,na,na,na,na,na,na,na,na,na,na,na,na,na,na,na,na,na,na,na,na,na,na,na,na,na,na,na,na,na,na,na,na,na,na,na,na,na,na,na,na,na,na,na,na,na,na,na,na,na,na,na,na,na,na,na,na,na,na,na,na,na,na,na,na,na,na,na,na,na,na,na,na,na,na,na,na,na
18,"            Meat, Preserved Or Prepared",99.832,99.416,98.271,98.86,98.701,98.745,99.198,100.323,99.157,100.092,99.926,100.085,99.964,100.251,100.045,99.681,100.215,100.838,99.706,100.311,99.65,99.331,98.284,96.857,98.837,97.166,96.572,98.514,97.614,97.316,97.3,96.74,96.261,98.298,96.683,95.478,95.436,95.116,94.089,93.116,92.248,91.498,91.439,92.235,91.373,91.091,91.042,90.921,90.595,91.986,90.218,91.405,91.024,90.519,89.849,89.822,90.072,90.45,90.301,90.438,89.814,90.201,90.785,92.114,93.27,92.899,91.547,87.651,86.706,84.751,84.731,86.025,85.781,85.047,84.967,85.229,85.141,84.768,84.59,85.491,84.254,84.442,84.792,84.989,84.846,84.519,84.323,84.946,84.484,84.332,85.271,84.328,84.785,84.449,84.7,84.75,84.804,83.493,83.303,83.435,83.486,83.486,84.585,83.635,83.633,83.107,83.683,83.258,83.137,84.173,81.099,82.021,82.633,82.685,83.078,83.049,81.595,82.6,81.948,82.257,81.697,81.06,80.312,81.648,81.588,82.656,82.808,82.563,82.915,81.969,na,na,na,na,na,na,na,na,na,na,na,na,na,na,na,na,na,na,na,na,na,na,na,na,na,na,na,na,na,na,na,na,na,na,na,na,na,na,na,na,na,na,na,na,na,na,na,na,na,na,na,na,na,na,na,na,na,na,na,na,na,na,na,na,na,na,na,na,na,na,na,na,na,na,na,na,na,na,na,na,na,na,na,na,na,na,na,na,na,na,na,na,na,na,na,na,na,na,na,na,na,na,na,na,na,na,na,na,na,na,na,na,na,na,na,na,na,na,na,na,na,na,na,na,na,na,na,na,na,na,na,na,na,na,na,na,na,na,na,na,na,na,na,na,na,na,na,na,na,na,na,na,na,na,na,na,na,na,na,na,na,na,na,na,na,na,na,na,na,na,na,na,na,na,na,na,na,na,na,na,na,na,na,na,na,na,na,na,na,na,na,na,na,na,na,na,na,na,na,na,na,na,na,na,na,na,na,na,na,na,na,na,na,na,na,na,na,na,na,na,na,na,na,na,na,na,na,na,na,na,na,na,na,na,na,na,na,na,na,na,na,na,na,na,na,na,na,na,na,na,na,na,na,na,na,na,na,na,na,na,na,na,na,na,na,na,na,na,na,na,na,na,na,na,na,na,na,na,na,na,na,na,na,na,na,na,na,na,na,na,na,na,na,na,na,na,na,na,na,na,na,na,na,na,na,na,na,na,na,na,na,na,na,na,na,na,na,na,na,na,na,na,na,na,na,na,na,na,na,na,na,na,na,na,na,na,na,na,na,na,na,na,na,na,na,na,na,na,na,na,na,na,na,na,na,na,na,na,na,na,na,na,na,na,na,na,na,na,na,na,na,na,na,na,na,na,na,na,na,na,na,na,na,na,na,na,na,na,na,na,na,na,na,na,na,na,na,na,na,na,na,na,na,na,na,na,na,na,na,na,na,na,na,na,na,na,na,na,na,na,na,na,na,na,na,na,na,na,na,na,na,na,na,na,na,na,na,na,na,na,na,na,na,na,na,na,na,na,na,na,na,na,na,na,na,na,na,na,na,na,na,na,na,na,na,na,na,na,na,na,na,na,na,na,na,na,na,na,na,na,na,na,na,na,na,na,na,na,na,na,na,na,na,na,na,na,na,na,na,na,na,na,na,na,na,na,na,na,na,na,na,na,na,na,na,na,na,na,na,na,na,na,na,na,na,na,na,na,na,na,na,na,na,na,na,na,na,na,na,na,na,na,na,na,na,na,na,na,na,na,na,na,na,na,na,na,na,na,na,na,na,na,na,na,na,na,na,na,na,na,na,na,na,na,na,na,na,na,na,na,na,na,na,na,na,na,na,na,na,na,na,na,na,na,na,na,na,na,na,na,na,na,na,na,na,na,na,na,na,na,na,na,na,na,na,na,na,na,na,na,na,na,na,na,na,na,na,na,na,na,na,na,na,na,na,na,na,na,na,na,na,na,na,na,na,na,na,na
19,        Fish & Other Seafood,98.41,97.328,98.176,98.315,96.792,97.3,98.923,98.864,99.648,103.483,99.85,97.837,98.247,99.471,98.941,99.301,99.703,100.409,98.639,100.995,103.851,102.757,101.469,102.317,102.18,102.709,103.833,103.85,104.096,105.783,104.739,105.286,103.517,106.087,98.405,97.367,98.145,98.748,99,99.847,100.398,100.485,97.605,97.133,95.431,100.686,94.947,94.484,93.406,93.557,93.889,92.713,92.619,93.642,92.422,92.288,96.355,94.459,92.891,92.983,92.912,93.896,93.468,92.372,92.179,91.512,92.636,91.736,94.002,98.652,92.916,91.407,92.764,92.204,92.713,92.352,92.317,91.376,90.65,91.297,93.402,94.854,90.791,90.179,90.58,90.883,91.012,92.304,91.005,89.721,89.524,89.779,95.316,92.366,89.089,88.061,88.271,88.697,88.777,89.746,87.918,88.147,87.865,87.289,88.87,93.097,87.11,86.401,86.954,86.287,86.59,87.529,86.88,85.656,84.868,85.308,88.484,87.625,82.622,82.032,82.354,82.601,82.92,83.172,81.831,81.589,81.587,82.956,88.389,84.118,82.106,81.654,81.718,81.526,83.292,81.947,81.067,80.384,79.82,79.862,81.646,86.761,80.624,79.569,79.343,79.949,80.208,79.412,78.091,78.776,77.687,77.51,83.064,80.467,76.448,75.801,75.584,77.256,78.312,77.465,76.743,75.943,76.191,75.667,76.14,83.828,75.962,74.676,75.208,75.137,74.277,73.787,73.108,72.502,72.69,71.554,75.211,75.656,70.236,70.094,70.452,71.086,70.939,70.037,68.934,68.839,68.906,68.663,73.163,68.058,67.401,67.537,68.257,68.446,68.415,68.096,68.436,67.66,67.256,67.485,68.411,71.759,67.809,67.219,67.789,67.513,67.802,67.759,66.66,66.078,65.896,66.2,69.297,66.498,64.411,64.04,64.362,64.276,64.642,64.104,63.309,63.004,62.033,63.094,68.804,64.791,62.039,62.278,63.229,63.148,63.886,64.161,62.505,62.24,61.772,61.87,62.325,65.32,61.117,61.236,61.303,60.786,61.284,60.477,60.262,60.346,60.405,59.778,63.621,61.013,na,na,na,na,na,na,na,na,na,na,na,na,na,na,na,na,na,na,na,na,na,na,na,na,na,na,na,na,na,na,na,na,na,na,na,na,na,na,na,na,na,na,na,na,na,na,na,na,na,na,na,na,na,na,na,na,na,na,na,na,na,na,na,na,na,na,na,na,na,na,na,na,na,na,na,na,na,na,na,na,na,na,na,na,na,na,na,na,na,na,na,na,na,na,na,na,na,na,na,na,na,na,na,na,na,na,na,na,na,na,na,na,na,na,na,na,na,na,na,na,na,na,na,na,na,na,na,na,na,na,na,na,na,na,na,na,na,na,na,na,na,na,na,na,na,na,na,na,na,na,na,na,na,na,na,na,na,na,na,na,na,na,na,na,na,na,na,na,na,na,na,na,na,na,na,na,na,na,na,na,na,na,na,na,na,na,na,na,na,na,na,na,na,na,na,na,na,na,na,na,na,na,na,na,na,na,na,na,na,na,na,na,na,na,na,na,na,na,na,na,na,na,na,na,na,na,na,na,na,na,na,na,na,na,na,na,na,na,na,na,na,na,na,na,na,na,na,na,na,na,na,na,na,na,na,na,na,na,na,na,na,na,na,na,na,na,na,na,na,na,na,na,na,na,na,na,na,na,na,na,na,na,na,na,na,na,na,na,na,na,na,na,na,na,na,na,na,na,na,na,na,na,na,na,na,na,na,na,na,na,na,na,na,na,na,na,na,na,na,na,na,na,na,na,na,na,na,na,na,na,na,na,na,na,na,na,na,na,na,na,na,na,na,na,na,na,na,na,na,na,na,na,na,na,na,na,na,na,na,na,na,na,na,na,na,na,na,na,na,na,na,na,na,na,na,na,na,na,na,na,na,na,na,na,na,na,na,na,na,na,na,na,na,na,na,na,na,na,na,na,na,na,na,na,na,na,na,na,na,na,na,na,na,na,na,na,na,na,na,na,na,na,na,na,na,na,na,na,na,na,na,na,na,na,na,na,na,na,na,na,na,na,na,na,na,na,na,na,na,na,na,na,na,na,na,na,na,na,na,na,na,na,na,na,na,na,na,na,na,na,na,na,na,na,na,na,na,na,na,na,na,na,na,na,na,na,na,na,na,na,na,na,na,na,na,na,na,na,na,na,na,na,na,na,na,na,na,na,na,na,na,na,na,na,na,na,na,na,na,na,na,na,na,na,na,na,na,na
20,"            Fish, Fresh Or Chilled",97.477,96.879,96.721,97.449,96.011,96.178,97.903,98.067,100.404,104.454,98.969,96.6,97.705,99.57,99.394,99.507,100.009,100.787,99.362,101.399,103.742,102.957,99.607,100.602,100.127,101.488,102.833,102.581,103.174,105.302,103.919,105.555,103.88,107.189,100.323,99.074,99.46,99.906,101.982,102.435,102.582,103.024,99.148,98.088,97.155,102.227,95.568,95.142,93.597,93.817,94.089,92.886,92.607,93.762,92.049,92.546,96.783,94.918,93.034,93.174,93.23,93.802,93.692,92.685,92.661,91.045,94.097,93.398,94.555,98.608,92.991,91.303,93.05,92.945,93.635,93.552,92.9,91.835,90.602,92.041,94.215,95.359,90.475,89.937,90.617,91.884,92.922,93.8,91.73,89.824,89.458,89.397,96.385,92.035,88.733,87.574,88.211,89.174,90.148,91.168,87.947,87.898,87.574,87.586,89.061,92.961,86.945,86.197,86.587,86.39,86.409,87.792,86.246,84.669,83.232,84.047,87.837,87.528,81.816,80.692,81.236,81.936,82.568,82.223,80.724,80.516,80.349,82.054,87.566,82.968,na,na,na,na,na,na,na,na,na,na,na,na,na,na,na,na,na,na,na,na,na,na,na,na,na,na,na,na,na,na,na,na,na,na,na,na,na,na,na,na,na,na,na,na,na,na,na,na,na,na,na,na,na,na,na,na,na,na,na,na,na,na,na,na,na,na,na,na,na,na,na,na,na,na,na,na,na,na,na,na,na,na,na,na,na,na,na,na,na,na,na,na,na,na,na,na,na,na,na,na,na,na,na,na,na,na,na,na,na,na,na,na,na,na,na,na,na,na,na,na,na,na,na,na,na,na,na,na,na,na,na,na,na,na,na,na,na,na,na,na,na,na,na,na,na,na,na,na,na,na,na,na,na,na,na,na,na,na,na,na,na,na,na,na,na,na,na,na,na,na,na,na,na,na,na,na,na,na,na,na,na,na,na,na,na,na,na,na,na,na,na,na,na,na,na,na,na,na,na,na,na,na,na,na,na,na,na,na,na,na,na,na,na,na,na,na,na,na,na,na,na,na,na,na,na,na,na,na,na,na,na,na,na,na,na,na,na,na,na,na,na,na,na,na,na,na,na,na,na,na,na,na,na,na,na,na,na,na,na,na,na,na,na,na,na,na,na,na,na,na,na,na,na,na,na,na,na,na,na,na,na,na,na,na,na,na,na,na,na,na,na,na,na,na,na,na,na,na,na,na,na,na,na,na,na,na,na,na,na,na,na,na,na,na,na,na,na,na,na,na,na,na,na,na,na,na,na,na,na,na,na,na,na,na,na,na,na,na,na,na,na,na,na,na,na,na,na,na,na,na,na,na,na,na,na,na,na,na,na,na,na,na,na,na,na,na,na,na,na,na,na,na,na,na,na,na,na,na,na,na,na,na,na,na,na,na,na,na,na,na,na,na,na,na,na,na,na,na,na,na,na,na,na,na,na,na,na,na,na,na,na,na,na,na,na,na,na,na,na,na,na,na,na,na,na,na,na,na,na,na,na,na,na,na,na,na,na,na,na,na,na,na,na,na,na,na,na,na,na,na,na,na,na,na,na,na,na,na,na,na,na,na,na,na,na,na,na,na,na,na,na,na,na,na,na,na,na,na,na,na,na,na,na,na,na,na,na,na,na,na,na,na,na,na,na,na,na,na,na,na,na,na,na,na,na,na,na,na,na,na,na,na,na,na,na,na,na,na,na,na,na,na,na,na,na,na,na,na,na,na,na,na,na,na,na,na,na,na,na,na,na,na,na,na,na,na,na,na,na,na,na,na,na,na,na,na,na,na,na,na,na,na,na,na,na,na,na,na,na,na,na,na,na,na,na,na,na,na,na,na,na,na,na,na,na,na,na,na,na,na,na,na,na,na,na,na,na,na,na,na,na,na,na,na,na,na,na,na,na,na,na,na,na,na,na,na,na,na,na,na,na,na,na,na,na,na,na,na,na,na,na,na,na,na,na,na,na,na,na,na,na,na,na,na,na,na,na,na
21,"            Fish, Frozen",101.037,100.136,101.169,100.055,100.029,100.04,97.349,95.915,96.64,94.638,98.473,102.168,102.292,101.76,103.115,100.474,98.973,99.558,97.484,96.713,100.019,98.976,102.277,99.169,99.152,95.881,106.205,107.327,107.343,107.854,108.262,108.055,100.947,104.027,95.557,104.232,102.499,101.918,104.461,99.662,98.751,99.045,98.712,87.072,86.944,87.364,90.159,88.454,90.24,89.407,91.812,90.407,91.039,90.239,87.217,88.901,84.751,85.135,86.139,86.926,89.269,89.929,84.209,87.835,91.555,91.555,90.611,85.453,89.167,84.735,88.087,88.599,89.682,87.256,89.747,87.145,87.163,87.71,88.7,85.679,88.627,88.707,90.99,89.657,91.304,89.162,89.39,89.693,87.709,90.457,90.6,88.804,87.815,85.694,90.522,87.911,85.771,87.996,84.839,89.085,88.766,86.446,88.002,87.459,85.627,84.975,85.698,85.375,87.394,85.528,83.872,80.827,81.537,78.736,81.006,81.648,81.159,79.261,79.27,78.538,75.76,75.393,75.738,76.969,76.242,76.528,76.658,75.006,75.685,75.155,na,na,na,na,na,na,na,na,na,na,na,na,na,na,na,na,na,na,na,na,na,na,na,na,na,na,na,na,na,na,na,na,na,na,na,na,na,na,na,na,na,na,na,na,na,na,na,na,na,na,na,na,na,na,na,na,na,na,na,na,na,na,na,na,na,na,na,na,na,na,na,na,na,na,na,na,na,na,na,na,na,na,na,na,na,na,na,na,na,na,na,na,na,na,na,na,na,na,na,na,na,na,na,na,na,na,na,na,na,na,na,na,na,na,na,na,na,na,na,na,na,na,na,na,na,na,na,na,na,na,na,na,na,na,na,na,na,na,na,na,na,na,na,na,na,na,na,na,na,na,na,na,na,na,na,na,na,na,na,na,na,na,na,na,na,na,na,na,na,na,na,na,na,na,na,na,na,na,na,na,na,na,na,na,na,na,na,na,na,na,na,na,na,na,na,na,na,na,na,na,na,na,na,na,na,na,na,na,na,na,na,na,na,na,na,na,na,na,na,na,na,na,na,na,na,na,na,na,na,na,na,na,na,na,na,na,na,na,na,na,na,na,na,na,na,na,na,na,na,na,na,na,na,na,na,na,na,na,na,na,na,na,na,na,na,na,na,na,na,na,na,na,na,na,na,na,na,na,na,na,na,na,na,na,na,na,na,na,na,na,na,na,na,na,na,na,na,na,na,na,na,na,na,na,na,na,na,na,na,na,na,na,na,na,na,na,na,na,na,na,na,na,na,na,na,na,na,na,na,na,na,na,na,na,na,na,na,na,na,na,na,na,na,na,na,na,na,na,na,na,na,na,na,na,na,na,na,na,na,na,na,na,na,na,na,na,na,na,na,na,na,na,na,na,na,na,na,na,na,na,na,na,na,na,na,na,na,na,na,na,na,na,na,na,na,na,na,na,na,na,na,na,na,na,na,na,na,na,na,na,na,na,na,na,na,na,na,na,na,na,na,na,na,na,na,na,na,na,na,na,na,na,na,na,na,na,na,na,na,na,na,na,na,na,na,na,na,na,na,na,na,na,na,na,na,na,na,na,na,na,na,na,na,na,na,na,na,na,na,na,na,na,na,na,na,na,na,na,na,na,na,na,na,na,na,na,na,na,na,na,na,na,na,na,na,na,na,na,na,na,na,na,na,na,na,na,na,na,na,na,na,na,na,na,na,na,na,na,na,na,na,na,na,na,na,na,na,na,na,na,na,na,na,na,na,na,na,na,na,na,na,na,na,na,na,na,na,na,na,na,na,na,na,na,na,na,na,na,na,na,na,na,na,na,na,na,na,na,na,na,na,na,na,na,na,na,na,na,na,na,na,na,na,na,na,na,na,na,na,na,na,na,na,na,na,na,na,na,na,na,na,na,na,na,na,na,na,na,na,na,na,na,na,na,na,na,na,na,na,na,na,na,na,na,na,na,na,na,na,na,na,na,na,na,na,na,na,na,na,na,na,na,na,na,na,na,na,na
22,"            Other Seafood, Fresh, Chilled Or Frozen",99.319,95.971,99.834,98.653,95.63,98.034,101.198,100.557,99.841,106.711,101.374,97.126,95.597,97.041,95.618,97.447,99.562,99.688,95.984,100.441,112.06,108.064,108.689,110.701,111.417,110.908,110.682,111.302,111.744,114.526,113.538,113.922,114.649,117.773,100.351,96.36,99.983,102.511,98.2,101.34,103.67,103.379,101.154,102.519,99.438,112.074,102.463,101.739,100.568,101.345,100.928,98.341,98.963,101.383,99.816,97.425,107.212,102.565,98.414,98.823,98.553,101.245,100.186,96.892,96.166,96.831,96.633,95.73,104.121,117.809,102.75,99.197,102.302,99.787,99.793,98.487,99.774,98.926,97.718,96.613,102.422,106.202,99.195,98.209,97.921,97.177,94.584,98.017,98.344,96.885,96.212,98.593,108.585,105.666,98.166,96.067,96.357,95.706,93.846,94.733,95.348,96.948,96.14,93.709,99.226,109.933,94.248,92.806,94.551,92.194,94.483,95.58,96.743,94.954,94.598,94.898,102.521,99.475,90.476,90.996,92.348,91.312,92.374,93.048,90.112,88.863,89.939,91.561,104.211,94.731,na,na,na,na,na,na,na,na,na,na,na,na,na,na,na,na,na,na,na,na,na,na,na,na,na,na,na,na,na,na,na,na,na,na,na,na,na,na,na,na,na,na,na,na,na,na,na,na,na,na,na,na,na,na,na,na,na,na,na,na,na,na,na,na,na,na,na,na,na,na,na,na,na,na,na,na,na,na,na,na,na,na,na,na,na,na,na,na,na,na,na,na,na,na,na,na,na,na,na,na,na,na,na,na,na,na,na,na,na,na,na,na,na,na,na,na,na,na,na,na,na,na,na,na,na,na,na,na,na,na,na,na,na,na,na,na,na,na,na,na,na,na,na,na,na,na,na,na,na,na,na,na,na,na,na,na,na,na,na,na,na,na,na,na,na,na,na,na,na,na,na,na,na,na,na,na,na,na,na,na,na,na,na,na,na,na,na,na,na,na,na,na,na,na,na,na,na,na,na,na,na,na,na,na,na,na,na,na,na,na,na,na,na,na,na,na,na,na,na,na,na,na,na,na,na,na,na,na,na,na,na,na,na,na,na,na,na,na,na,na,na,na,na,na,na,na,na,na,na,na,na,na,na,na,na,na,na,na,na,na,na,na,na,na,na,na,na,na,na,na,na,na,na,na,na,na,na,na,na,na,na,na,na,na,na,na,na,na,na,na,na,na,na,na,na,na,na,na,na,na,na,na,na,na,na,na,na,na,na,na,na,na,na,na,na,na,na,na,na,na,na,na,na,na,na,na,na,na,na,na,na,na,na,na,na,na,na,na,na,na,na,na,na,na,na,na,na,na,na,na,na,na,na,na,na,na,na,na,na,na,na,na,na,na,na,na,na,na,na,na,na,na,na,na,na,na,na,na,na,na,na,na,na,na,na,na,na,na,na,na,na,na,na,na,na,na,na,na,na,na,na,na,na,na,na,na,na,na,na,na,na,na,na,na,na,na,na,na,na,na,na,na,na,na,na,na,na,na,na,na,na,na,na,na,na,na,na,na,na,na,na,na,na,na,na,na,na,na,na,na,na,na,na,na,na,na,na,na,na,na,na,na,na,na,na,na,na,na,na,na,na,na,na,na,na,na,na,na,na,na,na,na,na,na,na,na,na,na,na,na,na,na,na,na,na,na,na,na,na,na,na,na,na,na,na,na,na,na,na,na,na,na,na,na,na,na,na,na,na,na,na,na,na,na,na,na,na,na,na,na,na,na,na,na,na,na,na,na,na,na,na,na,na,na,na,na,na,na,na,na,na,na,na,na,na,na,na,na,na,na,na,na,na,na,na,na,na,na,na,na,na,na,na,na,na,na,na,na,na,na,na,na,na,na,na,na,na,na,na,na,na,na,na,na,na,na,na,na,na,na,na,na,na,na,na,na,na,na,na,na,na,na,na,na,na,na,na,na,na,na,na,na,na,na,na,na,na,na,na,na,na,na,na,na,na,na,na,na,na,na,na,na,na,na,na,na,na,na
23,            Seafood Preparations,99.68,99.654,100.041,100.118,99.772,99.261,99.508,99.625,97.738,98.489,100.826,101.454,102.049,101.495,100.705,100.557,99.104,100.241,99.618,101.006,95.909,97.039,99.636,99.501,99.502,99.187,99.483,99.519,98.541,97.955,97.648,95.158,91.435,91.092,91.022,92.03,91.513,90.824,89.785,90.434,90.644,89.997,89.068,90.377,87.47,86.534,86.152,86.051,86.019,85.478,86.414,86.804,86.426,85.914,86.864,86.804,85.867,86.312,87.925,87.43,86.775,87.318,87.448,87.542,86.729,87.483,84.414,83.614,82.75,81.49,83.426,84.218,82.632,82.997,83.137,83.268,83.759,82.848,83.884,84.516,82.477,82.713,83.146,82.732,82.893,81.838,81.936,82.546,81.916,82.023,82.63,82.073,80.687,81.223,80.903,81.253,80.512,80.325,80.046,80.659,80.204,80.203,80.316,79.812,78.634,78.612,80.337,80.322,80.152,79.823,79.346,79.351,79.352,79.643,79.887,79.475,77.639,77.323,77.105,76.956,76.115,76.339,75.236,76.558,76.92,77.393,76.897,77.439,76.955,77.612,na,na,na,na,na,na,na,na,na,na,na,na,na,na,na,na,na,na,na,na,na,na,na,na,na,na,na,na,na,na,na,na,na,na,na,na,na,na,na,na,na,na,na,na,na,na,na,na,na,na,na,na,na,na,na,na,na,na,na,na,na,na,na,na,na,na,na,na,na,na,na,na,na,na,na,na,na,na,na,na,na,na,na,na,na,na,na,na,na,na,na,na,na,na,na,na,na,na,na,na,na,na,na,na,na,na,na,na,na,na,na,na,na,na,na,na,na,na,na,na,na,na,na,na,na,na,na,na,na,na,na,na,na,na,na,na,na,na,na,na,na,na,na,na,na,na,na,na,na,na,na,na,na,na,na,na,na,na,na,na,na,na,na,na,na,na,na,na,na,na,na,na,na,na,na,na,na,na,na,na,na,na,na,na,na,na,na,na,na,na,na,na,na,na,na,na,na,na,na,na,na,na,na,na,na,na,na,na,na,na,na,na,na,na,na,na,na,na,na,na,na,na,na,na,na,na,na,na,na,na,na,na,na,na,na,na,na,na,na,na,na,na,na,na,na,na,na,na,na,na,na,na,na,na,na,na,na,na,na,na,na,na,na,na,na,na,na,na,na,na,na,na,na,na,na,na,na,na,na,na,na,na,na,na,na,na,na,na,na,na,na,na,na,na,na,na,na,na,na,na,na,na,na,na,na,na,na,na,na,na,na,na,na,na,na,na,na,na,na,na,na,na,na,na,na,na,na,na,na,na,na,na,na,na,na,na,na,na,na,na,na,na,na,na,na,na,na,na,na,na,na,na,na,na,na,na,na,na,na,na,na,na,na,na,na,na,na,na,na,na,na,na,na,na,na,na,na,na,na,na,na,na,na,na,na,na,na,na,na,na,na,na,na,na,na,na,na,na,na,na,na,na,na,na,na,na,na,na,na,na,na,na,na,na,na,na,na,na,na,na,na,na,na,na,na,na,na,na,na,na,na,na,na,na,na,na,na,na,na,na,na,na,na,na,na,na,na,na,na,na,na,na,na,na,na,na,na,na,na,na,na,na,na,na,na,na,na,na,na,na,na,na,na,na,na,na,na,na,na,na,na,na,na,na,na,na,na,na,na,na,na,na,na,na,na,na,na,na,na,na,na,na,na,na,na,na,na,na,na,na,na,na,na,na,na,na,na,na,na,na,na,na,na,na,na,na,na,na,na,na,na,na,na,na,na,na,na,na,na,na,na,na,na,na,na,na,na,na,na,na,na,na,na,na,na,na,na,na,na,na,na,na,na,na,na,na,na,na,na,na,na,na,na,na,na,na,na,na,na,na,na,na,na,na,na,na,na,na,na,na,na,na,na,na,na,na,na,na,na,na,na,na,na,na,na,na,na,na,na,na,na,na,na,na,na,na,na,na,na,na,na,na,na,na,na,na,na,na,na,na,na,na,na,na,na,na,na,na,na,na,na,na,na,na,na,na,na,na
24,"        Milk, Other Dairy Products & Eggs",100.148,100.391,100.088,99.895,100.345,100.682,101.005,100.291,100.614,99.498,99.253,100.108,99.963,100.17,100.101,99.79,99.696,99.991,99.918,100.246,100.828,99.933,99.784,99.752,99.6,99.845,99.269,98.402,98.278,98.007,97.666,97.629,96.43,96.837,96.15,95.429,94.102,94.125,93.695,93.434,93.605,93.305,93.309,90.86,89.84,88.949,88.478,88.612,87.781,88.028,87.853,87.987,87.946,87.952,87.489,87.585,87.485,87.053,86.633,86.655,86.538,86.901,87.071,87.193,87.638,87.821,87.962,84.623,84.744,84.889,84.731,85.204,85.371,85.164,85.05,84.309,84.215,84.293,83.815,84.972,86.213,85.493,85.191,85.103,84.844,84.775,84.253,84.227,84.303,84.52,84.304,84.118,84.833,83.822,83.352,83.453,83.309,83.546,83.12,83.155,82.811,83.426,83.63,83.149,83.045,82.5,82.74,83.167,82.748,82.966,82.75,83.024,82.852,82.878,82.829,82.743,82.3,82.057,82.178,82.149,81.94,81.597,81.218,81.544,80.841,80.886,81.142,80.91,81.214,81.542,82.16,81.257,80.763,80.401,80,79.982,79.448,79.833,79.376,78.812,78.216,78.022,77.403,77.653,77.114,76.316,76.607,76.134,75.809,75.607,75.308,75.106,74.598,74.362,74.151,73.99,73.755,73.175,73.036,73.164,72.435,72.366,72.051,72.207,72.087,71.956,71.903,71.619,70.648,70.446,70.403,69.671,69.826,69.165,68.863,68.646,68.699,68.393,68.388,68.199,67.595,67.535,67.179,66.854,66.289,66.035,65.79,65.639,65.902,65.632,65.425,65.051,65.15,65.326,65.078,64.969,65.029,64.927,64.594,65.174,65.457,65.495,65.411,65.18,65.117,65.259,64.865,64.072,63.78,63.349,63.277,62.403,62.491,61.579,60.908,60.33,59.583,59.225,57.868,57.628,56.65,55.922,54.251,54.3,54.801,54.698,54.55,53.972,54.144,53.741,53.972,54.002,53.915,53.583,53.55,53.292,53.582,53.568,53.153,53.183,53.353,53.175,53.206,52.913,52.925,52.689,52.516,52.256,52.723,52.584,na,na,na,na,na,na,na,na,na,na,na,na,na,na,na,na,na,na,na,na,na,na,na,na,na,na,na,na,na,na,na,na,na,na,na,na,na,na,na,na,na,na,na,na,na,na,na,na,na,na,na,na,na,na,na,na,na,na,na,na,na,na,na,na,na,na,na,na,na,na,na,na,na,na,na,na,na,na,na,na,na,na,na,na,na,na,na,na,na,na,na,na,na,na,na,na,na,na,na,na,na,na,na,na,na,na,na,na,na,na,na,na,na,na,na,na,na,na,na,na,na,na,na,na,na,na,na,na,na,na,na,na,na,na,na,na,na,na,na,na,na,na,na,na,na,na,na,na,na,na,na,na,na,na,na,na,na,na,na,na,na,na,na,na,na,na,na,na,na,na,na,na,na,na,na,na,na,na,na,na,na,na,na,na,na,na,na,na,na,na,na,na,na,na,na,na,na,na,na,na,na,na,na,na,na,na,na,na,na,na,na,na,na,na,na,na,na,na,na,na,na,na,na,na,na,na,na,na,na,na,na,na,na,na,na,na,na,na,na,na,na,na,na,na,na,na,na,na,na,na,na,na,na,na,na,na,na,na,na,na,na,na,na,na,na,na,na,na,na,na,na,na,na,na,na,na,na,na,na,na,na,na,na,na,na,na,na,na,na,na,na,na,na,na,na,na,na,na,na,na,na,na,na,na,na,na,na,na,na,na,na,na,na,na,na,na,na,na,na,na,na,na,na,na,na,na,na,na,na,na,na,na,na,na,na,na,na,na,na,na,na,na,na,na,na,na,na,na,na,na,na,na,na,na,na,na,na,na,na,na,na,na,na,na,na,na,na,na,na,na,na,na,na,na,na,na,na,na,na,na,na,na,na,na,na,na,na,na,na,na,na,na,na,na,na,na,na,na,na,na,na,na,na,na,na,na,na,na,na,na,na,na,na,na,na,na,na,na,na,na,na,na,na,na,na,na,na,na,na,na,na,na,na,na,na,na,na,na,na,na,na,na,na,na,na,na,na,na,na,na,na,na,na,na,na,na,na,na,na,na,na,na,na,na,na,na,na,na,na,na,na,na,na,na,na,na,na,na,na,na,na,na,na,na,na,na,na,na,na,na,na,na,na,na,na,na,na,na,na,na,na,na,na,na,na,na,na,na,na,na,na,na,na,na,na,na,na,na,na,na,na,na,na,na,na,na,na,na
25,            Milk,99.069,99.12,98.539,98.509,98.404,98.296,98.95,98.468,99.488,99.376,98.958,100.152,99.771,99.642,99.42,99.891,99.369,100.311,100.048,101.06,101.403,99.974,100.931,100.331,99.889,100.178,99.688,97.971,98.065,97.819,96.93,96.912,95.205,97.219,96.317,96.068,94.49,94.741,93.797,93.217,92.955,92.242,92.421,92.106,91.978,91.948,92.308,92.361,92.164,92.239,92.005,91.824,91.844,91.954,91.746,91.679,91.669,91.399,91.315,91.368,91.622,91.824,91.452,91.722,92.391,92.244,92.446,87.687,88.322,87.026,88.286,87.244,87.924,87.893,87.803,86.894,86.796,86.776,85.985,86.073,87.069,85.988,87.226,86.677,87.227,87.448,86.869,87.14,87.273,87.407,87.025,87.414,87.408,85.653,86.745,85.197,85.473,85.844,85.405,84.872,84.61,85.877,86.852,85.435,85.165,84.038,84.851,86.28,84.574,85.023,84.752,84.777,83.944,84.102,84.029,85.349,85.574,84.224,85.808,84.956,84.004,83.524,85.018,84.452,84.369,83.99,84.821,83.987,84.094,84.583,na,na,na,na,na,na,na,na,na,na,na,na,na,na,na,na,na,na,na,na,na,na,na,na,na,na,na,na,na,na,na,na,na,na,na,na,na,na,na,na,na,na,na,na,na,na,na,na,na,na,na,na,na,na,na,na,na,na,na,na,na,na,na,na,na,na,na,na,na,na,na,na,na,na,na,na,na,na,na,na,na,na,na,na,na,na,na,na,na,na,na,na,na,na,na,na,na,na,na,na,na,na,na,na,na,na,na,na,na,na,na,na,na,na,na,na,na,na,na,na,na,na,na,na,na,na,na,na,na,na,na,na,na,na,na,na,na,na,na,na,na,na,na,na,na,na,na,na,na,na,na,na,na,na,na,na,na,na,na,na,na,na,na,na,na,na,na,na,na,na,na,na,na,na,na,na,na,na,na,na,na,na,na,na,na,na,na,na,na,na,na,na,na,na,na,na,na,na,na,na,na,na,na,na,na,na,na,na,na,na,na,na,na,na,na,na,na,na,na,na,na,na,na,na,na,na,na,na,na,na,na,na,na,na,na,na,na,na,na,na,na,na,na,na,na,na,na,na,na,na,na,na,na,na,na,na,na,na,na,na,na,na,na,na,na,na,na,na,na,na,na,na,na,na,na,na,na,na,na,na,na,na,na,na,na,na,na,na,na,na,na,na,na,na,na,na,na,na,na,na,na,na,na,na,na,na,na,na,na,na,na,na,na,na,na,na,na,na,na,na,na,na,na,na,na,na,na,na,na,na,na,na,na,na,na,na,na,na,na,na,na,na,na,na,na,na,na,na,na,na,na,na,na,na,na,na,na,na,na,na,na,na,na,na,na,na,na,na,na,na,na,na,na,na,na,na,na,na,na,na,na,na,na,na,na,na,na,na,na,na,na,na,na,na,na,na,na,na,na,na,na,na,na,na,na,na,na,na,na,na,na,na,na,na,na,na,na,na,na,na,na,na,na,na,na,na,na,na,na,na,na,na,na,na,na,na,na,na,na,na,na,na,na,na,na,na,na,na,na,na,na,na,na,na,na,na,na,na,na,na,na,na,na,na,na,na,na,na,na,na,na,na,na,na,na,na,na,na,na,na,na,na,na,na,na,na,na,na,na,na,na,na,na,na,na,na,na,na,na,na,na,na,na,na,na,na,na,na,na,na,na,na,na,na,na,na,na,na,na,na,na,na,na,na,na,na,na,na,na,na,na,na,na,na,na,na,na,na,na,na,na,na,na,na,na,na,na,na,na,na,na,na,na,na,na,na,na,na,na,na,na,na,na,na,na,na,na,na,na,na,na,na,na,na,na,na,na,na,na,na,na,na,na,na,na,na,na,na,na,na,na,na,na,na,na,na,na,na,na,na,na,na,na,na,na,na,na,na,na,na,na,na,na,na,na,na,na,na,na,na,na,na,na,na,na,na,na,na,na,na,na,na,na,na,na,na,na,na,na,na,na,na,na,na,na,na,na,na
26,            Other Milk & Cream,101.908,102.198,102.103,101.97,101.924,102.191,102.286,101.67,101.158,100.779,100.483,101.129,100.984,100.574,100.061,99.55,99.883,99.535,99.694,99.89,99.625,98.591,98.876,98.677,98.035,97.85,97.527,97.127,97.145,96.754,96.395,96.048,95.349,95.011,94.563,93.731,92.99,93.111,93.382,93.23,93.392,92.731,92.345,90.911,90.377,89.026,89.159,89.791,89.054,89.578,89.41,89.641,89.909,90.013,90.204,90.063,89.805,89.58,89.068,89.68,89.339,89.38,89.608,89.866,89.665,89.838,90.04,89.368,88.95,89.225,88.432,89.464,88.858,89.421,89.147,89.082,88.754,88.886,88.372,89.151,90.364,90.223,89.66,89.83,89.287,89.314,89.092,89.416,88.99,89.439,89.353,88.794,89.841,89.309,88.958,89.495,88.982,88.791,89.052,89.209,88.249,88.706,88.659,88.84,88.12,87.769,88.103,87.967,88.161,87.962,87.72,88.256,88.139,88.009,88.203,87.509,86.775,87.155,86.962,86.915,86.885,86.386,86.07,86.578,84.988,85.078,84.41,83.71,83.517,84.043,na,na,na,na,na,na,na,na,na,na,na,na,na,na,na,na,na,na,na,na,na,na,na,na,na,na,na,na,na,na,na,na,na,na,na,na,na,na,na,na,na,na,na,na,na,na,na,na,na,na,na,na,na,na,na,na,na,na,na,na,na,na,na,na,na,na,na,na,na,na,na,na,na,na,na,na,na,na,na,na,na,na,na,na,na,na,na,na,na,na,na,na,na,na,na,na,na,na,na,na,na,na,na,na,na,na,na,na,na,na,na,na,na,na,na,na,na,na,na,na,na,na,na,na,na,na,na,na,na,na,na,na,na,na,na,na,na,na,na,na,na,na,na,na,na,na,na,na,na,na,na,na,na,na,na,na,na,na,na,na,na,na,na,na,na,na,na,na,na,na,na,na,na,na,na,na,na,na,na,na,na,na,na,na,na,na,na,na,na,na,na,na,na,na,na,na,na,na,na,na,na,na,na,na,na,na,na,na,na,na,na,na,na,na,na,na,na,na,na,na,na,na,na,na,na,na,na,na,na,na,na,na,na,na,na,na,na,na,na,na,na,na,na,na,na,na,na,na,na,na,na,na,na,na,na,na,na,na,na,na,na,na,na,na,na,na,na,na,na,na,na,na,na,na,na,na,na,na,na,na,na,na,na,na,na,na,na,na,na,na,na,na,na,na,na,na,na,na,na,na,na,na,na,na,na,na,na,na,na,na,na,na,na,na,na,na,na,na,na,na,na,na,na,na,na,na,na,na,na,na,na,na,na,na,na,na,na,na,na,na,na,na,na,na,na,na,na,na,na,na,na,na,na,na,na,na,na,na,na,na,na,na,na,na,na,na,na,na,na,na,na,na,na,na,na,na,na,na,na,na,na,na,na,na,na,na,na,na,na,na,na,na,na,na,na,na,na,na,na,na,na,na,na,na,na,na,na,na,na,na,na,na,na,na,na,na,na,na,na,na,na,na,na,na,na,na,na,na,na,na,na,na,na,na,na,na,na,na,na,na,na,na,na,na,na,na,na,na,na,na,na,na,na,na,na,na,na,na,na,na,na,na,na,na,na,na,na,na,na,na,na,na,na,na,na,na,na,na,na,na,na,na,na,na,na,na,na,na,na,na,na,na,na,na,na,na,na,na,na,na,na,na,na,na,na,na,na,na,na,na,na,na,na,na,na,na,na,na,na,na,na,na,na,na,na,na,na,na,na,na,na,na,na,na,na,na,na,na,na,na,na,na,na,na,na,na,na,na,na,na,na,na,na,na,na,na,na,na,na,na,na,na,na,na,na,na,na,na,na,na,na,na,na,na,na,na,na,na,na,na,na,na,na,na,na,na,na,na,na,na,na,na,na,na,na,na,na,na,na,na,na,na,na,na,na,na,na,na,na,na,na,na,na,na,na,na,na,na,na,na,na,na,na,na,na,na,na,na,na,na,na,na,na,na,na,na,na,na,na,na,na,na,na,na,na,na,na,na
27,            Dairy Products Nec,98.905,99.698,99.962,99.042,100.659,102.68,102.836,101.063,102.583,98.87,98.141,99.686,99.379,100.627,101.73,100.369,100.647,100.832,99.431,98.35,101.147,99.663,98.137,97.778,97.626,99.829,99.651,97.845,97.161,97.063,97.353,97.817,96,96.586,98.626,98.26,97.77,98.048,96.563,96.32,96.32,96.423,96.895,95.196,95.272,95.542,94.801,95.051,94.447,94.403,93.771,94.563,94.236,94.536,94.302,95.017,93.94,93.713,93.307,92.813,93.658,94.322,93.204,93.234,95.591,95.501,93.801,87.062,89.457,90.032,88.849,89.449,88.817,87.074,87.892,87.368,88.567,86.958,86.248,86.317,89.538,87.664,87.08,88.678,88.493,88.053,86.526,86.227,87.872,87.595,88.007,87.338,87.706,85.591,83.089,84.386,84.356,85.174,84.585,84.09,83.944,84.809,85.338,82.815,84.298,83.536,83.077,84.226,82.296,83.263,83.653,83.768,83.653,83.812,83.543,83.136,83.192,82.502,81.379,82.22,81.094,80.849,81.584,82.96,83.112,81.249,81.064,80.159,82.353,82.261,na,na,na,na,na,na,na,na,na,na,na,na,na,na,na,na,na,na,na,na,na,na,na,na,na,na,na,na,na,na,na,na,na,na,na,na,na,na,na,na,na,na,na,na,na,na,na,na,na,na,na,na,na,na,na,na,na,na,na,na,na,na,na,na,na,na,na,na,na,na,na,na,na,na,na,na,na,na,na,na,na,na,na,na,na,na,na,na,na,na,na,na,na,na,na,na,na,na,na,na,na,na,na,na,na,na,na,na,na,na,na,na,na,na,na,na,na,na,na,na,na,na,na,na,na,na,na,na,na,na,na,na,na,na,na,na,na,na,na,na,na,na,na,na,na,na,na,na,na,na,na,na,na,na,na,na,na,na,na,na,na,na,na,na,na,na,na,na,na,na,na,na,na,na,na,na,na,na,na,na,na,na,na,na,na,na,na,na,na,na,na,na,na,na,na,na,na,na,na,na,na,na,na,na,na,na,na,na,na,na,na,na,na,na,na,na,na,na,na,na,na,na,na,na,na,na,na,na,na,na,na,na,na,na,na,na,na,na,na,na,na,na,na,na,na,na,na,na,na,na,na,na,na,na,na,na,na,na,na,na,na,na,na,na,na,na,na,na,na,na,na,na,na,na,na,na,na,na,na,na,na,na,na,na,na,na,na,na,na,na,na,na,na,na,na,na,na,na,na,na,na,na,na,na,na,na,na,na,na,na,na,na,na,na,na,na,na,na,na,na,na,na,na,na,na,na,na,na,na,na,na,na,na,na,na,na,na,na,na,na,na,na,na,na,na,na,na,na,na,na,na,na,na,na,na,na,na,na,na,na,na,na,na,na,na,na,na,na,na,na,na,na,na,na,na,na,na,na,na,na,na,na,na,na,na,na,na,na,na,na,na,na,na,na,na,na,na,na,na,na,na,na,na,na,na,na,na,na,na,na,na,na,na,na,na,na,na,na,na,na,na,na,na,na,na,na,na,na,na,na,na,na,na,na,na,na,na,na,na,na,na,na,na,na,na,na,na,na,na,na,na,na,na,na,na,na,na,na,na,na,na,na,na,na,na,na,na,na,na,na,na,na,na,na,na,na,na,na,na,na,na,na,na,na,na,na,na,na,na,na,na,na,na,na,na,na,na,na,na,na,na,na,na,na,na,na,na,na,na,na,na,na,na,na,na,na,na,na,na,na,na,na,na,na,na,na,na,na,na,na,na,na,na,na,na,na,na,na,na,na,na,na,na,na,na,na,na,na,na,na,na,na,na,na,na,na,na,na,na,na,na,na,na,na,na,na,na,na,na,na,na,na,na,na,na,na,na,na,na,na,na,na,na,na,na,na,na,na,na,na,na,na,na,na,na,na,na,na,na,na,na,na,na,na,na,na,na,na,na,na,na,na,na,na,na,na,na,na,na,na,na,na,na,na,na,na,na,na,na,na,na,na,na,na,na,na,na,na,na,na,na,na,na,na,na,na,na,na
28,            Eggs,99.488,99.337,98.443,98.664,99.401,98.732,99.255,99.132,99.017,98.099,98.562,98.78,99.02,99.61,99.336,99.547,98.834,99.64,100.608,101.779,101.935,102.349,101.957,103.182,104.444,104.002,102.435,102.206,101.986,101.817,101.588,101.815,100.543,100.754,97.508,96.238,93.17,92.521,91.93,91.75,92.552,93.179,93.487,85.828,81.845,80.106,77.599,76.602,74.687,74.737,74.986,74.698,74.128,73.561,71.16,71.455,72.415,71.171,70.59,69.666,68.864,69.879,71.569,71.295,71.384,72.172,73.625,68.601,67.512,68.56,69.152,69.895,71.907,71.04,70.493,68.234,67.603,69.057,69.189,73.247,73.183,72.499,71.36,69.256,68.9,68.527,68.013,66.714,66.87,66.903,65.796,66.664,67.51,66.797,66.038,65.442,65.93,66.901,64.277,65.113,66.557,66.716,66.539,66.931,67.536,67.21,67.155,67.599,68.122,68.745,68.066,67.922,68.289,68.558,67.926,68.537,67.765,67.152,67.838,67.988,68.959,69.193,65.211,64.964,65.635,67.949,71.123,73.865,74.236,74.133,na,na,na,na,na,na,na,na,na,na,na,na,na,na,na,na,na,na,na,na,na,na,na,na,na,na,na,na,na,na,na,na,na,na,na,na,na,na,na,na,na,na,na,na,na,na,na,na,na,na,na,na,na,na,na,na,na,na,na,na,na,na,na,na,na,na,na,na,na,na,na,na,na,na,na,na,na,na,na,na,na,na,na,na,na,na,na,na,na,na,na,na,na,na,na,na,na,na,na,na,na,na,na,na,na,na,na,na,na,na,na,na,na,na,na,na,na,na,na,na,na,na,na,na,na,na,na,na,na,na,na,na,na,na,na,na,na,na,na,na,na,na,na,na,na,na,na,na,na,na,na,na,na,na,na,na,na,na,na,na,na,na,na,na,na,na,na,na,na,na,na,na,na,na,na,na,na,na,na,na,na,na,na,na,na,na,na,na,na,na,na,na,na,na,na,na,na,na,na,na,na,na,na,na,na,na,na,na,na,na,na,na,na,na,na,na,na,na,na,na,na,na,na,na,na,na,na,na,na,na,na,na,na,na,na,na,na,na,na,na,na,na,na,na,na,na,na,na,na,na,na,na,na,na,na,na,na,na,na,na,na,na,na,na,na,na,na,na,na,na,na,na,na,na,na,na,na,na,na,na,na,na,na,na,na,na,na,na,na,na,na,na,na,na,na,na,na,na,na,na,na,na,na,na,na,na,na,na,na,na,na,na,na,na,na,na,na,na,na,na,na,na,na,na,na,na,na,na,na,na,na,na,na,na,na,na,na,na,na,na,na,na,na,na,na,na,na,na,na,na,na,na,na,na,na,na,na,na,na,na,na,na,na,na,na,na,na,na,na,na,na,na,na,na,na,na,na,na,na,na,na,na,na,na,na,na,na,na,na,na,na,na,na,na,na,na,na,na,na,na,na,na,na,na,na,na,na,na,na,na,na,na,na,na,na,na,na,na,na,na,na,na,na,na,na,na,na,na,na,na,na,na,na,na,na,na,na,na,na,na,na,na,na,na,na,na,na,na,na,na,na,na,na,na,na,na,na,na,na,na,na,na,na,na,na,na,na,na,na,na,na,na,na,na,na,na,na,na,na,na,na,na,na,na,na,na,na,na,na,na,na,na,na,na,na,na,na,na,na,na,na,na,na,na,na,na,na,na,na,na,na,na,na,na,na,na,na,na,na,na,na,na,na,na,na,na,na,na,na,na,na,na,na,na,na,na,na,na,na,na,na,na,na,na,na,na,na,na,na,na,na,na,na,na,na,na,na,na,na,na,na,na,na,na,na,na,na,na,na,na,na,na,na,na,na,na,na,na,na,na,na,na,na,na,na,na,na,na,na,na,na,na,na,na,na,na,na,na,na,na,na,na,na,na,na,na,na,na,na,na,na,na,na,na,na,na,na,na,na,na,na,na,na,na,na,na,na,na,na,na,na,na,na,na,na,na,na,na,na,na,na,na,na,na,na,na,na,na
29,        Oils & Fats,104.12,103.321,103.656,102.841,104.819,105.36,103.8,103.702,102.567,102.137,102.231,101.393,100.824,99.177,98.146,99.473,99.115,100.678,101.893,100.929,99.388,96.757,97.445,97.863,98.821,97.614,97.089,97.311,97.384,97.597,96.688,96.533,95.016,94.91,95.165,96.746,98.182,97.496,93.847,93.587,92.944,93.015,93.723,91.46,90.75,90.728,90.054,89.866,89.182,89.735,88.142,88.296,87.729,86.721,84.623,85.558,84.573,83.801,85.051,85.52,84.923,83.799,85.371,85.747,92.71,92.396,90.629,84.609,85.209,83.279,85.08,84.119,85.033,85.394,82.435,83.198,84.866,85.882,85.588,86.297,85.88,85.318,85.254,85.774,84.809,83.734,83.6,84.853,85.267,84.189,85.806,85.093,83.024,82.607,81.907,82.11,82.339,83.108,80.251,82.214,81.619,81.201,81.765,81.798,80.344,79.889,79.97,80.664,80.635,80.238,79.523,79.65,80.703,82.9,83.669,84.425,82.856,82.046,80.539,81.522,82.649,82.436,80.83,81.983,83.429,84.487,85.086,84.437,82.082,82.631,85.17,84.285,84.672,84.16,82.435,82.501,83.202,83.225,82.841,82.78,81.199,81.916,82.858,83.753,83.49,82.994,83.129,82.654,82.267,81.469,82.111,82.693,82.699,82.698,82.052,82.548,82.639,83.833,83.732,84.607,84.153,84.044,85.019,84.616,84.862,82.92,83.547,83.978,83.353,84.174,83.844,82.723,81.668,82.907,81.261,81.898,81.362,80.655,78.567,79.049,78.869,79.384,78.132,79.493,78.982,78.875,79.857,79.409,79.395,77.676,78.551,78.83,80.233,79.709,78.924,80.971,81.172,80.671,81.445,82.75,83.303,82.005,84.361,84.714,84.574,86.395,86.906,86.757,86.494,85.356,78.869,75.658,69.33,67.908,66.77,64.195,63.17,61.096,60.73,60.611,58.542,57.798,57.418,56.631,55.865,55.998,55.695,55.252,55.284,55.589,55.625,55.704,55.69,55.625,55.298,55.289,55.281,54.634,54.602,54.352,54.555,55.052,54.773,54.583,54.435,54.776,54.396,54.421,54.132,54.487,na,na,na,na,na,na,na,na,na,na,na,na,na,na,na,na,na,na,na,na,na,na,na,na,na,na,na,na,na,na,na,na,na,na,na,na,na,na,na,na,na,na,na,na,na,na,na,na,na,na,na,na,na,na,na,na,na,na,na,na,na,na,na,na,na,na,na,na,na,na,na,na,na,na,na,na,na,na,na,na,na,na,na,na,na,na,na,na,na,na,na,na,na,na,na,na,na,na,na,na,na,na,na,na,na,na,na,na,na,na,na,na,na,na,na,na,na,na,na,na,na,na,na,na,na,na,na,na,na,na,na,na,na,na,na,na,na,na,na,na,na,na,na,na,na,na,na,na,na,na,na,na,na,na,na,na,na,na,na,na,na,na,na,na,na,na,na,na,na,na,na,na,na,na,na,na,na,na,na,na,na,na,na,na,na,na,na,na,na,na,na,na,na,na,na,na,na,na,na,na,na,na,na,na,na,na,na,na,na,na,na,na,na,na,na,na,na,na,na,na,na,na,na,na,na,na,na,na,na,na,na,na,na,na,na,na,na,na,na,na,na,na,na,na,na,na,na,na,na,na,na,na,na,na,na,na,na,na,na,na,na,na,na,na,na,na,na,na,na,na,na,na,na,na,na,na,na,na,na,na,na,na,na,na,na,na,na,na,na,na,na,na,na,na,na,na,na,na,na,na,na,na,na,na,na,na,na,na,na,na,na,na,na,na,na,na,na,na,na,na,na,na,na,na,na,na,na,na,na,na,na,na,na,na,na,na,na,na,na,na,na,na,na,na,na,na,na,na,na,na,na,na,na,na,na,na,na,na,na,na,na,na,na,na,na,na,na,na,na,na,na,na,na,na,na,na,na,na,na,na,na,na,na,na,na,na,na,na,na,na,na,na,na,na,na,na,na,na,na,na,na,na,na,na,na,na,na,na,na,na,na,na,na,na,na,na,na,na,na,na,na,na,na,na,na,na,na,na,na,na,na,na,na,na,na,na,na,na,na,na,na,na,na,na,na,na,na,na,na,na,na,na,na,na,na,na,na,na,na,na,na,na,na,na,na,na,na,na,na,na,na,na,na,na,na,na,na,na,na,na,na,na,na,na,na,na,na,na,na,na,na,na,na,na,na,na,na,na,na,na,na,na,na,na,na,na,na,na,na,na,na,na,na,na,na,na,na,na,na,na,na,na,na,na,na,na,na,na
30,            Vegetable Oils,104.304,103.536,104.19,103.433,106.46,106.721,104.425,105.119,102.034,102.868,103.119,102.063,101.648,98.947,97.054,98.411,98.811,100.509,102.075,101.268,99.641,96.455,96.951,97.636,98.626,96.865,96.905,97.279,97.227,97.326,97.587,97.453,96.117,95.989,96.73,97.981,100.321,99.322,96.095,95.813,95.557,95.575,96.485,93.119,92.927,92.932,92.849,92.389,91.901,92.223,90.213,90.459,89.177,88.136,86.08,86.344,85.456,85.035,86.246,86.34,86.258,84.539,86.095,86.411,95.809,95.976,93.936,86.09,86.555,85.726,86.851,85.492,85.999,86.052,82.286,83.057,86.409,88.21,87.743,88.271,87.235,87.579,87.092,87.747,86.223,84.41,84.032,85.296,86.864,85.963,86.48,86.691,84.253,83.972,84.987,84.826,84.972,85.489,82.531,85.075,85.539,84.402,85.187,84.749,83.662,83.672,84.298,84.415,84.387,83.533,82.919,82.976,85.024,86.757,87.62,88.986,87.321,86.586,84.924,86.296,87.211,85.934,84.453,86.666,88.116,88.98,89.912,89.066,86.674,87.228,na,na,na,na,na,na,na,na,na,na,na,na,na,na,na,na,na,na,na,na,na,na,na,na,na,na,na,na,na,na,na,na,na,na,na,na,na,na,na,na,na,na,na,na,na,na,na,na,na,na,na,na,na,na,na,na,na,na,na,na,na,na,na,na,na,na,na,na,na,na,na,na,na,na,na,na,na,na,na,na,na,na,na,na,na,na,na,na,na,na,na,na,na,na,na,na,na,na,na,na,na,na,na,na,na,na,na,na,na,na,na,na,na,na,na,na,na,na,na,na,na,na,na,na,na,na,na,na,na,na,na,na,na,na,na,na,na,na,na,na,na,na,na,na,na,na,na,na,na,na,na,na,na,na,na,na,na,na,na,na,na,na,na,na,na,na,na,na,na,na,na,na,na,na,na,na,na,na,na,na,na,na,na,na,na,na,na,na,na,na,na,na,na,na,na,na,na,na,na,na,na,na,na,na,na,na,na,na,na,na,na,na,na,na,na,na,na,na,na,na,na,na,na,na,na,na,na,na,na,na,na,na,na,na,na,na,na,na,na,na,na,na,na,na,na,na,na,na,na,na,na,na,na,na,na,na,na,na,na,na,na,na,na,na,na,na,na,na,na,na,na,na,na,na,na,na,na,na,na,na,na,na,na,na,na,na,na,na,na,na,na,na,na,na,na,na,na,na,na,na,na,na,na,na,na,na,na,na,na,na,na,na,na,na,na,na,na,na,na,na,na,na,na,na,na,na,na,na,na,na,na,na,na,na,na,na,na,na,na,na,na,na,na,na,na,na,na,na,na,na,na,na,na,na,na,na,na,na,na,na,na,na,na,na,na,na,na,na,na,na,na,na,na,na,na,na,na,na,na,na,na,na,na,na,na,na,na,na,na,na,na,na,na,na,na,na,na,na,na,na,na,na,na,na,na,na,na,na,na,na,na,na,na,na,na,na,na,na,na,na,na,na,na,na,na,na,na,na,na,na,na,na,na,na,na,na,na,na,na,na,na,na,na,na,na,na,na,na,na,na,na,na,na,na,na,na,na,na,na,na,na,na,na,na,na,na,na,na,na,na,na,na,na,na,na,na,na,na,na,na,na,na,na,na,na,na,na,na,na,na,na,na,na,na,na,na,na,na,na,na,na,na,na,na,na,na,na,na,na,na,na,na,na,na,na,na,na,na,na,na,na,na,na,na,na,na,na,na,na,na,na,na,na,na,na,na,na,na,na,na,na,na,na,na,na,na,na,na,na,na,na,na,na,na,na,na,na,na,na,na,na,na,na,na,na,na,na,na,na,na,na,na,na,na,na,na,na,na,na,na,na,na,na,na,na,na,na,na,na,na,na,na,na,na,na,na,na,na,na,na,na,na,na,na,na,na,na,na,na,na,na,na,na,na,na,na,na,na,na,na,na,na,na,na,na,na,na,na,na,na,na,na,na,na,na,na,na,na,na,na,na,na,na,na,na,na,na,na
31,            Butter & Other Fats,103.568,102.677,102.053,101.063,99.896,101.278,101.923,99.452,104.165,99.945,99.565,99.381,98.35,99.866,101.421,102.659,100.028,101.184,101.346,99.911,98.627,97.664,98.983,98.571,99.43,99.952,97.663,97.411,97.872,98.447,93.884,93.667,91.579,91.544,90.286,92.89,91.508,91.797,86.833,86.644,84.788,85.027,85.109,86.286,83.957,83.852,81.334,81.995,80.702,81.971,81.679,81.546,83.213,82.307,80.077,83.105,81.818,79.95,81.32,82.962,80.76,81.49,83.112,83.673,83.041,81.227,80.313,79.99,81.008,75.645,79.55,79.835,82.02,83.342,82.899,83.634,80.054,78.62,78.867,80.134,81.654,78.264,79.959,80.167,80.464,81.052,81.464,82.676,80.506,79.047,83.098,80.332,79.117,78.401,73.881,74.897,75.308,76.63,74.035,74.677,71.728,72.919,72.982,74.063,71.814,70.325,69.191,71.16,71.131,71.761,70.828,71.111,69.931,73.132,73.677,73.064,71.729,70.766,69.622,69.726,71.307,73.476,71.61,70.384,71.799,73.275,73.124,72.924,70.684,71.213,na,na,na,na,na,na,na,na,na,na,na,na,na,na,na,na,na,na,na,na,na,na,na,na,na,na,na,na,na,na,na,na,na,na,na,na,na,na,na,na,na,na,na,na,na,na,na,na,na,na,na,na,na,na,na,na,na,na,na,na,na,na,na,na,na,na,na,na,na,na,na,na,na,na,na,na,na,na,na,na,na,na,na,na,na,na,na,na,na,na,na,na,na,na,na,na,na,na,na,na,na,na,na,na,na,na,na,na,na,na,na,na,na,na,na,na,na,na,na,na,na,na,na,na,na,na,na,na,na,na,na,na,na,na,na,na,na,na,na,na,na,na,na,na,na,na,na,na,na,na,na,na,na,na,na,na,na,na,na,na,na,na,na,na,na,na,na,na,na,na,na,na,na,na,na,na,na,na,na,na,na,na,na,na,na,na,na,na,na,na,na,na,na,na,na,na,na,na,na,na,na,na,na,na,na,na,na,na,na,na,na,na,na,na,na,na,na,na,na,na,na,na,na,na,na,na,na,na,na,na,na,na,na,na,na,na,na,na,na,na,na,na,na,na,na,na,na,na,na,na,na,na,na,na,na,na,na,na,na,na,na,na,na,na,na,na,na,na,na,na,na,na,na,na,na,na,na,na,na,na,na,na,na,na,na,na,na,na,na,na,na,na,na,na,na,na,na,na,na,na,na,na,na,na,na,na,na,na,na,na,na,na,na,na,na,na,na,na,na,na,na,na,na,na,na,na,na,na,na,na,na,na,na,na,na,na,na,na,na,na,na,na,na,na,na,na,na,na,na,na,na,na,na,na,na,na,na,na,na,na,na,na,na,na,na,na,na,na,na,na,na,na,na,na,na,na,na,na,na,na,na,na,na,na,na,na,na,na,na,na,na,na,na,na,na,na,na,na,na,na,na,na,na,na,na,na,na,na,na,na,na,na,na,na,na,na,na,na,na,na,na,na,na,na,na,na,na,na,na,na,na,na,na,na,na,na,na,na,na,na,na,na,na,na,na,na,na,na,na,na,na,na,na,na,na,na,na,na,na,na,na,na,na,na,na,na,na,na,na,na,na,na,na,na,na,na,na,na,na,na,na,na,na,na,na,na,na,na,na,na,na,na,na,na,na,na,na,na,na,na,na,na,na,na,na,na,na,na,na,na,na,na,na,na,na,na,na,na,na,na,na,na,na,na,na,na,na,na,na,na,na,na,na,na,na,na,na,na,na,na,na,na,na,na,na,na,na,na,na,na,na,na,na,na,na,na,na,na,na,na,na,na,na,na,na,na,na,na,na,na,na,na,na,na,na,na,na,na,na,na,na,na,na,na,na,na,na,na,na,na,na,na,na,na,na,na,na,na,na,na,na,na,na,na,na,na,na,na,na,na,na,na,na,na,na,na,na,na,na,na,na,na,na,na,na,na,na,na,na,na,na,na,na,na,na,na,na,na,na,na,na,na,na,na,na,na,na,na
32,        Fruits & Nuts,102.741,101.826,103.132,101.183,101.274,100.901,104.938,103.931,104.435,104.421,102.39,103.084,103.299,103.369,100.398,99.837,97.08,98.091,97.376,97.509,100.597,96.973,98.593,100.269,98.596,99.458,98.968,98.355,97.796,98.834,97.799,97.3,95.738,97.109,97.671,96.575,97.441,97.708,96.713,95.132,92.51,91.914,92.662,92.606,93.029,94.007,93.743,92.858,94.185,94.091,93.284,90.995,90.881,91.344,90.194,90.141,90.806,89.444,88.316,89.825,90.524,90.445,88.863,90.639,90.193,88.928,87.934,88.738,89.246,89.474,88.424,89.037,89.629,88.492,87.806,86.8,86.66,87.655,87.756,88.572,87.541,86.993,87.131,87.112,87.659,87.052,86.535,86.305,86.62,85.974,86.108,85.39,84.166,84.397,85.306,84.435,85.279,84.362,83.736,84.137,85.657,84.829,85.176,83.696,84.706,83.753,83.356,82.631,83.245,83.039,81.648,81.526,81.375,82.066,83.477,81.34,82.615,82.995,81.819,80.828,81.883,81.633,80.72,79.237,78.69,79.291,80.83,79.951,80.985,80.246,80.973,80.349,79.841,79.627,78.44,78.21,79.184,79.595,79.662,78.522,77.228,77.233,74.896,74.617,74.847,73.471,73.151,72.981,72.806,72.731,73.486,73.081,72.777,72.299,71.515,71.38,71.598,70.317,70.201,69.547,70.085,69.749,70.169,69.76,70.141,69.909,69.633,69.248,68.544,68.442,68.211,68.449,69.171,68.603,69.7,68.655,68.047,67.46,66.672,66.415,66.547,66.358,65.976,65.941,65.942,67.051,66.818,66.857,65.811,64.24,64.688,64.969,65.161,65.125,64.526,64.099,64.393,65.456,65.811,65.94,64.952,64.605,64.502,64.67,63.192,63.09,62.91,62.995,62.886,63.01,63.363,62.813,63.445,62.884,63.169,61.232,61.006,60.895,60.162,59.919,58.772,58.441,57.49,57.248,57.429,57.621,57.705,57.689,57.18,57.215,56.543,56.291,56.222,56.241,56.341,56.448,55.996,55.727,55.676,55.665,55.768,55.798,55.701,55.863,55.792,55.524,55.888,56.444,56.519,56.123,na,na,na,na,na,na,na,na,na,na,na,na,na,na,na,na,na,na,na,na,na,na,na,na,na,na,na,na,na,na,na,na,na,na,na,na,na,na,na,na,na,na,na,na,na,na,na,na,na,na,na,na,na,na,na,na,na,na,na,na,na,na,na,na,na,na,na,na,na,na,na,na,na,na,na,na,na,na,na,na,na,na,na,na,na,na,na,na,na,na,na,na,na,na,na,na,na,na,na,na,na,na,na,na,na,na,na,na,na,na,na,na,na,na,na,na,na,na,na,na,na,na,na,na,na,na,na,na,na,na,na,na,na,na,na,na,na,na,na,na,na,na,na,na,na,na,na,na,na,na,na,na,na,na,na,na,na,na,na,na,na,na,na,na,na,na,na,na,na,na,na,na,na,na,na,na,na,na,na,na,na,na,na,na,na,na,na,na,na,na,na,na,na,na,na,na,na,na,na,na,na,na,na,na,na,na,na,na,na,na,na,na,na,na,na,na,na,na,na,na,na,na,na,na,na,na,na,na,na,na,na,na,na,na,na,na,na,na,na,na,na,na,na,na,na,na,na,na,na,na,na,na,na,na,na,na,na,na,na,na,na,na,na,na,na,na,na,na,na,na,na,na,na,na,na,na,na,na,na,na,na,na,na,na,na,na,na,na,na,na,na,na,na,na,na,na,na,na,na,na,na,na,na,na,na,na,na,na,na,na,na,na,na,na,na,na,na,na,na,na,na,na,na,na,na,na,na,na,na,na,na,na,na,na,na,na,na,na,na,na,na,na,na,na,na,na,na,na,na,na,na,na,na,na,na,na,na,na,na,na,na,na,na,na,na,na,na,na,na,na,na,na,na,na,na,na,na,na,na,na,na,na,na,na,na,na,na,na,na,na,na,na,na,na,na,na,na,na,na,na,na,na,na,na,na,na,na,na,na,na,na,na,na,na,na,na,na,na,na,na,na,na,na,na,na,na,na,na,na,na,na,na,na,na,na,na,na,na,na,na,na,na,na,na,na,na,na,na,na,na,na,na,na,na,na,na,na,na,na,na,na,na,na,na,na,na,na,na,na,na,na,na,na,na,na,na,na,na,na,na,na,na,na,na,na,na,na,na,na,na,na,na,na,na,na,na,na,na,na,na,na,na,na,na,na,na,na,na,na,na,na,na,na,na,na,na,na,na,na,na,na,na,na,na,na,na,na,na
33,"            Tropical Fruits, Fresh",97.814,97.497,99.425,97.431,97.956,101.4,104.744,104.996,104.877,104.168,102.89,104.886,108.52,106.68,103.45,99.619,96.474,93.849,93.994,96.992,98.279,94.368,98.356,99.227,98.359,97.836,99.062,97.786,96.904,98.239,98.081,98.242,97.935,96.304,96.278,96.567,97.667,94.926,96.298,96.117,94.96,94.815,95.531,95.583,95.336,96.527,93.782,94.591,95.922,95.939,94.135,94.108,95.107,92.951,92.605,93.062,93.295,93.01,92.812,94.29,94.014,93.588,92.599,92.674,90.138,90.18,93.865,94.182,94.912,94.894,93.669,95.345,93.995,92.048,89.898,89.029,88.099,90.08,88.62,90.524,90.304,90.499,91.27,90.661,89.297,89.254,89.845,89.307,88.449,87.371,85.923,85.807,86.966,86.445,86.95,86.434,88.361,86.839,85.743,85.423,84.07,83.639,84.368,83.976,85.127,84.839,83.465,83.206,84.463,84.755,83.624,83.162,82.164,81.521,82.213,81.656,82.761,81.97,80.58,79.492,79.693,79.322,78.724,77.425,76.31,76.632,77.784,79.501,78.787,77.847,na,na,na,na,na,na,na,na,na,na,na,na,na,na,na,na,na,na,na,na,na,na,na,na,na,na,na,na,na,na,na,na,na,na,na,na,na,na,na,na,na,na,na,na,na,na,na,na,na,na,na,na,na,na,na,na,na,na,na,na,na,na,na,na,na,na,na,na,na,na,na,na,na,na,na,na,na,na,na,na,na,na,na,na,na,na,na,na,na,na,na,na,na,na,na,na,na,na,na,na,na,na,na,na,na,na,na,na,na,na,na,na,na,na,na,na,na,na,na,na,na,na,na,na,na,na,na,na,na,na,na,na,na,na,na,na,na,na,na,na,na,na,na,na,na,na,na,na,na,na,na,na,na,na,na,na,na,na,na,na,na,na,na,na,na,na,na,na,na,na,na,na,na,na,na,na,na,na,na,na,na,na,na,na,na,na,na,na,na,na,na,na,na,na,na,na,na,na,na,na,na,na,na,na,na,na,na,na,na,na,na,na,na,na,na,na,na,na,na,na,na,na,na,na,na,na,na,na,na,na,na,na,na,na,na,na,na,na,na,na,na,na,na,na,na,na,na,na,na,na,na,na,na,na,na,na,na,na,na,na,na,na,na,na,na,na,na,na,na,na,na,na,na,na,na,na,na,na,na,na,na,na,na,na,na,na,na,na,na,na,na,na,na,na,na,na,na,na,na,na,na,na,na,na,na,na,na,na,na,na,na,na,na,na,na,na,na,na,na,na,na,na,na,na,na,na,na,na,na,na,na,na,na,na,na,na,na,na,na,na,na,na,na,na,na,na,na,na,na,na,na,na,na,na,na,na,na,na,na,na,na,na,na,na,na,na,na,na,na,na,na,na,na,na,na,na,na,na,na,na,na,na,na,na,na,na,na,na,na,na,na,na,na,na,na,na,na,na,na,na,na,na,na,na,na,na,na,na,na,na,na,na,na,na,na,na,na,na,na,na,na,na,na,na,na,na,na,na,na,na,na,na,na,na,na,na,na,na,na,na,na,na,na,na,na,na,na,na,na,na,na,na,na,na,na,na,na,na,na,na,na,na,na,na,na,na,na,na,na,na,na,na,na,na,na,na,na,na,na,na,na,na,na,na,na,na,na,na,na,na,na,na,na,na,na,na,na,na,na,na,na,na,na,na,na,na,na,na,na,na,na,na,na,na,na,na,na,na,na,na,na,na,na,na,na,na,na,na,na,na,na,na,na,na,na,na,na,na,na,na,na,na,na,na,na,na,na,na,na,na,na,na,na,na,na,na,na,na,na,na,na,na,na,na,na,na,na,na,na,na,na,na,na,na,na,na,na,na,na,na,na,na,na,na,na,na,na,na,na,na,na,na,na,na,na,na,na,na,na,na,na,na,na,na,na,na,na,na,na,na,na,na,na,na,na,na,na,na,na,na,na,na,na,na,na,na,na,na,na,na,na,na,na,na,na,na,na,na,na,na,na,na,na,na,na,na,na,na
34,"            Citrus, Beries, Stone & Other Fruits, Fresh",105.896,104.352,105.82,103.32,103.209,100.4,105.815,104.27,105.711,106.158,102.954,102.815,101.091,102.058,98.82,100.123,96.309,99.526,98.524,96.984,102.651,98.148,98.674,101.039,98.21,100.345,98.855,98.526,97.98,99.081,97.825,96.818,94.126,97.899,99.127,96.92,97.85,100.011,97.755,94.972,90.787,89.934,91.002,90.809,91.867,93.134,94.237,92.171,93.959,93.737,93.56,89.102,88.127,90.523,88.538,88.053,89.419,87.073,85.125,87.023,88.369,88.437,86.237,89.253,89.862,87.899,83.724,85.143,85.674,86.324,85.053,85.271,86.922,86.048,86.148,84.74,85.131,85.698,86.53,86.527,85.337,84.253,84.072,84.229,85.764,85.084,83.885,83.558,84.775,84.236,85.217,83.818,81.317,82.141,83.443,82.074,82.415,81.582,81.152,81.961,85.454,84.318,84.43,81.869,83.357,81.968,81.852,80.568,80.903,80.578,79.032,79.225,79.647,81.011,83.003,79.351,81.626,82.618,81.741,80.388,82.102,81.983,81.062,78.895,78.049,79.098,81.312,78.859,81.319,80.512,na,na,na,na,na,na,na,na,na,na,na,na,na,na,na,na,na,na,na,na,na,na,na,na,na,na,na,na,na,na,na,na,na,na,na,na,na,na,na,na,na,na,na,na,na,na,na,na,na,na,na,na,na,na,na,na,na,na,na,na,na,na,na,na,na,na,na,na,na,na,na,na,na,na,na,na,na,na,na,na,na,na,na,na,na,na,na,na,na,na,na,na,na,na,na,na,na,na,na,na,na,na,na,na,na,na,na,na,na,na,na,na,na,na,na,na,na,na,na,na,na,na,na,na,na,na,na,na,na,na,na,na,na,na,na,na,na,na,na,na,na,na,na,na,na,na,na,na,na,na,na,na,na,na,na,na,na,na,na,na,na,na,na,na,na,na,na,na,na,na,na,na,na,na,na,na,na,na,na,na,na,na,na,na,na,na,na,na,na,na,na,na,na,na,na,na,na,na,na,na,na,na,na,na,na,na,na,na,na,na,na,na,na,na,na,na,na,na,na,na,na,na,na,na,na,na,na,na,na,na,na,na,na,na,na,na,na,na,na,na,na,na,na,na,na,na,na,na,na,na,na,na,na,na,na,na,na,na,na,na,na,na,na,na,na,na,na,na,na,na,na,na,na,na,na,na,na,na,na,na,na,na,na,na,na,na,na,na,na,na,na,na,na,na,na,na,na,na,na,na,na,na,na,na,na,na,na,na,na,na,na,na,na,na,na,na,na,na,na,na,na,na,na,na,na,na,na,na,na,na,na,na,na,na,na,na,na,na,na,na,na,na,na,na,na,na,na,na,na,na,na,na,na,na,na,na,na,na,na,na,na,na,na,na,na,na,na,na,na,na,na,na,na,na,na,na,na,na,na,na,na,na,na,na,na,na,na,na,na,na,na,na,na,na,na,na,na,na,na,na,na,na,na,na,na,na,na,na,na,na,na,na,na,na,na,na,na,na,na,na,na,na,na,na,na,na,na,na,na,na,na,na,na,na,na,na,na,na,na,na,na,na,na,na,na,na,na,na,na,na,na,na,na,na,na,na,na,na,na,na,na,na,na,na,na,na,na,na,na,na,na,na,na,na,na,na,na,na,na,na,na,na,na,na,na,na,na,na,na,na,na,na,na,na,na,na,na,na,na,na,na,na,na,na,na,na,na,na,na,na,na,na,na,na,na,na,na,na,na,na,na,na,na,na,na,na,na,na,na,na,na,na,na,na,na,na,na,na,na,na,na,na,na,na,na,na,na,na,na,na,na,na,na,na,na,na,na,na,na,na,na,na,na,na,na,na,na,na,na,na,na,na,na,na,na,na,na,na,na,na,na,na,na,na,na,na,na,na,na,na,na,na,na,na,na,na,na,na,na,na,na,na,na,na,na,na,na,na,na,na,na,na,na,na,na,na,na,na,na,na,na,na,na,na,na,na,na,na,na,na,na,na,na,na,na,na,na,na,na,na,na,na,na,na,na,na,na,na
35,"            Fruit, Dried & Dehydrated",101.279,101.94,101.682,101.524,100.734,100.558,100.27,100.449,99.23,98.041,99.523,100.474,99.429,100.211,100.51,99.6,100.235,99.831,100.733,100.441,99.449,99.567,100.28,100.254,100.239,100.317,99.78,98.692,98.15,97.997,96.902,96.947,97.104,96.604,96.564,95.941,95.827,94.847,91.572,90.816,90.498,90.678,90.974,89.976,89.534,89.761,89.12,89.039,88.593,88.912,88.725,88.213,88.195,87.938,88.136,88.617,88.823,88.968,88.678,88.919,88.445,88.91,87.748,87.949,88.272,87.388,88.413,87.976,89.138,88.605,89.45,86.317,85.703,85.458,86.421,85.528,85.105,86.436,86.911,85.143,84.511,84.968,84.691,84.951,85.431,85.242,85.233,85.567,85.446,84.992,84.582,84.398,84.297,83.334,83.443,82.961,83.509,85.46,84.472,85.405,85.052,83.963,83.298,83.246,82.872,82.17,82.862,82.743,83.152,80.973,80.958,80.447,79.599,80.407,81.14,81.034,79.97,80.308,78.53,79.178,79.932,80.545,79.681,79.753,81.53,81.602,79.659,79.443,79.449,80.129,na,na,na,na,na,na,na,na,na,na,na,na,na,na,na,na,na,na,na,na,na,na,na,na,na,na,na,na,na,na,na,na,na,na,na,na,na,na,na,na,na,na,na,na,na,na,na,na,na,na,na,na,na,na,na,na,na,na,na,na,na,na,na,na,na,na,na,na,na,na,na,na,na,na,na,na,na,na,na,na,na,na,na,na,na,na,na,na,na,na,na,na,na,na,na,na,na,na,na,na,na,na,na,na,na,na,na,na,na,na,na,na,na,na,na,na,na,na,na,na,na,na,na,na,na,na,na,na,na,na,na,na,na,na,na,na,na,na,na,na,na,na,na,na,na,na,na,na,na,na,na,na,na,na,na,na,na,na,na,na,na,na,na,na,na,na,na,na,na,na,na,na,na,na,na,na,na,na,na,na,na,na,na,na,na,na,na,na,na,na,na,na,na,na,na,na,na,na,na,na,na,na,na,na,na,na,na,na,na,na,na,na,na,na,na,na,na,na,na,na,na,na,na,na,na,na,na,na,na,na,na,na,na,na,na,na,na,na,na,na,na,na,na,na,na,na,na,na,na,na,na,na,na,na,na,na,na,na,na,na,na,na,na,na,na,na,na,na,na,na,na,na,na,na,na,na,na,na,na,na,na,na,na,na,na,na,na,na,na,na,na,na,na,na,na,na,na,na,na,na,na,na,na,na,na,na,na,na,na,na,na,na,na,na,na,na,na,na,na,na,na,na,na,na,na,na,na,na,na,na,na,na,na,na,na,na,na,na,na,na,na,na,na,na,na,na,na,na,na,na,na,na,na,na,na,na,na,na,na,na,na,na,na,na,na,na,na,na,na,na,na,na,na,na,na,na,na,na,na,na,na,na,na,na,na,na,na,na,na,na,na,na,na,na,na,na,na,na,na,na,na,na,na,na,na,na,na,na,na,na,na,na,na,na,na,na,na,na,na,na,na,na,na,na,na,na,na,na,na,na,na,na,na,na,na,na,na,na,na,na,na,na,na,na,na,na,na,na,na,na,na,na,na,na,na,na,na,na,na,na,na,na,na,na,na,na,na,na,na,na,na,na,na,na,na,na,na,na,na,na,na,na,na,na,na,na,na,na,na,na,na,na,na,na,na,na,na,na,na,na,na,na,na,na,na,na,na,na,na,na,na,na,na,na,na,na,na,na,na,na,na,na,na,na,na,na,na,na,na,na,na,na,na,na,na,na,na,na,na,na,na,na,na,na,na,na,na,na,na,na,na,na,na,na,na,na,na,na,na,na,na,na,na,na,na,na,na,na,na,na,na,na,na,na,na,na,na,na,na,na,na,na,na,na,na,na,na,na,na,na,na,na,na,na,na,na,na,na,na,na,na,na,na,na,na,na,na,na,na,na,na,na,na,na,na,na,na,na,na,na,na,na,na,na,na,na,na,na,na,na,na,na,na,na,na,na,na,na,na,na,na,na,na,na,na,na,na,na
36,"            Fruits, Canned Or Bottled",108.879,105.646,100.965,106.732,100.244,103.793,104.031,96.495,95.207,93.094,98.002,99.938,100.483,104.706,98.819,98.801,103.654,103.797,100.742,100.135,94.803,96.12,98.672,103.771,102.076,100.616,99.853,97.852,98.144,97.849,93.41,96.682,97.431,98.885,97.857,99.721,99.889,99.901,98.133,98.196,98.631,98.926,97.474,97.929,96.458,96.432,95.864,95.465,89.924,88.363,88.187,88.774,91.984,89.164,88.938,88.584,87.003,88.23,88.9,88.769,88.994,90.2,86.852,91.927,92.323,91.637,89.488,89.26,86.806,85.585,85.876,87.055,89.014,88.624,81.515,82.885,89.13,88.391,89.475,89.33,83.252,81.468,84.517,87.036,89.217,85.256,82.096,86.773,86.458,85.944,89.648,89.56,82.618,83.7,87.835,89.485,89.04,79.896,76.497,81.805,81.513,81.037,83.961,84.056,82.03,78.899,82.21,83.992,83.538,83.145,76.58,77.734,83.457,83.405,83.391,84.216,76.614,78.636,85.089,84.402,84.712,81.055,78.079,81.911,86.165,81.942,83.905,83.15,80.602,78.652,na,na,na,na,na,na,na,na,na,na,na,na,na,na,na,na,na,na,na,na,na,na,na,na,na,na,na,na,na,na,na,na,na,na,na,na,na,na,na,na,na,na,na,na,na,na,na,na,na,na,na,na,na,na,na,na,na,na,na,na,na,na,na,na,na,na,na,na,na,na,na,na,na,na,na,na,na,na,na,na,na,na,na,na,na,na,na,na,na,na,na,na,na,na,na,na,na,na,na,na,na,na,na,na,na,na,na,na,na,na,na,na,na,na,na,na,na,na,na,na,na,na,na,na,na,na,na,na,na,na,na,na,na,na,na,na,na,na,na,na,na,na,na,na,na,na,na,na,na,na,na,na,na,na,na,na,na,na,na,na,na,na,na,na,na,na,na,na,na,na,na,na,na,na,na,na,na,na,na,na,na,na,na,na,na,na,na,na,na,na,na,na,na,na,na,na,na,na,na,na,na,na,na,na,na,na,na,na,na,na,na,na,na,na,na,na,na,na,na,na,na,na,na,na,na,na,na,na,na,na,na,na,na,na,na,na,na,na,na,na,na,na,na,na,na,na,na,na,na,na,na,na,na,na,na,na,na,na,na,na,na,na,na,na,na,na,na,na,na,na,na,na,na,na,na,na,na,na,na,na,na,na,na,na,na,na,na,na,na,na,na,na,na,na,na,na,na,na,na,na,na,na,na,na,na,na,na,na,na,na,na,na,na,na,na,na,na,na,na,na,na,na,na,na,na,na,na,na,na,na,na,na,na,na,na,na,na,na,na,na,na,na,na,na,na,na,na,na,na,na,na,na,na,na,na,na,na,na,na,na,na,na,na,na,na,na,na,na,na,na,na,na,na,na,na,na,na,na,na,na,na,na,na,na,na,na,na,na,na,na,na,na,na,na,na,na,na,na,na,na,na,na,na,na,na,na,na,na,na,na,na,na,na,na,na,na,na,na,na,na,na,na,na,na,na,na,na,na,na,na,na,na,na,na,na,na,na,na,na,na,na,na,na,na,na,na,na,na,na,na,na,na,na,na,na,na,na,na,na,na,na,na,na,na,na,na,na,na,na,na,na,na,na,na,na,na,na,na,na,na,na,na,na,na,na,na,na,na,na,na,na,na,na,na,na,na,na,na,na,na,na,na,na,na,na,na,na,na,na,na,na,na,na,na,na,na,na,na,na,na,na,na,na,na,na,na,na,na,na,na,na,na,na,na,na,na,na,na,na,na,na,na,na,na,na,na,na,na,na,na,na,na,na,na,na,na,na,na,na,na,na,na,na,na,na,na,na,na,na,na,na,na,na,na,na,na,na,na,na,na,na,na,na,na,na,na,na,na,na,na,na,na,na,na,na,na,na,na,na,na,na,na,na,na,na,na,na,na,na,na,na,na,na,na,na,na,na,na,na,na,na,na,na,na,na,na,na,na,na,na,na,na,na,na,na,na,na,na,na,na,na,na,na,na,na,na,na,na
37,"            Nuts & Seed, In Shell Or Shelled",102.364,102.426,102.215,101.603,102.469,101.61,102.935,100.966,99.566,100.15,99.494,99.976,99.448,100.342,98.721,99.295,101,103.153,100.808,100.449,98.76,98.553,98.166,98.737,100.623,99.182,98.858,99.241,99.621,99.924,97.622,97.183,97.09,95.062,94.071,94.321,94.506,94.304,93.844,94.147,94.573,93.499,92.877,93.639,93.15,92.05,92.333,92.321,92.492,92.803,91.281,93.216,93.99,92.54,92.983,93.607,91.963,91.853,91.889,91.881,92.626,92.451,92.64,93.031,93.019,91.186,92.539,91.959,91.644,90.66,90.577,91.461,92.747,92.361,92.116,92.761,91.393,91.623,92.445,95.751,93.323,93.174,93.164,93.759,94.9,92.674,92.572,93.212,92.224,92.48,92.869,94.202,92.453,92.171,91.888,92.555,92.917,93.301,93.935,93.212,93.903,93.801,94.548,95.246,93.528,93.166,93.504,94.146,94.395,94.332,92.882,91.937,90.684,92.102,92.923,93.466,91.035,91.627,88.361,89.312,89.428,88.672,86.783,87.7,89.443,89.029,89.505,88.785,87.938,87.793,na,na,na,na,na,na,na,na,na,na,na,na,na,na,na,na,na,na,na,na,na,na,na,na,na,na,na,na,na,na,na,na,na,na,na,na,na,na,na,na,na,na,na,na,na,na,na,na,na,na,na,na,na,na,na,na,na,na,na,na,na,na,na,na,na,na,na,na,na,na,na,na,na,na,na,na,na,na,na,na,na,na,na,na,na,na,na,na,na,na,na,na,na,na,na,na,na,na,na,na,na,na,na,na,na,na,na,na,na,na,na,na,na,na,na,na,na,na,na,na,na,na,na,na,na,na,na,na,na,na,na,na,na,na,na,na,na,na,na,na,na,na,na,na,na,na,na,na,na,na,na,na,na,na,na,na,na,na,na,na,na,na,na,na,na,na,na,na,na,na,na,na,na,na,na,na,na,na,na,na,na,na,na,na,na,na,na,na,na,na,na,na,na,na,na,na,na,na,na,na,na,na,na,na,na,na,na,na,na,na,na,na,na,na,na,na,na,na,na,na,na,na,na,na,na,na,na,na,na,na,na,na,na,na,na,na,na,na,na,na,na,na,na,na,na,na,na,na,na,na,na,na,na,na,na,na,na,na,na,na,na,na,na,na,na,na,na,na,na,na,na,na,na,na,na,na,na,na,na,na,na,na,na,na,na,na,na,na,na,na,na,na,na,na,na,na,na,na,na,na,na,na,na,na,na,na,na,na,na,na,na,na,na,na,na,na,na,na,na,na,na,na,na,na,na,na,na,na,na,na,na,na,na,na,na,na,na,na,na,na,na,na,na,na,na,na,na,na,na,na,na,na,na,na,na,na,na,na,na,na,na,na,na,na,na,na,na,na,na,na,na,na,na,na,na,na,na,na,na,na,na,na,na,na,na,na,na,na,na,na,na,na,na,na,na,na,na,na,na,na,na,na,na,na,na,na,na,na,na,na,na,na,na,na,na,na,na,na,na,na,na,na,na,na,na,na,na,na,na,na,na,na,na,na,na,na,na,na,na,na,na,na,na,na,na,na,na,na,na,na,na,na,na,na,na,na,na,na,na,na,na,na,na,na,na,na,na,na,na,na,na,na,na,na,na,na,na,na,na,na,na,na,na,na,na,na,na,na,na,na,na,na,na,na,na,na,na,na,na,na,na,na,na,na,na,na,na,na,na,na,na,na,na,na,na,na,na,na,na,na,na,na,na,na,na,na,na,na,na,na,na,na,na,na,na,na,na,na,na,na,na,na,na,na,na,na,na,na,na,na,na,na,na,na,na,na,na,na,na,na,na,na,na,na,na,na,na,na,na,na,na,na,na,na,na,na,na,na,na,na,na,na,na,na,na,na,na,na,na,na,na,na,na,na,na,na,na,na,na,na,na,na,na,na,na,na,na,na,na,na,na,na,na,na,na,na,na,na,na,na,na,na,na,na,na,na,na,na,na,na,na,na,na,na,na,na,na,na,na,na,na,na,na,na,na,na,na,na
38,        Vegetables,100.387,100.022,98.989,99.821,98.784,99.577,99.666,101.023,101.796,102.11,102.351,100.869,100.873,100.194,99.666,100.106,100.321,99.216,98.476,98.853,99.674,99.403,97.858,97.766,96.516,96.9,97.325,96.464,96.412,96.691,97.076,98.897,100.704,99.706,98.414,97.038,96.491,97.156,96.189,95.681,95.343,94.799,94.131,94.624,95.066,96.374,94.949,94.537,91.468,90.971,90.624,91.234,90.98,90.809,89.861,90.474,91.595,91.134,89.256,88.588,87.255,87.172,87.124,87.655,87.758,87.183,86.707,84.951,85.566,84.765,84.044,83.54,82.503,82.278,82.715,83.23,83.119,83.565,82.713,82.151,82.525,81.497,81.267,81.817,80.725,81.133,80.581,80.873,80.471,80.47,79.788,81.38,82.304,83.609,81.322,81.791,82.053,82.057,80.212,80.971,81.685,81.362,79.803,80.301,82.222,81.63,81.303,80.163,78.829,79.669,80.27,80.635,81.047,80.943,79.888,80.123,80.029,77.805,76.959,76.056,76.528,76.307,76.64,76.407,76.99,76.967,76.522,76.849,78.232,79.05,77.412,77.037,75.994,76.207,76.366,76.565,75.738,75.646,75.722,75.115,75.899,76.368,76.394,74.001,73.254,73.426,73.172,73.823,73.517,74.045,71.953,72.336,74.764,73.831,74.131,72.777,72.384,71.837,70.978,71.373,70.549,71.064,70.335,70.734,71.151,73.226,71.98,71.74,71.601,69.887,69.176,69.776,70.646,69.852,70.736,71.396,72.525,70.884,69.437,70.497,69.694,68.827,69.276,68.549,67.834,67.527,67.634,67.238,66.392,66.041,65.898,66.054,64.262,63.897,63.513,64.051,63.777,63.837,64.399,65.259,64.722,65.565,65.926,65.954,65.168,65.129,64.204,63.874,62.874,63.117,62.867,63.187,63.24,62.222,62.517,61.403,59.514,60.359,60.978,60.141,59.344,58.388,57.909,58.538,60.429,64.473,59.616,57.539,55.836,56.117,55.732,55.99,56.805,56.643,56.299,54.191,55.868,59.859,57.351,56.229,56.056,55.314,55.989,56.392,56.637,57.055,55.912,54.876,54.146,56.332,na,na,na,na,na,na,na,na,na,na,na,na,na,na,na,na,na,na,na,na,na,na,na,na,na,na,na,na,na,na,na,na,na,na,na,na,na,na,na,na,na,na,na,na,na,na,na,na,na,na,na,na,na,na,na,na,na,na,na,na,na,na,na,na,na,na,na,na,na,na,na,na,na,na,na,na,na,na,na,na,na,na,na,na,na,na,na,na,na,na,na,na,na,na,na,na,na,na,na,na,na,na,na,na,na,na,na,na,na,na,na,na,na,na,na,na,na,na,na,na,na,na,na,na,na,na,na,na,na,na,na,na,na,na,na,na,na,na,na,na,na,na,na,na,na,na,na,na,na,na,na,na,na,na,na,na,na,na,na,na,na,na,na,na,na,na,na,na,na,na,na,na,na,na,na,na,na,na,na,na,na,na,na,na,na,na,na,na,na,na,na,na,na,na,na,na,na,na,na,na,na,na,na,na,na,na,na,na,na,na,na,na,na,na,na,na,na,na,na,na,na,na,na,na,na,na,na,na,na,na,na,na,na,na,na,na,na,na,na,na,na,na,na,na,na,na,na,na,na,na,na,na,na,na,na,na,na,na,na,na,na,na,na,na,na,na,na,na,na,na,na,na,na,na,na,na,na,na,na,na,na,na,na,na,na,na,na,na,na,na,na,na,na,na,na,na,na,na,na,na,na,na,na,na,na,na,na,na,na,na,na,na,na,na,na,na,na,na,na,na,na,na,na,na,na,na,na,na,na,na,na,na,na,na,na,na,na,na,na,na,na,na,na,na,na,na,na,na,na,na,na,na,na,na,na,na,na,na,na,na,na,na,na,na,na,na,na,na,na,na,na,na,na,na,na,na,na,na,na,na,na,na,na,na,na,na,na,na,na,na,na,na,na,na,na,na,na,na,na,na,na,na,na,na,na,na,na,na,na,na,na,na,na,na,na,na,na,na,na,na,na,na,na,na,na,na,na,na,na,na,na,na,na,na,na,na,na,na,na,na,na,na,na,na,na,na,na,na,na,na,na,na,na,na,na,na,na,na,na,na,na,na,na,na,na,na,na,na,na,na,na,na,na,na,na,na,na,na,na,na,na,na,na,na,na,na,na,na,na,na,na,na,na,na,na,na,na,na,na,na,na,na,na,na,na,na,na,na,na,na,na,na,na,na,na,na,na,na,na,na,na,na,na,na,na,na,na,na
39,"            Leafy Vegetables, Fresh Or Chilled",102.803,102.273,100.62,102.049,100.369,101.093,100.507,101.53,103.697,104.947,104.687,103.066,102.79,101.54,99.968,98.943,99.66,98.522,96.822,97.676,98.76,97.57,97.713,98.25,96.168,96.49,96.878,96.222,96.398,97.642,97.041,99.909,104.162,104.019,101.676,99.331,98.573,99.875,100.048,99.108,98.044,98.075,97.213,98.207,98.366,101.839,101.114,100.577,94.436,94.11,91.772,92.326,92.752,91.963,90.067,89.979,92.019,92.147,88.759,88.539,87.328,86.728,86.649,85.693,85.086,83.05,84.315,83.2,85.1,85.058,84.588,84.273,82.512,81.552,82.324,82.75,83.13,84.616,82.784,81.116,82.134,80.575,80.525,82.681,80.32,80.662,79.365,80.527,80.033,80.49,78.525,79.052,80.595,85.03,81.351,83.007,82.549,81.971,78.06,79.605,80.066,80.309,78.143,78.634,82.622,82.192,81.942,80.366,77.205,78.422,80.378,81.071,82.159,82.055,81.596,82.355,83.171,78.469,76.604,74.522,75.12,74.849,76.647,75.653,76.623,77.709,76.586,75.275,76.029,79.518,na,na,na,na,na,na,na,na,na,na,na,na,na,na,na,na,na,na,na,na,na,na,na,na,na,na,na,na,na,na,na,na,na,na,na,na,na,na,na,na,na,na,na,na,na,na,na,na,na,na,na,na,na,na,na,na,na,na,na,na,na,na,na,na,na,na,na,na,na,na,na,na,na,na,na,na,na,na,na,na,na,na,na,na,na,na,na,na,na,na,na,na,na,na,na,na,na,na,na,na,na,na,na,na,na,na,na,na,na,na,na,na,na,na,na,na,na,na,na,na,na,na,na,na,na,na,na,na,na,na,na,na,na,na,na,na,na,na,na,na,na,na,na,na,na,na,na,na,na,na,na,na,na,na,na,na,na,na,na,na,na,na,na,na,na,na,na,na,na,na,na,na,na,na,na,na,na,na,na,na,na,na,na,na,na,na,na,na,na,na,na,na,na,na,na,na,na,na,na,na,na,na,na,na,na,na,na,na,na,na,na,na,na,na,na,na,na,na,na,na,na,na,na,na,na,na,na,na,na,na,na,na,na,na,na,na,na,na,na,na,na,na,na,na,na,na,na,na,na,na,na,na,na,na,na,na,na,na,na,na,na,na,na,na,na,na,na,na,na,na,na,na,na,na,na,na,na,na,na,na,na,na,na,na,na,na,na,na,na,na,na,na,na,na,na,na,na,na,na,na,na,na,na,na,na,na,na,na,na,na,na,na,na,na,na,na,na,na,na,na,na,na,na,na,na,na,na,na,na,na,na,na,na,na,na,na,na,na,na,na,na,na,na,na,na,na,na,na,na,na,na,na,na,na,na,na,na,na,na,na,na,na,na,na,na,na,na,na,na,na,na,na,na,na,na,na,na,na,na,na,na,na,na,na,na,na,na,na,na,na,na,na,na,na,na,na,na,na,na,na,na,na,na,na,na,na,na,na,na,na,na,na,na,na,na,na,na,na,na,na,na,na,na,na,na,na,na,na,na,na,na,na,na,na,na,na,na,na,na,na,na,na,na,na,na,na,na,na,na,na,na,na,na,na,na,na,na,na,na,na,na,na,na,na,na,na,na,na,na,na,na,na,na,na,na,na,na,na,na,na,na,na,na,na,na,na,na,na,na,na,na,na,na,na,na,na,na,na,na,na,na,na,na,na,na,na,na,na,na,na,na,na,na,na,na,na,na,na,na,na,na,na,na,na,na,na,na,na,na,na,na,na,na,na,na,na,na,na,na,na,na,na,na,na,na,na,na,na,na,na,na,na,na,na,na,na,na,na,na,na,na,na,na,na,na,na,na,na,na,na,na,na,na,na,na,na,na,na,na,na,na,na,na,na,na,na,na,na,na,na,na,na,na,na,na,na,na,na,na,na,na,na,na,na,na,na,na,na,na,na,na,na,na,na,na,na,na,na,na,na,na,na,na,na,na,na,na,na,na,na,na,na,na,na,na,na,na,na,na,na,na,na,na,na,na,na,na,na
40,"            Fruit-Bearing Vegetables, Fresh Or Chilled",95.683,96.985,95.39,94.973,94.937,95.012,99.46,102.107,103.496,103.362,103.617,98.793,97.943,98.278,98.103,99.832,98.502,96.698,97.797,100.577,104.94,104.923,100.342,99.717,98.505,99.775,101.596,102.783,103.485,103.288,106.511,111.342,113.646,107.243,104.277,102.37,103.403,104.719,101.287,100.204,101.915,99.236,97.96,99.942,102.834,103.226,98.727,97.451,93.991,94.628,95.168,96.096,94.597,94.543,92.579,97.191,98.823,96.416,93.452,90.901,88.544,88.834,88.653,91.255,90.655,89.945,86.958,84.193,86.971,87.074,85.015,83.488,80.872,80.804,82.723,84.658,84.11,84.852,84.769,84.464,85.163,83.357,82.025,81.373,79.536,79.962,79.898,79.409,78.374,78.426,78.245,83.886,87.588,85.261,80.405,80.168,80.448,81.233,80.25,79.685,80.369,79.05,78.917,80.428,82.423,80.564,80.516,79.138,78.516,79.018,79.736,80.928,81.369,81.666,78.269,77.103,77.28,76.007,76.216,75.254,75.726,75.648,76.637,77.309,76.062,74.905,73.284,76.983,82.561,81.926,na,na,na,na,na,na,na,na,na,na,na,na,na,na,na,na,na,na,na,na,na,na,na,na,na,na,na,na,na,na,na,na,na,na,na,na,na,na,na,na,na,na,na,na,na,na,na,na,na,na,na,na,na,na,na,na,na,na,na,na,na,na,na,na,na,na,na,na,na,na,na,na,na,na,na,na,na,na,na,na,na,na,na,na,na,na,na,na,na,na,na,na,na,na,na,na,na,na,na,na,na,na,na,na,na,na,na,na,na,na,na,na,na,na,na,na,na,na,na,na,na,na,na,na,na,na,na,na,na,na,na,na,na,na,na,na,na,na,na,na,na,na,na,na,na,na,na,na,na,na,na,na,na,na,na,na,na,na,na,na,na,na,na,na,na,na,na,na,na,na,na,na,na,na,na,na,na,na,na,na,na,na,na,na,na,na,na,na,na,na,na,na,na,na,na,na,na,na,na,na,na,na,na,na,na,na,na,na,na,na,na,na,na,na,na,na,na,na,na,na,na,na,na,na,na,na,na,na,na,na,na,na,na,na,na,na,na,na,na,na,na,na,na,na,na,na,na,na,na,na,na,na,na,na,na,na,na,na,na,na,na,na,na,na,na,na,na,na,na,na,na,na,na,na,na,na,na,na,na,na,na,na,na,na,na,na,na,na,na,na,na,na,na,na,na,na,na,na,na,na,na,na,na,na,na,na,na,na,na,na,na,na,na,na,na,na,na,na,na,na,na,na,na,na,na,na,na,na,na,na,na,na,na,na,na,na,na,na,na,na,na,na,na,na,na,na,na,na,na,na,na,na,na,na,na,na,na,na,na,na,na,na,na,na,na,na,na,na,na,na,na,na,na,na,na,na,na,na,na,na,na,na,na,na,na,na,na,na,na,na,na,na,na,na,na,na,na,na,na,na,na,na,na,na,na,na,na,na,na,na,na,na,na,na,na,na,na,na,na,na,na,na,na,na,na,na,na,na,na,na,na,na,na,na,na,na,na,na,na,na,na,na,na,na,na,na,na,na,na,na,na,na,na,na,na,na,na,na,na,na,na,na,na,na,na,na,na,na,na,na,na,na,na,na,na,na,na,na,na,na,na,na,na,na,na,na,na,na,na,na,na,na,na,na,na,na,na,na,na,na,na,na,na,na,na,na,na,na,na,na,na,na,na,na,na,na,na,na,na,na,na,na,na,na,na,na,na,na,na,na,na,na,na,na,na,na,na,na,na,na,na,na,na,na,na,na,na,na,na,na,na,na,na,na,na,na,na,na,na,na,na,na,na,na,na,na,na,na,na,na,na,na,na,na,na,na,na,na,na,na,na,na,na,na,na,na,na,na,na,na,na,na,na,na,na,na,na,na,na,na,na,na,na,na,na,na,na,na,na,na,na,na,na,na,na,na,na,na,na,na,na,na,na,na,na,na,na,na,na,na,na,na,na,na,na,na,na,na,na,na,na,na,na,na,na,na,na,na
41,"            Root Vegetables, Fresh Or Chilled",99.103,99.267,98.117,98.947,97.946,99.863,100.048,100.224,98.84,99.572,99.094,100.261,100.762,100.482,100.545,101.149,101.882,101.419,99.539,98.482,98.204,98.182,95.17,93.847,94.69,94.824,94.338,90.69,90.547,89.418,89.394,89.868,90.127,90.499,90.54,90.421,89.317,89.943,89.064,89.505,88.568,87.991,87.929,89.294,89.419,89.566,88.087,87.889,87.177,86.358,88.969,89.822,89.345,89.728,90.416,89.911,90.219,89.512,88.996,88.17,85.926,86.708,87.334,88.314,89.998,91.374,91.826,89.977,87.847,85.483,84.464,84.189,84.09,84.687,84.819,84.383,84.149,83.376,82.315,83.19,82.705,82.48,82.002,81.406,82.047,82.242,82.301,82.324,82.744,82.022,82.041,83.751,84.025,84.308,83.562,83.005,82.834,83.397,83.207,84.089,85.878,85.193,81.699,82.214,83.153,82.831,81.399,80.983,80.699,81.571,81.886,81.573,81.239,80.866,79.567,80.887,79.285,77.453,76.386,76.519,76.741,76.86,75.882,74.732,75.021,75.177,75.581,75.719,76.285,76.02,na,na,na,na,na,na,na,na,na,na,na,na,na,na,na,na,na,na,na,na,na,na,na,na,na,na,na,na,na,na,na,na,na,na,na,na,na,na,na,na,na,na,na,na,na,na,na,na,na,na,na,na,na,na,na,na,na,na,na,na,na,na,na,na,na,na,na,na,na,na,na,na,na,na,na,na,na,na,na,na,na,na,na,na,na,na,na,na,na,na,na,na,na,na,na,na,na,na,na,na,na,na,na,na,na,na,na,na,na,na,na,na,na,na,na,na,na,na,na,na,na,na,na,na,na,na,na,na,na,na,na,na,na,na,na,na,na,na,na,na,na,na,na,na,na,na,na,na,na,na,na,na,na,na,na,na,na,na,na,na,na,na,na,na,na,na,na,na,na,na,na,na,na,na,na,na,na,na,na,na,na,na,na,na,na,na,na,na,na,na,na,na,na,na,na,na,na,na,na,na,na,na,na,na,na,na,na,na,na,na,na,na,na,na,na,na,na,na,na,na,na,na,na,na,na,na,na,na,na,na,na,na,na,na,na,na,na,na,na,na,na,na,na,na,na,na,na,na,na,na,na,na,na,na,na,na,na,na,na,na,na,na,na,na,na,na,na,na,na,na,na,na,na,na,na,na,na,na,na,na,na,na,na,na,na,na,na,na,na,na,na,na,na,na,na,na,na,na,na,na,na,na,na,na,na,na,na,na,na,na,na,na,na,na,na,na,na,na,na,na,na,na,na,na,na,na,na,na,na,na,na,na,na,na,na,na,na,na,na,na,na,na,na,na,na,na,na,na,na,na,na,na,na,na,na,na,na,na,na,na,na,na,na,na,na,na,na,na,na,na,na,na,na,na,na,na,na,na,na,na,na,na,na,na,na,na,na,na,na,na,na,na,na,na,na,na,na,na,na,na,na,na,na,na,na,na,na,na,na,na,na,na,na,na,na,na,na,na,na,na,na,na,na,na,na,na,na,na,na,na,na,na,na,na,na,na,na,na,na,na,na,na,na,na,na,na,na,na,na,na,na,na,na,na,na,na,na,na,na,na,na,na,na,na,na,na,na,na,na,na,na,na,na,na,na,na,na,na,na,na,na,na,na,na,na,na,na,na,na,na,na,na,na,na,na,na,na,na,na,na,na,na,na,na,na,na,na,na,na,na,na,na,na,na,na,na,na,na,na,na,na,na,na,na,na,na,na,na,na,na,na,na,na,na,na,na,na,na,na,na,na,na,na,na,na,na,na,na,na,na,na,na,na,na,na,na,na,na,na,na,na,na,na,na,na,na,na,na,na,na,na,na,na,na,na,na,na,na,na,na,na,na,na,na,na,na,na,na,na,na,na,na,na,na,na,na,na,na,na,na,na,na,na,na,na,na,na,na,na,na,na,na,na,na,na,na,na,na,na,na,na,na,na,na,na,na,na,na,na,na,na,na,na,na,na,na,na,na,na,na,na,na,na,na,na,na,na,na
42,"            Other Vegetables, Fresh Or Chilled",97.985,98.012,97.61,98.031,98.465,98.986,98.006,100.259,98.326,98.117,98.495,100.88,99.265,100.544,101.447,100.441,103.919,99.366,99.53,101.128,96.477,98.511,98.386,99.108,98.562,98.038,99.629,100.381,100.039,101.041,100.522,100.855,100.771,99.567,97.794,96.895,96.525,97.191,97.433,96.329,96.091,97.189,97.223,96.499,96.353,95.456,95.001,95.561,93.883,94.368,93.387,92.934,92.497,92.138,90.545,92.127,92.346,93.408,93.248,92.799,93.965,92.508,93.688,93.096,93.843,93.649,94.024,93.062,93.041,92.457,92.171,91.889,92.499,92.237,91.641,90.281,91.67,91.95,91.402,91.08,91.48,91.631,91.129,91.334,91.688,92.468,91.749,90.978,91.176,91.548,89.323,90.743,90.922,91.533,91.172,90.469,89.088,87.838,87.325,87.308,87.396,87.797,88.171,87.648,87.697,87.959,88.2,88.902,88.417,88.377,88.61,88.259,88.785,89.45,89.622,89.321,88.683,88.132,89.201,88.705,88.527,88.042,86.848,86.194,86.023,86.035,85.631,85.09,87.164,86.989,na,na,na,na,na,na,na,na,na,na,na,na,na,na,na,na,na,na,na,na,na,na,na,na,na,na,na,na,na,na,na,na,na,na,na,na,na,na,na,na,na,na,na,na,na,na,na,na,na,na,na,na,na,na,na,na,na,na,na,na,na,na,na,na,na,na,na,na,na,na,na,na,na,na,na,na,na,na,na,na,na,na,na,na,na,na,na,na,na,na,na,na,na,na,na,na,na,na,na,na,na,na,na,na,na,na,na,na,na,na,na,na,na,na,na,na,na,na,na,na,na,na,na,na,na,na,na,na,na,na,na,na,na,na,na,na,na,na,na,na,na,na,na,na,na,na,na,na,na,na,na,na,na,na,na,na,na,na,na,na,na,na,na,na,na,na,na,na,na,na,na,na,na,na,na,na,na,na,na,na,na,na,na,na,na,na,na,na,na,na,na,na,na,na,na,na,na,na,na,na,na,na,na,na,na,na,na,na,na,na,na,na,na,na,na,na,na,na,na,na,na,na,na,na,na,na,na,na,na,na,na,na,na,na,na,na,na,na,na,na,na,na,na,na,na,na,na,na,na,na,na,na,na,na,na,na,na,na,na,na,na,na,na,na,na,na,na,na,na,na,na,na,na,na,na,na,na,na,na,na,na,na,na,na,na,na,na,na,na,na,na,na,na,na,na,na,na,na,na,na,na,na,na,na,na,na,na,na,na,na,na,na,na,na,na,na,na,na,na,na,na,na,na,na,na,na,na,na,na,na,na,na,na,na,na,na,na,na,na,na,na,na,na,na,na,na,na,na,na,na,na,na,na,na,na,na,na,na,na,na,na,na,na,na,na,na,na,na,na,na,na,na,na,na,na,na,na,na,na,na,na,na,na,na,na,na,na,na,na,na,na,na,na,na,na,na,na,na,na,na,na,na,na,na,na,na,na,na,na,na,na,na,na,na,na,na,na,na,na,na,na,na,na,na,na,na,na,na,na,na,na,na,na,na,na,na,na,na,na,na,na,na,na,na,na,na,na,na,na,na,na,na,na,na,na,na,na,na,na,na,na,na,na,na,na,na,na,na,na,na,na,na,na,na,na,na,na,na,na,na,na,na,na,na,na,na,na,na,na,na,na,na,na,na,na,na,na,na,na,na,na,na,na,na,na,na,na,na,na,na,na,na,na,na,na,na,na,na,na,na,na,na,na,na,na,na,na,na,na,na,na,na,na,na,na,na,na,na,na,na,na,na,na,na,na,na,na,na,na,na,na,na,na,na,na,na,na,na,na,na,na,na,na,na,na,na,na,na,na,na,na,na,na,na,na,na,na,na,na,na,na,na,na,na,na,na,na,na,na,na,na,na,na,na,na,na,na,na,na,na,na,na,na,na,na,na,na,na,na,na,na,na,na,na,na,na,na,na,na,na,na,na,na,na,na,na,na,na,na,na,na,na,na,na,na,na,na,na,na,na,na,na,na,na,na,na,na,na
43,"            Vegetables, Frozen",105.456,102.708,102.862,102.65,99.969,97.887,98.121,96.942,98.992,100.586,101.946,101.788,99.83,97.975,100.62,101.266,100.415,99.005,101.691,99.427,98.826,97.215,99.443,99.923,96.398,95.787,94.595,94.071,93.069,92.948,93.482,93.99,85.53,88.024,91.592,85.988,95.008,95.406,91.797,91.95,92.428,90.836,88.184,78.72,74.712,75.112,77.959,79.577,86.086,75.654,78.201,85.723,81.432,81.098,73.979,72.99,75.079,75.907,74.245,74.22,77.491,79.152,82.639,82.549,83.344,84.788,74.215,71.256,75.461,71.826,70.845,71.088,72.408,72.921,72.818,79.945,72.693,73.212,73.761,72.787,72.223,71.814,73.091,73.026,71.861,76.09,75.894,74.922,69.894,69.527,72.67,72.852,70.289,71.329,71.064,73.505,74.744,71.644,68.831,68.82,70.167,73.509,70.597,72.579,73.156,72.754,70.478,69.362,72.246,72.106,71.315,71.947,70.974,71.049,70.475,70.472,70.938,71.016,68.492,68.744,71.521,71.848,70.252,72.409,72.939,75.415,74.522,75.756,74.602,74.341,na,na,na,na,na,na,na,na,na,na,na,na,na,na,na,na,na,na,na,na,na,na,na,na,na,na,na,na,na,na,na,na,na,na,na,na,na,na,na,na,na,na,na,na,na,na,na,na,na,na,na,na,na,na,na,na,na,na,na,na,na,na,na,na,na,na,na,na,na,na,na,na,na,na,na,na,na,na,na,na,na,na,na,na,na,na,na,na,na,na,na,na,na,na,na,na,na,na,na,na,na,na,na,na,na,na,na,na,na,na,na,na,na,na,na,na,na,na,na,na,na,na,na,na,na,na,na,na,na,na,na,na,na,na,na,na,na,na,na,na,na,na,na,na,na,na,na,na,na,na,na,na,na,na,na,na,na,na,na,na,na,na,na,na,na,na,na,na,na,na,na,na,na,na,na,na,na,na,na,na,na,na,na,na,na,na,na,na,na,na,na,na,na,na,na,na,na,na,na,na,na,na,na,na,na,na,na,na,na,na,na,na,na,na,na,na,na,na,na,na,na,na,na,na,na,na,na,na,na,na,na,na,na,na,na,na,na,na,na,na,na,na,na,na,na,na,na,na,na,na,na,na,na,na,na,na,na,na,na,na,na,na,na,na,na,na,na,na,na,na,na,na,na,na,na,na,na,na,na,na,na,na,na,na,na,na,na,na,na,na,na,na,na,na,na,na,na,na,na,na,na,na,na,na,na,na,na,na,na,na,na,na,na,na,na,na,na,na,na,na,na,na,na,na,na,na,na,na,na,na,na,na,na,na,na,na,na,na,na,na,na,na,na,na,na,na,na,na,na,na,na,na,na,na,na,na,na,na,na,na,na,na,na,na,na,na,na,na,na,na,na,na,na,na,na,na,na,na,na,na,na,na,na,na,na,na,na,na,na,na,na,na,na,na,na,na,na,na,na,na,na,na,na,na,na,na,na,na,na,na,na,na,na,na,na,na,na,na,na,na,na,na,na,na,na,na,na,na,na,na,na,na,na,na,na,na,na,na,na,na,na,na,na,na,na,na,na,na,na,na,na,na,na,na,na,na,na,na,na,na,na,na,na,na,na,na,na,na,na,na,na,na,na,na,na,na,na,na,na,na,na,na,na,na,na,na,na,na,na,na,na,na,na,na,na,na,na,na,na,na,na,na,na,na,na,na,na,na,na,na,na,na,na,na,na,na,na,na,na,na,na,na,na,na,na,na,na,na,na,na,na,na,na,na,na,na,na,na,na,na,na,na,na,na,na,na,na,na,na,na,na,na,na,na,na,na,na,na,na,na,na,na,na,na,na,na,na,na,na,na,na,na,na,na,na,na,na,na,na,na,na,na,na,na,na,na,na,na,na,na,na,na,na,na,na,na,na,na,na,na,na,na,na,na,na,na,na,na,na,na,na,na,na,na,na,na,na,na,na,na,na,na,na,na,na,na,na,na,na,na,na,na,na,na,na,na,na,na,na,na,na,na,na,na,na,na,na,na
44,"            Vegetables, Dried, Salted, Steamed Or Smoked",97.759,97.835,98.168,97.821,96.821,97.432,97.272,97.19,99.005,96.191,98.198,97.936,98.445,98.84,99.832,100.847,101.517,100.41,100.828,101.606,101.178,100.363,100.061,100.218,97.928,97.572,95.339,94.759,93.878,94.346,92.35,92.491,92.013,92.671,92.32,92.159,90.1,89.048,87.834,87.61,87.427,87.427,87.285,86.338,86.005,86.145,86.11,85.652,84.734,85.025,84.772,85.364,83.789,85.67,85.991,86.185,84.839,84.61,84.637,84.164,84.349,84.01,84.536,84.002,84.594,84.653,84.752,84.475,84.11,83.598,83.221,83.514,83.358,83.061,82.857,81.781,80.566,78.873,79.592,79.775,80.479,79.853,79.257,79.477,79.211,79.505,79.402,79.392,78.983,78.524,78.364,78.2,78.09,78.169,78.134,78.551,78.077,78.816,78.505,78.535,78.593,77.866,77.474,77.077,77.487,77.242,78.05,77.484,77.616,77.551,77.7,77.172,76.586,76.221,75.773,76.13,76.256,76.185,75.909,75.889,75.818,75.592,75.212,75.678,76.845,76.215,76.68,76.359,76.422,75.679,na,na,na,na,na,na,na,na,na,na,na,na,na,na,na,na,na,na,na,na,na,na,na,na,na,na,na,na,na,na,na,na,na,na,na,na,na,na,na,na,na,na,na,na,na,na,na,na,na,na,na,na,na,na,na,na,na,na,na,na,na,na,na,na,na,na,na,na,na,na,na,na,na,na,na,na,na,na,na,na,na,na,na,na,na,na,na,na,na,na,na,na,na,na,na,na,na,na,na,na,na,na,na,na,na,na,na,na,na,na,na,na,na,na,na,na,na,na,na,na,na,na,na,na,na,na,na,na,na,na,na,na,na,na,na,na,na,na,na,na,na,na,na,na,na,na,na,na,na,na,na,na,na,na,na,na,na,na,na,na,na,na,na,na,na,na,na,na,na,na,na,na,na,na,na,na,na,na,na,na,na,na,na,na,na,na,na,na,na,na,na,na,na,na,na,na,na,na,na,na,na,na,na,na,na,na,na,na,na,na,na,na,na,na,na,na,na,na,na,na,na,na,na,na,na,na,na,na,na,na,na,na,na,na,na,na,na,na,na,na,na,na,na,na,na,na,na,na,na,na,na,na,na,na,na,na,na,na,na,na,na,na,na,na,na,na,na,na,na,na,na,na,na,na,na,na,na,na,na,na,na,na,na,na,na,na,na,na,na,na,na,na,na,na,na,na,na,na,na,na,na,na,na,na,na,na,na,na,na,na,na,na,na,na,na,na,na,na,na,na,na,na,na,na,na,na,na,na,na,na,na,na,na,na,na,na,na,na,na,na,na,na,na,na,na,na,na,na,na,na,na,na,na,na,na,na,na,na,na,na,na,na,na,na,na,na,na,na,na,na,na,na,na,na,na,na,na,na,na,na,na,na,na,na,na,na,na,na,na,na,na,na,na,na,na,na,na,na,na,na,na,na,na,na,na,na,na,na,na,na,na,na,na,na,na,na,na,na,na,na,na,na,na,na,na,na,na,na,na,na,na,na,na,na,na,na,na,na,na,na,na,na,na,na,na,na,na,na,na,na,na,na,na,na,na,na,na,na,na,na,na,na,na,na,na,na,na,na,na,na,na,na,na,na,na,na,na,na,na,na,na,na,na,na,na,na,na,na,na,na,na,na,na,na,na,na,na,na,na,na,na,na,na,na,na,na,na,na,na,na,na,na,na,na,na,na,na,na,na,na,na,na,na,na,na,na,na,na,na,na,na,na,na,na,na,na,na,na,na,na,na,na,na,na,na,na,na,na,na,na,na,na,na,na,na,na,na,na,na,na,na,na,na,na,na,na,na,na,na,na,na,na,na,na,na,na,na,na,na,na,na,na,na,na,na,na,na,na,na,na,na,na,na,na,na,na,na,na,na,na,na,na,na,na,na,na,na,na,na,na,na,na,na,na,na,na,na,na,na,na,na,na,na,na,na,na,na,na,na,na,na,na,na,na,na,na,na,na,na,na,na,na,na,na,na,na,na,na
45,"            Vegetables, Canned Or Bottled",101.511,100.553,99.899,101.017,103.564,102.356,100.85,101.865,99.735,98.314,102.765,102.847,101.916,98.328,98.509,99,101.122,99.964,100.116,101.106,97.391,96.935,99.174,98.989,100.047,97.822,96.621,96.123,95.108,95.367,95.746,95.012,92.717,91.838,92.761,91.959,94.223,93.774,92.793,92.538,92.921,93.057,92.709,91.359,91.406,91.357,92.115,91.962,92.053,89.852,89.56,88.985,91.17,90.932,89.823,90.028,90.146,89.93,90.711,91.047,91.352,89.309,88.514,90.049,93.413,94.44,91.863,90.982,86.189,84.525,85.049,85.477,85.423,86.524,84.781,85.358,87.95,86.708,87.765,87.188,87.74,87.372,84.877,85.713,85.129,84.068,83.442,84.899,85.623,84.836,85.276,85.426,84.08,84.268,84.499,84.046,94.407,93.706,92.624,94.485,95.279,94.951,95.126,95.052,94.371,94.035,94.358,89.249,89.165,88.929,87.509,86.875,87.278,87.17,86.703,85.625,84.807,84.833,86.725,85.429,86.744,86.195,83.376,85.378,86.326,85.477,86.047,86.217,85.96,84.357,na,na,na,na,na,na,na,na,na,na,na,na,na,na,na,na,na,na,na,na,na,na,na,na,na,na,na,na,na,na,na,na,na,na,na,na,na,na,na,na,na,na,na,na,na,na,na,na,na,na,na,na,na,na,na,na,na,na,na,na,na,na,na,na,na,na,na,na,na,na,na,na,na,na,na,na,na,na,na,na,na,na,na,na,na,na,na,na,na,na,na,na,na,na,na,na,na,na,na,na,na,na,na,na,na,na,na,na,na,na,na,na,na,na,na,na,na,na,na,na,na,na,na,na,na,na,na,na,na,na,na,na,na,na,na,na,na,na,na,na,na,na,na,na,na,na,na,na,na,na,na,na,na,na,na,na,na,na,na,na,na,na,na,na,na,na,na,na,na,na,na,na,na,na,na,na,na,na,na,na,na,na,na,na,na,na,na,na,na,na,na,na,na,na,na,na,na,na,na,na,na,na,na,na,na,na,na,na,na,na,na,na,na,na,na,na,na,na,na,na,na,na,na,na,na,na,na,na,na,na,na,na,na,na,na,na,na,na,na,na,na,na,na,na,na,na,na,na,na,na,na,na,na,na,na,na,na,na,na,na,na,na,na,na,na,na,na,na,na,na,na,na,na,na,na,na,na,na,na,na,na,na,na,na,na,na,na,na,na,na,na,na,na,na,na,na,na,na,na,na,na,na,na,na,na,na,na,na,na,na,na,na,na,na,na,na,na,na,na,na,na,na,na,na,na,na,na,na,na,na,na,na,na,na,na,na,na,na,na,na,na,na,na,na,na,na,na,na,na,na,na,na,na,na,na,na,na,na,na,na,na,na,na,na,na,na,na,na,na,na,na,na,na,na,na,na,na,na,na,na,na,na,na,na,na,na,na,na,na,na,na,na,na,na,na,na,na,na,na,na,na,na,na,na,na,na,na,na,na,na,na,na,na,na,na,na,na,na,na,na,na,na,na,na,na,na,na,na,na,na,na,na,na,na,na,na,na,na,na,na,na,na,na,na,na,na,na,na,na,na,na,na,na,na,na,na,na,na,na,na,na,na,na,na,na,na,na,na,na,na,na,na,na,na,na,na,na,na,na,na,na,na,na,na,na,na,na,na,na,na,na,na,na,na,na,na,na,na,na,na,na,na,na,na,na,na,na,na,na,na,na,na,na,na,na,na,na,na,na,na,na,na,na,na,na,na,na,na,na,na,na,na,na,na,na,na,na,na,na,na,na,na,na,na,na,na,na,na,na,na,na,na,na,na,na,na,na,na,na,na,na,na,na,na,na,na,na,na,na,na,na,na,na,na,na,na,na,na,na,na,na,na,na,na,na,na,na,na,na,na,na,na,na,na,na,na,na,na,na,na,na,na,na,na,na,na,na,na,na,na,na,na,na,na,na,na,na,na,na,na,na,na,na,na,na,na,na,na,na,na,na,na,na,na,na,na,na,na,na,na,na,na,na,na,na,na,na,na
46,"            Vegetables, Preserved Or Prepared, Other Forms",102.561,100.253,100.584,102.163,100.209,101.94,98.755,100.948,101.187,100.704,101.131,99.378,101.435,100.34,99.596,101.709,100.837,101.143,100.07,97.695,97.928,98.739,97.112,97.302,95.134,96.452,98.019,97.109,96.289,96.096,97.459,95.877,95.65,96.467,97.278,97.433,94.7,93.647,92.529,92.637,92.155,92.077,91.668,89.801,89.243,88.411,87.114,87.47,87.655,86.58,86.574,86.49,86.384,86.357,87.734,86.816,87.098,87.191,87.332,87.599,86.32,87.017,85.541,87.632,86.949,87.064,84.599,81.344,81.112,79.419,79.582,78.759,79.436,79.559,78.665,79.328,78.36,78.528,78.401,78.461,77.511,77.269,78.882,78.969,78.745,79.51,79.094,78.834,78.523,78.808,78.841,78.505,76.695,77.942,78.05,78.431,77.709,78.134,76.771,77.447,77.495,77.028,76.457,76.028,76.283,76.24,76.477,76.595,75.332,76.889,75.455,75.675,76.013,75.556,75.931,75.884,75.578,75.278,74.262,74.489,74.667,73.944,73.785,74.175,76.869,75.418,76.565,76.878,76.254,75.906,na,na,na,na,na,na,na,na,na,na,na,na,na,na,na,na,na,na,na,na,na,na,na,na,na,na,na,na,na,na,na,na,na,na,na,na,na,na,na,na,na,na,na,na,na,na,na,na,na,na,na,na,na,na,na,na,na,na,na,na,na,na,na,na,na,na,na,na,na,na,na,na,na,na,na,na,na,na,na,na,na,na,na,na,na,na,na,na,na,na,na,na,na,na,na,na,na,na,na,na,na,na,na,na,na,na,na,na,na,na,na,na,na,na,na,na,na,na,na,na,na,na,na,na,na,na,na,na,na,na,na,na,na,na,na,na,na,na,na,na,na,na,na,na,na,na,na,na,na,na,na,na,na,na,na,na,na,na,na,na,na,na,na,na,na,na,na,na,na,na,na,na,na,na,na,na,na,na,na,na,na,na,na,na,na,na,na,na,na,na,na,na,na,na,na,na,na,na,na,na,na,na,na,na,na,na,na,na,na,na,na,na,na,na,na,na,na,na,na,na,na,na,na,na,na,na,na,na,na,na,na,na,na,na,na,na,na,na,na,na,na,na,na,na,na,na,na,na,na,na,na,na,na,na,na,na,na,na,na,na,na,na,na,na,na,na,na,na,na,na,na,na,na,na,na,na,na,na,na,na,na,na,na,na,na,na,na,na,na,na,na,na,na,na,na,na,na,na,na,na,na,na,na,na,na,na,na,na,na,na,na,na,na,na,na,na,na,na,na,na,na,na,na,na,na,na,na,na,na,na,na,na,na,na,na,na,na,na,na,na,na,na,na,na,na,na,na,na,na,na,na,na,na,na,na,na,na,na,na,na,na,na,na,na,na,na,na,na,na,na,na,na,na,na,na,na,na,na,na,na,na,na,na,na,na,na,na,na,na,na,na,na,na,na,na,na,na,na,na,na,na,na,na,na,na,na,na,na,na,na,na,na,na,na,na,na,na,na,na,na,na,na,na,na,na,na,na,na,na,na,na,na,na,na,na,na,na,na,na,na,na,na,na,na,na,na,na,na,na,na,na,na,na,na,na,na,na,na,na,na,na,na,na,na,na,na,na,na,na,na,na,na,na,na,na,na,na,na,na,na,na,na,na,na,na,na,na,na,na,na,na,na,na,na,na,na,na,na,na,na,na,na,na,na,na,na,na,na,na,na,na,na,na,na,na,na,na,na,na,na,na,na,na,na,na,na,na,na,na,na,na,na,na,na,na,na,na,na,na,na,na,na,na,na,na,na,na,na,na,na,na,na,na,na,na,na,na,na,na,na,na,na,na,na,na,na,na,na,na,na,na,na,na,na,na,na,na,na,na,na,na,na,na,na,na,na,na,na,na,na,na,na,na,na,na,na,na,na,na,na,na,na,na,na,na,na,na,na,na,na,na,na,na,na,na,na,na,na,na,na,na,na,na,na,na,na,na,na,na,na,na,na,na,na,na,na,na,na,na,na,na,na,na,na,na,na,na,na
47,"        Sugar, Confectionery & Desserts",106.29,105.898,105.376,105.481,104.102,103.387,100.65,101.082,100.959,99.718,99.427,100.329,101.668,101.052,100.534,98.484,100.808,101.007,100.059,99.076,99.183,98.374,98.605,99.076,100.605,100.737,101.849,101.57,99.358,99.502,98.409,98.474,98.541,97.458,97.825,99.077,98.577,98.665,95.594,95.234,94.596,93.668,94.374,93.499,92.705,92.926,92.222,91.884,93.462,93.417,92.555,93.549,92.504,92.992,93.59,92.884,93.693,92.872,93.394,93.206,93.522,93.81,93.392,94.056,93.658,93.849,90.78,88.067,91.165,86.58,88.591,88.981,88.478,88.448,87.863,88.542,88.019,88.234,87.733,88.527,88.016,87.527,88.236,88.093,88.784,89.244,89.094,88.894,88.991,88.177,89.397,88.201,87.789,87.394,87.265,89.147,87.451,87.875,86.498,87.563,86.956,87.855,87.679,87.014,87.25,86.172,84.287,85.72,86.852,86.989,86.022,86.459,85.754,84.889,86.711,85.979,85.828,84.782,84.462,85.084,85.516,84.996,86.049,84.242,84.963,83.999,84.883,83.788,82.33,82.909,82.974,83.996,84.387,84.916,83.75,83.461,83.834,83.902,82.569,83.471,82.879,83.196,83.44,83.602,83.996,84.737,84.213,84.736,84.783,83.725,84.743,84.224,84.846,84.358,84.03,84.246,84.995,85.152,84.017,83.911,84.123,84.66,84.118,83.773,84.496,84.144,84.993,83.684,83.838,83.208,84.061,83.271,83.908,83.065,83.451,83.331,83.036,83.088,82.357,82.203,82.429,82.126,83.054,82.428,82.344,82.099,81.437,82.178,81.544,81.839,80.698,81.064,80.356,80.417,80.089,80.224,79.557,79.295,79.155,78.853,78.972,78.968,78.721,78.844,78.654,78.738,81.263,80.903,79.485,79.028,78.998,78.387,78.862,78.256,77.041,76.932,77.019,75.514,75.005,75.288,74.544,73.857,75.006,74.686,74.288,74.374,73.503,73.096,72.791,72.826,72.879,72.75,72.811,73.31,70.888,68.98,67.941,67.449,67.258,67.492,67.215,66.992,66.467,66.418,66.284,66.231,66.176,65.733,65.661,65.41,na,na,na,na,na,na,na,na,na,na,na,na,na,na,na,na,na,na,na,na,na,na,na,na,na,na,na,na,na,na,na,na,na,na,na,na,na,na,na,na,na,na,na,na,na,na,na,na,na,na,na,na,na,na,na,na,na,na,na,na,na,na,na,na,na,na,na,na,na,na,na,na,na,na,na,na,na,na,na,na,na,na,na,na,na,na,na,na,na,na,na,na,na,na,na,na,na,na,na,na,na,na,na,na,na,na,na,na,na,na,na,na,na,na,na,na,na,na,na,na,na,na,na,na,na,na,na,na,na,na,na,na,na,na,na,na,na,na,na,na,na,na,na,na,na,na,na,na,na,na,na,na,na,na,na,na,na,na,na,na,na,na,na,na,na,na,na,na,na,na,na,na,na,na,na,na,na,na,na,na,na,na,na,na,na,na,na,na,na,na,na,na,na,na,na,na,na,na,na,na,na,na,na,na,na,na,na,na,na,na,na,na,na,na,na,na,na,na,na,na,na,na,na,na,na,na,na,na,na,na,na,na,na,na,na,na,na,na,na,na,na,na,na,na,na,na,na,na,na,na,na,na,na,na,na,na,na,na,na,na,na,na,na,na,na,na,na,na,na,na,na,na,na,na,na,na,na,na,na,na,na,na,na,na,na,na,na,na,na,na,na,na,na,na,na,na,na,na,na,na,na,na,na,na,na,na,na,na,na,na,na,na,na,na,na,na,na,na,na,na,na,na,na,na,na,na,na,na,na,na,na,na,na,na,na,na,na,na,na,na,na,na,na,na,na,na,na,na,na,na,na,na,na,na,na,na,na,na,na,na,na,na,na,na,na,na,na,na,na,na,na,na,na,na,na,na,na,na,na,na,na,na,na,na,na,na,na,na,na,na,na,na,na,na,na,na,na,na,na,na,na,na,na,na,na,na,na,na,na,na,na,na,na,na,na,na,na,na,na,na,na,na,na,na,na,na,na,na,na,na,na,na,na,na,na,na,na,na,na,na,na,na,na,na,na,na,na,na,na,na,na,na,na,na,na,na,na,na,na,na,na,na,na,na,na,na,na,na,na,na,na,na,na,na,na,na,na,na,na,na,na,na,na,na,na,na,na,na,na,na,na,na,na,na,na,na,na,na,na,na,na,na,na,na,na,na,na,na,na,na,na,na,na,na,na,na,na,na,na,na,na,na,na,na,na,na,na,na
48,            Sugar,100.584,99.186,100.038,99.871,99.772,101.232,99.765,100.059,100.485,101.804,103.006,102.735,102.703,102.567,100.481,101.425,103.255,97.735,97.37,97.148,96.146,95.433,94.549,95.971,96.875,95.495,95.097,96.829,96.097,96.144,94.888,94.924,93.358,92.958,94.638,94.805,90.503,88.443,88.524,88.693,88.985,87.767,87.683,88.534,87.667,87.52,86.61,87.084,86.74,86.675,87.152,86.439,87.329,86.42,85.74,85.594,85.041,84.847,84.347,84.794,85.883,84.174,84.57,85.32,86.254,86.517,87.165,87.021,86.53,83.632,85.029,86.315,86.628,84.07,83.544,84.952,84.275,83.402,85.963,87.267,83.288,84.111,83.774,84.609,84.779,84.144,83.434,86.397,86.379,86.18,87.237,86.788,84.374,84.547,87.276,86.665,86.365,85.761,85.306,84.308,83.153,83.554,84.201,84.785,83.462,82.613,80.429,83.625,83.535,83.065,79.38,79.692,81.453,83.073,82.713,82.28,81.107,80.882,80.588,81.476,81.374,79.056,78.048,78.547,84.164,84.101,83.795,85.087,83.375,83.375,na,na,na,na,na,na,na,na,na,na,na,na,na,na,na,na,na,na,na,na,na,na,na,na,na,na,na,na,na,na,na,na,na,na,na,na,na,na,na,na,na,na,na,na,na,na,na,na,na,na,na,na,na,na,na,na,na,na,na,na,na,na,na,na,na,na,na,na,na,na,na,na,na,na,na,na,na,na,na,na,na,na,na,na,na,na,na,na,na,na,na,na,na,na,na,na,na,na,na,na,na,na,na,na,na,na,na,na,na,na,na,na,na,na,na,na,na,na,na,na,na,na,na,na,na,na,na,na,na,na,na,na,na,na,na,na,na,na,na,na,na,na,na,na,na,na,na,na,na,na,na,na,na,na,na,na,na,na,na,na,na,na,na,na,na,na,na,na,na,na,na,na,na,na,na,na,na,na,na,na,na,na,na,na,na,na,na,na,na,na,na,na,na,na,na,na,na,na,na,na,na,na,na,na,na,na,na,na,na,na,na,na,na,na,na,na,na,na,na,na,na,na,na,na,na,na,na,na,na,na,na,na,na,na,na,na,na,na,na,na,na,na,na,na,na,na,na,na,na,na,na,na,na,na,na,na,na,na,na,na,na,na,na,na,na,na,na,na,na,na,na,na,na,na,na,na,na,na,na,na,na,na,na,na,na,na,na,na,na,na,na,na,na,na,na,na,na,na,na,na,na,na,na,na,na,na,na,na,na,na,na,na,na,na,na,na,na,na,na,na,na,na,na,na,na,na,na,na,na,na,na,na,na,na,na,na,na,na,na,na,na,na,na,na,na,na,na,na,na,na,na,na,na,na,na,na,na,na,na,na,na,na,na,na,na,na,na,na,na,na,na,na,na,na,na,na,na,na,na,na,na,na,na,na,na,na,na,na,na,na,na,na,na,na,na,na,na,na,na,na,na,na,na,na,na,na,na,na,na,na,na,na,na,na,na,na,na,na,na,na,na,na,na,na,na,na,na,na,na,na,na,na,na,na,na,na,na,na,na,na,na,na,na,na,na,na,na,na,na,na,na,na,na,na,na,na,na,na,na,na,na,na,na,na,na,na,na,na,na,na,na,na,na,na,na,na,na,na,na,na,na,na,na,na,na,na,na,na,na,na,na,na,na,na,na,na,na,na,na,na,na,na,na,na,na,na,na,na,na,na,na,na,na,na,na,na,na,na,na,na,na,na,na,na,na,na,na,na,na,na,na,na,na,na,na,na,na,na,na,na,na,na,na,na,na,na,na,na,na,na,na,na,na,na,na,na,na,na,na,na,na,na,na,na,na,na,na,na,na,na,na,na,na,na,na,na,na,na,na,na,na,na,na,na,na,na,na,na,na,na,na,na,na,na,na,na,na,na,na,na,na,na,na,na,na,na,na,na,na,na,na,na,na,na,na,na,na,na,na,na,na,na,na,na,na,na,na,na,na,na,na,na,na,na,na,na,na,na,na,na,na,na,na,na,na,na,na,na
49,"            Jams, Fruit Jellies, Fruit Puree & Pastes, Honey",98.319,99.615,97.554,99.289,99.035,98.581,98.604,103.249,101.12,101.059,98.221,98.46,99.538,101.243,101.351,101.075,101.423,101.901,102.861,97.437,96.196,100.297,98.653,98.976,98.18,98.659,100.886,97.003,97.476,97.641,99.926,99.116,98.669,98.813,96.47,97.451,96.591,97.024,95.39,94.8,94.262,94.389,94.398,92.946,92.35,92.194,91.553,91.855,92.971,90.856,91.738,91.762,91.56,92.381,92.632,90.925,93.031,92.968,92.48,92.544,92.413,90.691,89.801,90.546,90.019,90.589,91.087,88.781,90.098,88.899,90.942,89.863,89.617,89.789,90.63,89.392,89.091,89.462,89.473,88.889,89.631,89.483,90.018,90.635,91.249,91.146,91.059,91.956,90.821,89.845,89.878,88.566,89.564,90.871,89.539,90.273,88.794,89.466,89.137,89.936,88.654,88.995,90.075,88.237,87.921,88.18,87.781,88.138,87.907,87.45,88.248,88.103,87.483,85.429,86.728,85.507,85.76,85.983,85.8,86.531,85.476,86.372,86.361,87.118,86.508,87.171,86.931,87.309,87.119,86.943,na,na,na,na,na,na,na,na,na,na,na,na,na,na,na,na,na,na,na,na,na,na,na,na,na,na,na,na,na,na,na,na,na,na,na,na,na,na,na,na,na,na,na,na,na,na,na,na,na,na,na,na,na,na,na,na,na,na,na,na,na,na,na,na,na,na,na,na,na,na,na,na,na,na,na,na,na,na,na,na,na,na,na,na,na,na,na,na,na,na,na,na,na,na,na,na,na,na,na,na,na,na,na,na,na,na,na,na,na,na,na,na,na,na,na,na,na,na,na,na,na,na,na,na,na,na,na,na,na,na,na,na,na,na,na,na,na,na,na,na,na,na,na,na,na,na,na,na,na,na,na,na,na,na,na,na,na,na,na,na,na,na,na,na,na,na,na,na,na,na,na,na,na,na,na,na,na,na,na,na,na,na,na,na,na,na,na,na,na,na,na,na,na,na,na,na,na,na,na,na,na,na,na,na,na,na,na,na,na,na,na,na,na,na,na,na,na,na,na,na,na,na,na,na,na,na,na,na,na,na,na,na,na,na,na,na,na,na,na,na,na,na,na,na,na,na,na,na,na,na,na,na,na,na,na,na,na,na,na,na,na,na,na,na,na,na,na,na,na,na,na,na,na,na,na,na,na,na,na,na,na,na,na,na,na,na,na,na,na,na,na,na,na,na,na,na,na,na,na,na,na,na,na,na,na,na,na,na,na,na,na,na,na,na,na,na,na,na,na,na,na,na,na,na,na,na,na,na,na,na,na,na,na,na,na,na,na,na,na,na,na,na,na,na,na,na,na,na,na,na,na,na,na,na,na,na,na,na,na,na,na,na,na,na,na,na,na,na,na,na,na,na,na,na,na,na,na,na,na,na,na,na,na,na,na,na,na,na,na,na,na,na,na,na,na,na,na,na,na,na,na,na,na,na,na,na,na,na,na,na,na,na,na,na,na,na,na,na,na,na,na,na,na,na,na,na,na,na,na,na,na,na,na,na,na,na,na,na,na,na,na,na,na,na,na,na,na,na,na,na,na,na,na,na,na,na,na,na,na,na,na,na,na,na,na,na,na,na,na,na,na,na,na,na,na,na,na,na,na,na,na,na,na,na,na,na,na,na,na,na,na,na,na,na,na,na,na,na,na,na,na,na,na,na,na,na,na,na,na,na,na,na,na,na,na,na,na,na,na,na,na,na,na,na,na,na,na,na,na,na,na,na,na,na,na,na,na,na,na,na,na,na,na,na,na,na,na,na,na,na,na,na,na,na,na,na,na,na,na,na,na,na,na,na,na,na,na,na,na,na,na,na,na,na,na,na,na,na,na,na,na,na,na,na,na,na,na,na,na,na,na,na,na,na,na,na,na,na,na,na,na,na,na,na,na,na,na,na,na,na,na,na,na,na,na,na,na,na,na,na,na,na,na,na,na,na,na,na,na,na,na,na,na,na,na,na,na,na,na,na,na,na,na,na,na,na,na,na
50,            Nut Butter & Paste,102.891,97.439,100.124,100.752,97.386,95.683,97.042,99.686,97.442,98.964,100.206,96.577,100.176,100.44,100.352,99.789,101.766,99.138,101.723,100.369,98.065,101.397,101.696,99.484,102.102,100.439,102.23,102.727,102.782,102.999,101.169,103.333,103.247,103.279,101.476,100.942,102.68,102.406,101.781,101.859,102.556,101.602,101.357,99.018,97.529,99.067,97.271,98.501,96.727,97.349,101.809,101.382,102.241,102.195,102.14,101.651,98.022,97.105,95.164,96.49,95.128,93.332,93.189,96.569,93.175,93.057,92.53,91.566,94.661,95.166,98.299,93.639,94.78,92.854,91.486,92.583,92.275,95.693,100.058,94.471,96.238,96.612,93.956,94.93,92.986,92.438,91.262,93.342,92.591,93.06,94.172,88.899,91.583,91.173,90.837,92.97,94.529,92.585,91.282,92.378,94.438,93.186,95.658,91.694,94.118,93.485,91.316,92.819,91.361,93.408,90.097,91.009,94.749,92.512,91.473,93.148,93.877,94.848,95.294,95.816,95.248,92.754,92.718,94.18,92.814,93.102,95.029,92.888,92.882,92.233,na,na,na,na,na,na,na,na,na,na,na,na,na,na,na,na,na,na,na,na,na,na,na,na,na,na,na,na,na,na,na,na,na,na,na,na,na,na,na,na,na,na,na,na,na,na,na,na,na,na,na,na,na,na,na,na,na,na,na,na,na,na,na,na,na,na,na,na,na,na,na,na,na,na,na,na,na,na,na,na,na,na,na,na,na,na,na,na,na,na,na,na,na,na,na,na,na,na,na,na,na,na,na,na,na,na,na,na,na,na,na,na,na,na,na,na,na,na,na,na,na,na,na,na,na,na,na,na,na,na,na,na,na,na,na,na,na,na,na,na,na,na,na,na,na,na,na,na,na,na,na,na,na,na,na,na,na,na,na,na,na,na,na,na,na,na,na,na,na,na,na,na,na,na,na,na,na,na,na,na,na,na,na,na,na,na,na,na,na,na,na,na,na,na,na,na,na,na,na,na,na,na,na,na,na,na,na,na,na,na,na,na,na,na,na,na,na,na,na,na,na,na,na,na,na,na,na,na,na,na,na,na,na,na,na,na,na,na,na,na,na,na,na,na,na,na,na,na,na,na,na,na,na,na,na,na,na,na,na,na,na,na,na,na,na,na,na,na,na,na,na,na,na,na,na,na,na,na,na,na,na,na,na,na,na,na,na,na,na,na,na,na,na,na,na,na,na,na,na,na,na,na,na,na,na,na,na,na,na,na,na,na,na,na,na,na,na,na,na,na,na,na,na,na,na,na,na,na,na,na,na,na,na,na,na,na,na,na,na,na,na,na,na,na,na,na,na,na,na,na,na,na,na,na,na,na,na,na,na,na,na,na,na,na,na,na,na,na,na,na,na,na,na,na,na,na,na,na,na,na,na,na,na,na,na,na,na,na,na,na,na,na,na,na,na,na,na,na,na,na,na,na,na,na,na,na,na,na,na,na,na,na,na,na,na,na,na,na,na,na,na,na,na,na,na,na,na,na,na,na,na,na,na,na,na,na,na,na,na,na,na,na,na,na,na,na,na,na,na,na,na,na,na,na,na,na,na,na,na,na,na,na,na,na,na,na,na,na,na,na,na,na,na,na,na,na,na,na,na,na,na,na,na,na,na,na,na,na,na,na,na,na,na,na,na,na,na,na,na,na,na,na,na,na,na,na,na,na,na,na,na,na,na,na,na,na,na,na,na,na,na,na,na,na,na,na,na,na,na,na,na,na,na,na,na,na,na,na,na,na,na,na,na,na,na,na,na,na,na,na,na,na,na,na,na,na,na,na,na,na,na,na,na,na,na,na,na,na,na,na,na,na,na,na,na,na,na,na,na,na,na,na,na,na,na,na,na,na,na,na,na,na,na,na,na,na,na,na,na,na,na,na,na,na,na,na,na,na,na,na,na,na,na,na,na,na,na,na,na,na,na,na,na,na,na,na,na,na,na,na,na,na,na,na,na,na,na,na,na,na,na,na,na,na,na,na,na,na
51,"            Chocolate, Cocoa, & Cocoa-Based Food Products",116.676,113.842,112.283,111.451,110.432,106.431,100.068,99.758,100.621,94.929,97.045,99.623,104.028,103.201,99.722,96.518,100.228,103.7,101.096,100.149,98.511,96.179,99.266,99.304,102.675,102.155,104.432,104.78,98.585,102.11,98.74,98.387,97.682,93.823,96.104,95.616,96.109,96.612,93.451,93.711,92.465,91.737,94.163,92.055,90.311,89.999,89.037,88.061,92.782,93.776,89.44,93.449,89.645,91.666,93.382,90.212,89.748,89.272,90.423,89.874,90.451,92.162,90.97,92.351,92.48,92.395,87.302,87.81,89.523,81.512,84.988,87.996,86.12,87.864,85.943,84.799,86.193,87.98,85.56,87.749,84.134,84.496,84.78,85.069,87.511,88.023,88.828,87.141,87.509,86.367,87.904,85.971,84.955,83.643,84.827,86.982,85.652,86.129,83.092,85.786,84.55,86.829,86.132,86.312,85.742,83.984,80.313,82.463,86.018,86.665,85.59,86.343,83.675,83.948,86.465,84.984,84.34,82.547,82.371,82.757,84.098,83.933,85.187,83.256,85.084,81.417,82.424,80.689,77.86,79.722,na,na,na,na,na,na,na,na,na,na,na,na,na,na,na,na,na,na,na,na,na,na,na,na,na,na,na,na,na,na,na,na,na,na,na,na,na,na,na,na,na,na,na,na,na,na,na,na,na,na,na,na,na,na,na,na,na,na,na,na,na,na,na,na,na,na,na,na,na,na,na,na,na,na,na,na,na,na,na,na,na,na,na,na,na,na,na,na,na,na,na,na,na,na,na,na,na,na,na,na,na,na,na,na,na,na,na,na,na,na,na,na,na,na,na,na,na,na,na,na,na,na,na,na,na,na,na,na,na,na,na,na,na,na,na,na,na,na,na,na,na,na,na,na,na,na,na,na,na,na,na,na,na,na,na,na,na,na,na,na,na,na,na,na,na,na,na,na,na,na,na,na,na,na,na,na,na,na,na,na,na,na,na,na,na,na,na,na,na,na,na,na,na,na,na,na,na,na,na,na,na,na,na,na,na,na,na,na,na,na,na,na,na,na,na,na,na,na,na,na,na,na,na,na,na,na,na,na,na,na,na,na,na,na,na,na,na,na,na,na,na,na,na,na,na,na,na,na,na,na,na,na,na,na,na,na,na,na,na,na,na,na,na,na,na,na,na,na,na,na,na,na,na,na,na,na,na,na,na,na,na,na,na,na,na,na,na,na,na,na,na,na,na,na,na,na,na,na,na,na,na,na,na,na,na,na,na,na,na,na,na,na,na,na,na,na,na,na,na,na,na,na,na,na,na,na,na,na,na,na,na,na,na,na,na,na,na,na,na,na,na,na,na,na,na,na,na,na,na,na,na,na,na,na,na,na,na,na,na,na,na,na,na,na,na,na,na,na,na,na,na,na,na,na,na,na,na,na,na,na,na,na,na,na,na,na,na,na,na,na,na,na,na,na,na,na,na,na,na,na,na,na,na,na,na,na,na,na,na,na,na,na,na,na,na,na,na,na,na,na,na,na,na,na,na,na,na,na,na,na,na,na,na,na,na,na,na,na,na,na,na,na,na,na,na,na,na,na,na,na,na,na,na,na,na,na,na,na,na,na,na,na,na,na,na,na,na,na,na,na,na,na,na,na,na,na,na,na,na,na,na,na,na,na,na,na,na,na,na,na,na,na,na,na,na,na,na,na,na,na,na,na,na,na,na,na,na,na,na,na,na,na,na,na,na,na,na,na,na,na,na,na,na,na,na,na,na,na,na,na,na,na,na,na,na,na,na,na,na,na,na,na,na,na,na,na,na,na,na,na,na,na,na,na,na,na,na,na,na,na,na,na,na,na,na,na,na,na,na,na,na,na,na,na,na,na,na,na,na,na,na,na,na,na,na,na,na,na,na,na,na,na,na,na,na,na,na,na,na,na,na,na,na,na,na,na,na,na,na,na,na,na,na,na,na,na,na,na,na,na,na,na,na,na,na,na,na,na,na,na,na,na,na,na,na,na,na,na,na,na,na,na,na,na,na,na,na,na
52,            Ice & Ice Cream,102.336,104.803,104.819,105.567,102.556,104.483,101.674,100.341,102.72,103.135,100.793,101.11,99.647,97.121,100.301,99.237,101.141,98.74,98.136,99.838,103.118,100.82,99.415,100.215,101.973,103.241,102.126,102.396,101.433,97.715,98.352,100.265,101.336,102.451,102.75,106.899,106.501,106.768,101.521,100.272,100.109,98.25,97.794,98.334,98.367,99.768,99.857,99.324,98.344,98.51,99.22,98.138,98.632,98.089,98.141,100.605,103.276,101.469,102.339,102.24,102.134,103.095,104.033,103.255,103.398,103.469,97.509,88.885,96.48,91.475,93.2,91.64,92.2,91.126,90.138,94.754,91.347,88.841,88.624,89.833,93.242,90.789,93.808,90.6,90.756,91.685,90.268,89.534,90.927,89.699,91.891,91.544,92.036,90.744,88.28,92.591,89.474,89.585,88.853,88.857,89.936,89.262,87.863,86.847,89.883,88.114,86.481,87.939,89.186,88.626,87.059,87.565,87.942,85.781,88.245,88.176,88.935,87.108,86.444,87.257,88.088,86.485,90.893,84.822,85.098,84.229,86.402,83.716,83.095,83.028,na,na,na,na,na,na,na,na,na,na,na,na,na,na,na,na,na,na,na,na,na,na,na,na,na,na,na,na,na,na,na,na,na,na,na,na,na,na,na,na,na,na,na,na,na,na,na,na,na,na,na,na,na,na,na,na,na,na,na,na,na,na,na,na,na,na,na,na,na,na,na,na,na,na,na,na,na,na,na,na,na,na,na,na,na,na,na,na,na,na,na,na,na,na,na,na,na,na,na,na,na,na,na,na,na,na,na,na,na,na,na,na,na,na,na,na,na,na,na,na,na,na,na,na,na,na,na,na,na,na,na,na,na,na,na,na,na,na,na,na,na,na,na,na,na,na,na,na,na,na,na,na,na,na,na,na,na,na,na,na,na,na,na,na,na,na,na,na,na,na,na,na,na,na,na,na,na,na,na,na,na,na,na,na,na,na,na,na,na,na,na,na,na,na,na,na,na,na,na,na,na,na,na,na,na,na,na,na,na,na,na,na,na,na,na,na,na,na,na,na,na,na,na,na,na,na,na,na,na,na,na,na,na,na,na,na,na,na,na,na,na,na,na,na,na,na,na,na,na,na,na,na,na,na,na,na,na,na,na,na,na,na,na,na,na,na,na,na,na,na,na,na,na,na,na,na,na,na,na,na,na,na,na,na,na,na,na,na,na,na,na,na,na,na,na,na,na,na,na,na,na,na,na,na,na,na,na,na,na,na,na,na,na,na,na,na,na,na,na,na,na,na,na,na,na,na,na,na,na,na,na,na,na,na,na,na,na,na,na,na,na,na,na,na,na,na,na,na,na,na,na,na,na,na,na,na,na,na,na,na,na,na,na,na,na,na,na,na,na,na,na,na,na,na,na,na,na,na,na,na,na,na,na,na,na,na,na,na,na,na,na,na,na,na,na,na,na,na,na,na,na,na,na,na,na,na,na,na,na,na,na,na,na,na,na,na,na,na,na,na,na,na,na,na,na,na,na,na,na,na,na,na,na,na,na,na,na,na,na,na,na,na,na,na,na,na,na,na,na,na,na,na,na,na,na,na,na,na,na,na,na,na,na,na,na,na,na,na,na,na,na,na,na,na,na,na,na,na,na,na,na,na,na,na,na,na,na,na,na,na,na,na,na,na,na,na,na,na,na,na,na,na,na,na,na,na,na,na,na,na,na,na,na,na,na,na,na,na,na,na,na,na,na,na,na,na,na,na,na,na,na,na,na,na,na,na,na,na,na,na,na,na,na,na,na,na,na,na,na,na,na,na,na,na,na,na,na,na,na,na,na,na,na,na,na,na,na,na,na,na,na,na,na,na,na,na,na,na,na,na,na,na,na,na,na,na,na,na,na,na,na,na,na,na,na,na,na,na,na,na,na,na,na,na,na,na,na,na,na,na,na,na,na,na,na,na,na,na,na,na,na,na,na,na,na,na,na,na,na,na,na,na,na,na,na,na,na,na,na,na,na,na,na,na,na,na,na,na
53,            Sugar Confectionery & Desserts Nec,102.58,102.389,104.305,103.009,102.29,103.715,105.212,104.319,99.083,102.74,102.751,103.388,102.663,102.653,102.246,95.91,98.794,99.535,98.005,97.667,99.393,96.996,95.66,97.393,96.875,97.143,99.042,101.511,102.07,101.202,95.499,92.7,95.425,94.131,93.668,94.907,93.549,92.619,89.448,89.427,88.047,86.92,87.38,87.356,87.522,86.821,85.058,84.918,86.467,86.586,86.734,86.975,87.312,85.656,85.853,86.688,86.286,84.823,86.185,85.35,87.082,87.262,85.919,87.002,83.125,83.885,84.762,84.198,86.088,84.329,81.471,82.664,82.156,80.949,83.606,82.916,83.532,85.543,85.751,85.263,83.511,83.57,83.039,85.117,82.87,84.298,84.333,84.623,83.943,84.428,85.087,85.015,82.973,83.504,84.03,84.308,82.149,83.853,83.545,83.881,82.93,84.624,84.843,84.304,83.224,82.82,83.34,83.169,80.964,82.02,81.976,82.369,82.315,81.188,82.926,83.231,82.638,81.955,81.452,82.005,82.294,82.104,79.883,79.565,77.058,79.902,80.605,80.249,78.846,78.962,na,na,na,na,na,na,na,na,na,na,na,na,na,na,na,na,na,na,na,na,na,na,na,na,na,na,na,na,na,na,na,na,na,na,na,na,na,na,na,na,na,na,na,na,na,na,na,na,na,na,na,na,na,na,na,na,na,na,na,na,na,na,na,na,na,na,na,na,na,na,na,na,na,na,na,na,na,na,na,na,na,na,na,na,na,na,na,na,na,na,na,na,na,na,na,na,na,na,na,na,na,na,na,na,na,na,na,na,na,na,na,na,na,na,na,na,na,na,na,na,na,na,na,na,na,na,na,na,na,na,na,na,na,na,na,na,na,na,na,na,na,na,na,na,na,na,na,na,na,na,na,na,na,na,na,na,na,na,na,na,na,na,na,na,na,na,na,na,na,na,na,na,na,na,na,na,na,na,na,na,na,na,na,na,na,na,na,na,na,na,na,na,na,na,na,na,na,na,na,na,na,na,na,na,na,na,na,na,na,na,na,na,na,na,na,na,na,na,na,na,na,na,na,na,na,na,na,na,na,na,na,na,na,na,na,na,na,na,na,na,na,na,na,na,na,na,na,na,na,na,na,na,na,na,na,na,na,na,na,na,na,na,na,na,na,na,na,na,na,na,na,na,na,na,na,na,na,na,na,na,na,na,na,na,na,na,na,na,na,na,na,na,na,na,na,na,na,na,na,na,na,na,na,na,na,na,na,na,na,na,na,na,na,na,na,na,na,na,na,na,na,na,na,na,na,na,na,na,na,na,na,na,na,na,na,na,na,na,na,na,na,na,na,na,na,na,na,na,na,na,na,na,na,na,na,na,na,na,na,na,na,na,na,na,na,na,na,na,na,na,na,na,na,na,na,na,na,na,na,na,na,na,na,na,na,na,na,na,na,na,na,na,na,na,na,na,na,na,na,na,na,na,na,na,na,na,na,na,na,na,na,na,na,na,na,na,na,na,na,na,na,na,na,na,na,na,na,na,na,na,na,na,na,na,na,na,na,na,na,na,na,na,na,na,na,na,na,na,na,na,na,na,na,na,na,na,na,na,na,na,na,na,na,na,na,na,na,na,na,na,na,na,na,na,na,na,na,na,na,na,na,na,na,na,na,na,na,na,na,na,na,na,na,na,na,na,na,na,na,na,na,na,na,na,na,na,na,na,na,na,na,na,na,na,na,na,na,na,na,na,na,na,na,na,na,na,na,na,na,na,na,na,na,na,na,na,na,na,na,na,na,na,na,na,na,na,na,na,na,na,na,na,na,na,na,na,na,na,na,na,na,na,na,na,na,na,na,na,na,na,na,na,na,na,na,na,na,na,na,na,na,na,na,na,na,na,na,na,na,na,na,na,na,na,na,na,na,na,na,na,na,na,na,na,na,na,na,na,na,na,na,na,na,na,na,na,na,na,na,na,na,na,na,na,na,na,na,na,na,na,na,na,na,na,na,na,na,na,na,na,na,na,na,na,na,na,na,na
54,        Ready-Made Food & Other Food Products Nec,101.037,100.342,100.178,100.618,101.311,101.139,100.501,100.701,100.417,99.949,100.208,100.967,100.721,100.775,99.729,99.871,100.554,100.178,99.52,99.892,99.167,98.417,98.552,98.959,98.802,96.677,96.419,96.933,96.692,97.08,95.183,94.292,93.68,94.719,94.175,94.593,93.017,92.481,91.821,91.607,91.099,90.291,89.977,89.611,88.908,88.357,88.877,89.127,89.244,88.921,88.392,87.804,88.333,88.008,88.124,87.978,87.775,86.909,87.75,88.027,87.944,87.499,87.485,87.759,87.94,87.516,87.731,87.397,86.563,85.622,86.01,86.391,86.797,86.533,85.677,86.058,86.503,86.658,87.361,87.347,85.802,85.867,86.335,86.836,86.595,86.348,86.098,86.068,86.263,86.015,85.689,86.045,84.328,84.145,85.01,85.366,85.489,85.07,84.396,84.85,83.883,84.229,84.608,84.763,83.566,83.33,84.056,83.845,83.626,83.921,83.353,83.182,83.537,83.429,83.542,84.149,83.289,82.536,82.913,82.965,82.92,82.507,82.285,82.031,81.23,81.015,81.388,81.712,80.542,80.454,80.807,81.241,81.084,80.984,80.525,79.676,80.039,80.423,80.197,79.881,79.992,80.019,79.084,79.323,78.992,79.059,78.526,78.859,78.929,78.595,78.646,78.936,78.954,78.408,78.072,78.245,78.105,78.042,77.475,77.815,77.631,77.593,77.416,77.236,77.036,77.581,77.299,77.176,76.871,76.714,76.512,76.257,76.324,76.383,76.301,75.483,75.719,74.674,74.715,74.806,74.495,73.975,73.88,73.697,73.712,73.907,73.612,74.193,73.642,73.01,72.882,73.045,73.137,73.021,73.022,73.568,73.624,73.428,73.528,73.45,73.691,72.975,72.635,72.796,72.791,71.927,71.165,70.954,70.628,70.623,70.391,69.479,69.088,68.016,67.758,66.148,65.835,65.769,65.337,65.408,64.654,64.141,64.45,64.523,64.581,63.107,63.258,62.983,63.082,63.388,63.932,64.225,65.102,64.72,64.177,63.018,63.242,62.773,62.815,62.661,62.425,62.723,62.892,62.931,62.812,62.683,62.744,62.688,63.577,63.709,na,na,na,na,na,na,na,na,na,na,na,na,na,na,na,na,na,na,na,na,na,na,na,na,na,na,na,na,na,na,na,na,na,na,na,na,na,na,na,na,na,na,na,na,na,na,na,na,na,na,na,na,na,na,na,na,na,na,na,na,na,na,na,na,na,na,na,na,na,na,na,na,na,na,na,na,na,na,na,na,na,na,na,na,na,na,na,na,na,na,na,na,na,na,na,na,na,na,na,na,na,na,na,na,na,na,na,na,na,na,na,na,na,na,na,na,na,na,na,na,na,na,na,na,na,na,na,na,na,na,na,na,na,na,na,na,na,na,na,na,na,na,na,na,na,na,na,na,na,na,na,na,na,na,na,na,na,na,na,na,na,na,na,na,na,na,na,na,na,na,na,na,na,na,na,na,na,na,na,na,na,na,na,na,na,na,na,na,na,na,na,na,na,na,na,na,na,na,na,na,na,na,na,na,na,na,na,na,na,na,na,na,na,na,na,na,na,na,na,na,na,na,na,na,na,na,na,na,na,na,na,na,na,na,na,na,na,na,na,na,na,na,na,na,na,na,na,na,na,na,na,na,na,na,na,na,na,na,na,na,na,na,na,na,na,na,na,na,na,na,na,na,na,na,na,na,na,na,na,na,na,na,na,na,na,na,na,na,na,na,na,na,na,na,na,na,na,na,na,na,na,na,na,na,na,na,na,na,na,na,na,na,na,na,na,na,na,na,na,na,na,na,na,na,na,na,na,na,na,na,na,na,na,na,na,na,na,na,na,na,na,na,na,na,na,na,na,na,na,na,na,na,na,na,na,na,na,na,na,na,na,na,na,na,na,na,na,na,na,na,na,na,na,na,na,na,na,na,na,na,na,na,na,na,na,na,na,na,na,na,na,na,na,na,na,na,na,na,na,na,na,na,na,na,na,na,na,na,na,na,na,na,na,na,na,na,na,na,na,na,na,na,na,na,na,na,na,na,na,na,na,na,na,na,na,na,na,na,na,na,na,na,na,na,na,na,na,na,na,na,na,na,na,na,na,na,na,na,na,na,na,na,na,na,na,na,na,na,na,na,na,na,na,na,na,na,na,na,na,na,na,na,na,na,na,na,na,na,na,na,na,na,na,na,na,na,na,na,na,na,na,na,na,na,na,na,na,na,na,na,na,na,na,na,na,na,na,na,na,na,na,na,na,na,na,na,na,na
55,            Ready-Made Food,101.533,100.867,101.287,100.826,101.862,101.489,100.936,100.927,100.694,101.121,101.072,101.571,101.144,101.059,100.54,99.714,99.72,99.294,99.421,99.409,99.544,97.512,97.414,97.832,97.959,97.053,96.998,97.094,96.793,97.104,95.632,93.848,93.448,96.141,94.54,94.386,92.965,92.383,91.212,90.029,89.198,87.231,86.298,85.564,85.974,86.279,86.054,85.696,85.739,85.195,84.927,84.401,84.71,85.03,84.19,85.021,85.106,84.036,84.954,85.273,83.29,83.381,83.888,83.592,82.327,80.903,82.125,80.891,81.677,81.957,80.317,80.523,80.964,80.817,80.668,80.852,80.385,81.169,81.212,80.919,80.923,80.66,80.72,79.899,79.054,79.956,80.723,79.51,80.453,80.703,79.137,79.211,79.666,78.493,78.672,79.773,79.723,80.452,78.84,78.153,77.025,77.684,78.169,77.929,77.65,78.01,76.898,77.345,76.323,77.463,77.347,77.807,77.571,76.987,77.694,77.579,78.147,77.336,77.272,76.776,77.575,76.99,78.401,78.28,76.797,77.057,78.156,78.083,77.199,76.963,na,na,na,na,na,na,na,na,na,na,na,na,na,na,na,na,na,na,na,na,na,na,na,na,na,na,na,na,na,na,na,na,na,na,na,na,na,na,na,na,na,na,na,na,na,na,na,na,na,na,na,na,na,na,na,na,na,na,na,na,na,na,na,na,na,na,na,na,na,na,na,na,na,na,na,na,na,na,na,na,na,na,na,na,na,na,na,na,na,na,na,na,na,na,na,na,na,na,na,na,na,na,na,na,na,na,na,na,na,na,na,na,na,na,na,na,na,na,na,na,na,na,na,na,na,na,na,na,na,na,na,na,na,na,na,na,na,na,na,na,na,na,na,na,na,na,na,na,na,na,na,na,na,na,na,na,na,na,na,na,na,na,na,na,na,na,na,na,na,na,na,na,na,na,na,na,na,na,na,na,na,na,na,na,na,na,na,na,na,na,na,na,na,na,na,na,na,na,na,na,na,na,na,na,na,na,na,na,na,na,na,na,na,na,na,na,na,na,na,na,na,na,na,na,na,na,na,na,na,na,na,na,na,na,na,na,na,na,na,na,na,na,na,na,na,na,na,na,na,na,na,na,na,na,na,na,na,na,na,na,na,na,na,na,na,na,na,na,na,na,na,na,na,na,na,na,na,na,na,na,na,na,na,na,na,na,na,na,na,na,na,na,na,na,na,na,na,na,na,na,na,na,na,na,na,na,na,na,na,na,na,na,na,na,na,na,na,na,na,na,na,na,na,na,na,na,na,na,na,na,na,na,na,na,na,na,na,na,na,na,na,na,na,na,na,na,na,na,na,na,na,na,na,na,na,na,na,na,na,na,na,na,na,na,na,na,na,na,na,na,na,na,na,na,na,na,na,na,na,na,na,na,na,na,na,na,na,na,na,na,na,na,na,na,na,na,na,na,na,na,na,na,na,na,na,na,na,na,na,na,na,na,na,na,na,na,na,na,na,na,na,na,na,na,na,na,na,na,na,na,na,na,na,na,na,na,na,na,na,na,na,na,na,na,na,na,na,na,na,na,na,na,na,na,na,na,na,na,na,na,na,na,na,na,na,na,na,na,na,na,na,na,na,na,na,na,na,na,na,na,na,na,na,na,na,na,na,na,na,na,na,na,na,na,na,na,na,na,na,na,na,na,na,na,na,na,na,na,na,na,na,na,na,na,na,na,na,na,na,na,na,na,na,na,na,na,na,na,na,na,na,na,na,na,na,na,na,na,na,na,na,na,na,na,na,na,na,na,na,na,na,na,na,na,na,na,na,na,na,na,na,na,na,na,na,na,na,na,na,na,na,na,na,na,na,na,na,na,na,na,na,na,na,na,na,na,na,na,na,na,na,na,na,na,na,na,na,na,na,na,na,na,na,na,na,na,na,na,na,na,na,na,na,na,na,na,na,na,na,na,na,na,na,na,na,na,na,na,na,na,na,na,na,na,na,na,na,na,na,na,na,na,na,na,na,na,na,na
56,            Baby Food,99.354,103.317,102.995,101.648,101.494,102.007,98.439,102.942,103.681,101.312,102.642,101.873,100.84,101.101,100.848,101.55,100.605,101.792,101.367,101.541,93.984,91.857,97.153,99.884,93.872,95.445,95.384,94.146,94.141,94.506,98.202,93.976,89.286,92.678,92.77,92.892,92.776,93.692,91.969,92.554,92.809,93.26,92.94,92.647,92.536,93.289,93.439,93.007,93.473,90.316,90.506,90.051,90.427,89.224,89.955,88.648,88.166,89.584,88.549,89.31,90.082,90.197,88.708,89.047,90.297,90.255,90.58,90.485,88.241,88.055,89.766,88.599,90.455,90.156,90.55,90.584,89.56,89.549,90.647,88.698,89.872,90.699,89.456,89.809,89.808,89.899,90.713,90.97,89.948,91.121,89.883,90.019,91.75,91.351,89.043,89.522,90.444,90.689,90.811,89.368,88.715,89.008,87.49,88.929,89.217,89.37,89.895,88.948,89.527,88.299,89.343,89.581,89.485,89.124,89.426,89.515,89.272,89.066,89.976,89.817,87.611,87.519,87.514,86.252,86.336,88.439,88.655,87.41,86.35,86.708,na,na,na,na,na,na,na,na,na,na,na,na,na,na,na,na,na,na,na,na,na,na,na,na,na,na,na,na,na,na,na,na,na,na,na,na,na,na,na,na,na,na,na,na,na,na,na,na,na,na,na,na,na,na,na,na,na,na,na,na,na,na,na,na,na,na,na,na,na,na,na,na,na,na,na,na,na,na,na,na,na,na,na,na,na,na,na,na,na,na,na,na,na,na,na,na,na,na,na,na,na,na,na,na,na,na,na,na,na,na,na,na,na,na,na,na,na,na,na,na,na,na,na,na,na,na,na,na,na,na,na,na,na,na,na,na,na,na,na,na,na,na,na,na,na,na,na,na,na,na,na,na,na,na,na,na,na,na,na,na,na,na,na,na,na,na,na,na,na,na,na,na,na,na,na,na,na,na,na,na,na,na,na,na,na,na,na,na,na,na,na,na,na,na,na,na,na,na,na,na,na,na,na,na,na,na,na,na,na,na,na,na,na,na,na,na,na,na,na,na,na,na,na,na,na,na,na,na,na,na,na,na,na,na,na,na,na,na,na,na,na,na,na,na,na,na,na,na,na,na,na,na,na,na,na,na,na,na,na,na,na,na,na,na,na,na,na,na,na,na,na,na,na,na,na,na,na,na,na,na,na,na,na,na,na,na,na,na,na,na,na,na,na,na,na,na,na,na,na,na,na,na,na,na,na,na,na,na,na,na,na,na,na,na,na,na,na,na,na,na,na,na,na,na,na,na,na,na,na,na,na,na,na,na,na,na,na,na,na,na,na,na,na,na,na,na,na,na,na,na,na,na,na,na,na,na,na,na,na,na,na,na,na,na,na,na,na,na,na,na,na,na,na,na,na,na,na,na,na,na,na,na,na,na,na,na,na,na,na,na,na,na,na,na,na,na,na,na,na,na,na,na,na,na,na,na,na,na,na,na,na,na,na,na,na,na,na,na,na,na,na,na,na,na,na,na,na,na,na,na,na,na,na,na,na,na,na,na,na,na,na,na,na,na,na,na,na,na,na,na,na,na,na,na,na,na,na,na,na,na,na,na,na,na,na,na,na,na,na,na,na,na,na,na,na,na,na,na,na,na,na,na,na,na,na,na,na,na,na,na,na,na,na,na,na,na,na,na,na,na,na,na,na,na,na,na,na,na,na,na,na,na,na,na,na,na,na,na,na,na,na,na,na,na,na,na,na,na,na,na,na,na,na,na,na,na,na,na,na,na,na,na,na,na,na,na,na,na,na,na,na,na,na,na,na,na,na,na,na,na,na,na,na,na,na,na,na,na,na,na,na,na,na,na,na,na,na,na,na,na,na,na,na,na,na,na,na,na,na,na,na,na,na,na,na,na,na,na,na,na,na,na,na,na,na,na,na,na,na,na,na,na,na,na,na,na,na,na,na,na,na,na,na,na,na,na,na,na,na,na,na,na,na,na,na,na,na,na,na,na,na,na,na,na,na,na,na,na
57,"            Salt, Condiments & Sauces",100.656,99.851,99.903,100.808,101.9,101.065,100.425,101.59,102.04,100.183,100.862,101.95,102.244,100.922,98.17,97.846,100.958,100.967,99.601,99.939,98.31,98.231,97.81,98.501,98.467,94.591,94.456,94.913,94.543,95.341,92.943,91.373,91.183,91.54,92.834,93.05,90.064,89.253,88.681,89.145,88.557,88.107,88.023,87.723,85.867,84.564,85.644,86.555,87.018,86.832,85.742,84.792,86.065,85.232,85.716,85.466,84.953,83.481,84.926,85.252,86.071,84.68,84.882,85.57,86.765,86.896,85.31,85.236,83.63,81.796,83.036,83.629,85.058,85.588,82.236,82.496,85.66,84.915,86.386,86.461,82.333,82.479,84.122,85.727,86.507,84.986,83.669,85.15,86.08,84.828,84.727,85.438,81.786,81.569,83.605,84.049,84.438,83.525,82.65,84.648,83.547,83.81,84.232,84.088,82.331,81.811,83.348,82.784,82.69,82.798,81.081,81.187,82.762,82.351,82.195,83.681,82.013,80.296,81.669,82.06,81.783,80.743,79.395,79.347,77.968,77.225,77.292,78.154,76.211,76.304,na,na,na,na,na,na,na,na,na,na,na,na,na,na,na,na,na,na,na,na,na,na,na,na,na,na,na,na,na,na,na,na,na,na,na,na,na,na,na,na,na,na,na,na,na,na,na,na,na,na,na,na,na,na,na,na,na,na,na,na,na,na,na,na,na,na,na,na,na,na,na,na,na,na,na,na,na,na,na,na,na,na,na,na,na,na,na,na,na,na,na,na,na,na,na,na,na,na,na,na,na,na,na,na,na,na,na,na,na,na,na,na,na,na,na,na,na,na,na,na,na,na,na,na,na,na,na,na,na,na,na,na,na,na,na,na,na,na,na,na,na,na,na,na,na,na,na,na,na,na,na,na,na,na,na,na,na,na,na,na,na,na,na,na,na,na,na,na,na,na,na,na,na,na,na,na,na,na,na,na,na,na,na,na,na,na,na,na,na,na,na,na,na,na,na,na,na,na,na,na,na,na,na,na,na,na,na,na,na,na,na,na,na,na,na,na,na,na,na,na,na,na,na,na,na,na,na,na,na,na,na,na,na,na,na,na,na,na,na,na,na,na,na,na,na,na,na,na,na,na,na,na,na,na,na,na,na,na,na,na,na,na,na,na,na,na,na,na,na,na,na,na,na,na,na,na,na,na,na,na,na,na,na,na,na,na,na,na,na,na,na,na,na,na,na,na,na,na,na,na,na,na,na,na,na,na,na,na,na,na,na,na,na,na,na,na,na,na,na,na,na,na,na,na,na,na,na,na,na,na,na,na,na,na,na,na,na,na,na,na,na,na,na,na,na,na,na,na,na,na,na,na,na,na,na,na,na,na,na,na,na,na,na,na,na,na,na,na,na,na,na,na,na,na,na,na,na,na,na,na,na,na,na,na,na,na,na,na,na,na,na,na,na,na,na,na,na,na,na,na,na,na,na,na,na,na,na,na,na,na,na,na,na,na,na,na,na,na,na,na,na,na,na,na,na,na,na,na,na,na,na,na,na,na,na,na,na,na,na,na,na,na,na,na,na,na,na,na,na,na,na,na,na,na,na,na,na,na,na,na,na,na,na,na,na,na,na,na,na,na,na,na,na,na,na,na,na,na,na,na,na,na,na,na,na,na,na,na,na,na,na,na,na,na,na,na,na,na,na,na,na,na,na,na,na,na,na,na,na,na,na,na,na,na,na,na,na,na,na,na,na,na,na,na,na,na,na,na,na,na,na,na,na,na,na,na,na,na,na,na,na,na,na,na,na,na,na,na,na,na,na,na,na,na,na,na,na,na,na,na,na,na,na,na,na,na,na,na,na,na,na,na,na,na,na,na,na,na,na,na,na,na,na,na,na,na,na,na,na,na,na,na,na,na,na,na,na,na,na,na,na,na,na,na,na,na,na,na,na,na,na,na,na,na,na,na,na,na,na,na,na,na,na,na,na,na,na,na,na,na,na,na,na,na,na,na,na,na,na,na,na,na,na,na,na,na,na,na
58,"            Spices, Culinary Herbs & Seeds",102.429,101.037,100.451,100.913,101.313,101.452,100.4,100.503,100.6,101.332,99.608,100.321,100.168,100.407,99.738,100.622,100.62,101.015,99.415,99.4,99.391,99.298,98.658,98.887,98.356,97.866,96.061,96.962,97.027,97.376,96.552,95.896,96.009,94.962,93.589,93.829,93.684,93.436,92.305,91.519,90.914,90.785,90.117,89.873,89.881,90.005,90.318,90.123,89.737,90.547,90.579,90.136,90.051,89.327,89.412,89.393,89.423,88.162,88.365,88.433,88.015,89.909,89.202,89.345,88.927,89.13,89.595,89.524,89.351,88.324,88.343,88.235,87.279,87.759,88.124,88.207,87.854,88.48,88.289,88.042,87.212,87.567,89.233,89.255,87.989,87.772,88.565,87.762,87.579,88.371,88.115,88.334,87.347,87.711,88.752,87.847,87.112,86.151,86.26,85.717,85.441,85.334,85.317,85.904,84.495,84.105,86.15,85.534,85.038,85.065,86.056,84.597,84.203,84.172,84.03,84.094,84.469,84.29,83.407,82.117,81.638,81.747,82.133,82.092,82.514,81.168,80.887,80.745,79.769,79.979,na,na,na,na,na,na,na,na,na,na,na,na,na,na,na,na,na,na,na,na,na,na,na,na,na,na,na,na,na,na,na,na,na,na,na,na,na,na,na,na,na,na,na,na,na,na,na,na,na,na,na,na,na,na,na,na,na,na,na,na,na,na,na,na,na,na,na,na,na,na,na,na,na,na,na,na,na,na,na,na,na,na,na,na,na,na,na,na,na,na,na,na,na,na,na,na,na,na,na,na,na,na,na,na,na,na,na,na,na,na,na,na,na,na,na,na,na,na,na,na,na,na,na,na,na,na,na,na,na,na,na,na,na,na,na,na,na,na,na,na,na,na,na,na,na,na,na,na,na,na,na,na,na,na,na,na,na,na,na,na,na,na,na,na,na,na,na,na,na,na,na,na,na,na,na,na,na,na,na,na,na,na,na,na,na,na,na,na,na,na,na,na,na,na,na,na,na,na,na,na,na,na,na,na,na,na,na,na,na,na,na,na,na,na,na,na,na,na,na,na,na,na,na,na,na,na,na,na,na,na,na,na,na,na,na,na,na,na,na,na,na,na,na,na,na,na,na,na,na,na,na,na,na,na,na,na,na,na,na,na,na,na,na,na,na,na,na,na,na,na,na,na,na,na,na,na,na,na,na,na,na,na,na,na,na,na,na,na,na,na,na,na,na,na,na,na,na,na,na,na,na,na,na,na,na,na,na,na,na,na,na,na,na,na,na,na,na,na,na,na,na,na,na,na,na,na,na,na,na,na,na,na,na,na,na,na,na,na,na,na,na,na,na,na,na,na,na,na,na,na,na,na,na,na,na,na,na,na,na,na,na,na,na,na,na,na,na,na,na,na,na,na,na,na,na,na,na,na,na,na,na,na,na,na,na,na,na,na,na,na,na,na,na,na,na,na,na,na,na,na,na,na,na,na,na,na,na,na,na,na,na,na,na,na,na,na,na,na,na,na,na,na,na,na,na,na,na,na,na,na,na,na,na,na,na,na,na,na,na,na,na,na,na,na,na,na,na,na,na,na,na,na,na,na,na,na,na,na,na,na,na,na,na,na,na,na,na,na,na,na,na,na,na,na,na,na,na,na,na,na,na,na,na,na,na,na,na,na,na,na,na,na,na,na,na,na,na,na,na,na,na,na,na,na,na,na,na,na,na,na,na,na,na,na,na,na,na,na,na,na,na,na,na,na,na,na,na,na,na,na,na,na,na,na,na,na,na,na,na,na,na,na,na,na,na,na,na,na,na,na,na,na,na,na,na,na,na,na,na,na,na,na,na,na,na,na,na,na,na,na,na,na,na,na,na,na,na,na,na,na,na,na,na,na,na,na,na,na,na,na,na,na,na,na,na,na,na,na,na,na,na,na,na,na,na,na,na,na,na,na,na,na,na,na,na,na,na,na,na,na,na,na,na,na,na,na,na,na,na,na,na,na,na,na,na,na,na,na,na,na,na,na,na,na,na,na,na,na
59,"            Food Hampers, Incl Fruits",95.799,95.799,95.799,95.799,95.799,95.799,95.799,95.799,95.799,95.799,97.184,98.943,98.943,98.943,98.943,99.444,99.444,99.444,99.444,103.089,103.089,103.089,na,na,na,na,na,na,na,na,na,na,na,na,na,na,na,na,na,na,na,na,na,na,na,na,na,na,na,na,na,na,na,na,na,na,na,na,na,na,na,na,na,na,na,na,na,na,na,na,na,na,na,na,na,na,na,na,na,na,na,na,na,na,na,na,na,na,na,na,na,na,na,na,na,na,na,na,na,na,na,na,na,na,na,na,na,na,na,na,na,na,na,na,na,na,na,na,na,na,na,na,na,na,na,na,na,na,na,na,na,na,na,na,na,na,na,na,na,na,na,na,na,na,na,na,na,na,na,na,na,na,na,na,na,na,na,na,na,na,na,na,na,na,na,na,na,na,na,na,na,na,na,na,na,na,na,na,na,na,na,na,na,na,na,na,na,na,na,na,na,na,na,na,na,na,na,na,na,na,na,na,na,na,na,na,na,na,na,na,na,na,na,na,na,na,na,na,na,na,na,na,na,na,na,na,na,na,na,na,na,na,na,na,na,na,na,na,na,na,na,na,na,na,na,na,na,na,na,na,na,na,na,na,na,na,na,na,na,na,na,na,na,na,na,na,na,na,na,na,na,na,na,na,na,na,na,na,na,na,na,na,na,na,na,na,na,na,na,na,na,na,na,na,na,na,na,na,na,na,na,na,na,na,na,na,na,na,na,na,na,na,na,na,na,na,na,na,na,na,na,na,na,na,na,na,na,na,na,na,na,na,na,na,na,na,na,na,na,na,na,na,na,na,na,na,na,na,na,na,na,na,na,na,na,na,na,na,na,na,na,na,na,na,na,na,na,na,na,na,na,na,na,na,na,na,na,na,na,na,na,na,na,na,na,na,na,na,na,na,na,na,na,na,na,na,na,na,na,na,na,na,na,na,na,na,na,na,na,na,na,na,na,na,na,na,na,na,na,na,na,na,na,na,na,na,na,na,na,na,na,na,na,na,na,na,na,na,na,na,na,na,na,na,na,na,na,na,na,na,na,na,na,na,na,na,na,na,na,na,na,na,na,na,na,na,na,na,na,na,na,na,na,na,na,na,na,na,na,na,na,na,na,na,na,na,na,na,na,na,na,na,na,na,na,na,na,na,na,na,na,na,na,na,na,na,na,na,na,na,na,na,na,na,na,na,na,na,na,na,na,na,na,na,na,na,na,na,na,na,na,na,na,na,na,na,na,na,na,na,na,na,na,na,na,na,na,na,na,na,na,na,na,na,na,na,na,na,na,na,na,na,na,na,na,na,na,na,na,na,na,na,na,na,na,na,na,na,na,na,na,na,na,na,na,na,na,na,na,na,na,na,na,na,na,na,na,na,na,na,na,na,na,na,na,na,na,na,na,na,na,na,na,na,na,na,na,na,na,na,na,na,na,na,na,na,na,na,na,na,na,na,na,na,na,na,na,na,na,na,na,na,na,na,na,na,na,na,na,na,na,na,na,na,na,na,na,na,na,na,na,na,na,na,na,na,na,na,na,na,na,na,na,na,na,na,na,na,na,na,na,na,na,na,na,na,na,na,na,na,na,na,na,na,na,na,na,na,na,na,na,na,na,na,na,na,na,na,na,na,na,na,na,na,na,na,na,na,na,na,na,na,na,na,na,na,na,na,na,na,na,na,na,na,na,na,na,na,na,na,na,na,na,na,na,na,na,na,na,na,na,na,na,na,na,na,na,na,na,na,na,na,na,na,na,na,na,na,na,na,na,na,na,na,na,na,na,na
60,            Other Food Products Nec,100.663,99.759,98.35,100.258,100.078,100.889,100.522,99.546,97.948,97.014,98.014,98.971,98.442,100.36,99.972,102.185,101.816,100.511,99.471,100.481,99.503,100.273,100.443,100.162,100.848,98.192,98.25,99.402,99.559,99.556,96.228,97.477,96.535,97.49,95.863,97.221,96.215,95.623,95.688,95.619,95.376,94.585,94.694,94.489,93.707,92.717,93.421,93.76,93.69,93.389,92.888,92.558,92.335,92.37,92.812,92.055,91.901,91.67,92.39,92.592,93.118,93.234,93.068,93.42,93.752,93.172,94.573,94.551,93.097,91.98,93.114,93.931,93.422,91.714,92.449,93.388,91.975,92.492,93.232,93.828,93.124,93.118,92.304,92.912,92.42,92.734,92.212,91.677,90.388,90.284,91.002,91.255,89.194,89.807,89.975,90.148,90.486,89.811,89.86,90.106,89.054,89.465,90.12,90.719,89.311,88.903,89.731,89.657,90.177,90.185,89.685,89.162,88.879,89.693,89.696,90.183,88.176,88.464,88.561,89.523,89.424,89.846,89.138,88.435,88.358,88.804,89.261,89.682,89.189,88.773,na,na,na,na,na,na,na,na,na,na,na,na,na,na,na,na,na,na,na,na,na,na,na,na,na,na,na,na,na,na,na,na,na,na,na,na,na,na,na,na,na,na,na,na,na,na,na,na,na,na,na,na,na,na,na,na,na,na,na,na,na,na,na,na,na,na,na,na,na,na,na,na,na,na,na,na,na,na,na,na,na,na,na,na,na,na,na,na,na,na,na,na,na,na,na,na,na,na,na,na,na,na,na,na,na,na,na,na,na,na,na,na,na,na,na,na,na,na,na,na,na,na,na,na,na,na,na,na,na,na,na,na,na,na,na,na,na,na,na,na,na,na,na,na,na,na,na,na,na,na,na,na,na,na,na,na,na,na,na,na,na,na,na,na,na,na,na,na,na,na,na,na,na,na,na,na,na,na,na,na,na,na,na,na,na,na,na,na,na,na,na,na,na,na,na,na,na,na,na,na,na,na,na,na,na,na,na,na,na,na,na,na,na,na,na,na,na,na,na,na,na,na,na,na,na,na,na,na,na,na,na,na,na,na,na,na,na,na,na,na,na,na,na,na,na,na,na,na,na,na,na,na,na,na,na,na,na,na,na,na,na,na,na,na,na,na,na,na,na,na,na,na,na,na,na,na,na,na,na,na,na,na,na,na,na,na,na,na,na,na,na,na,na,na,na,na,na,na,na,na,na,na,na,na,na,na,na,na,na,na,na,na,na,na,na,na,na,na,na,na,na,na,na,na,na,na,na,na,na,na,na,na,na,na,na,na,na,na,na,na,na,na,na,na,na,na,na,na,na,na,na,na,na,na,na,na,na,na,na,na,na,na,na,na,na,na,na,na,na,na,na,na,na,na,na,na,na,na,na,na,na,na,na,na,na,na,na,na,na,na,na,na,na,na,na,na,na,na,na,na,na,na,na,na,na,na,na,na,na,na,na,na,na,na,na,na,na,na,na,na,na,na,na,na,na,na,na,na,na,na,na,na,na,na,na,na,na,na,na,na,na,na,na,na,na,na,na,na,na,na,na,na,na,na,na,na,na,na,na,na,na,na,na,na,na,na,na,na,na,na,na,na,na,na,na,na,na,na,na,na,na,na,na,na,na,na,na,na,na,na,na,na,na,na,na,na,na,na,na,na,na,na,na,na,na,na,na,na,na,na,na,na,na,na,na,na,na,na,na,na,na,na,na,na,na,na,na,na,na,na,na,na,na,na,na,na,na,na,na,na,na,na,na,na,na,na,na,na,na,na,na,na,na,na,na,na,na,na,na,na,na,na,na,na,na,na,na,na,na,na,na,na,na,na,na,na,na,na,na,na,na,na,na,na,na,na,na,na,na,na,na,na,na,na,na,na,na,na,na,na,na,na,na,na,na,na,na,na,na,na,na,na,na,na,na,na,na,na,na,na,na,na,na,na,na,na,na,na,na,na,na,na,na,na,na,na,na,na,na,na,na,na,na,na,na,na,na,na
61,        Non-Alcoholic Beverages,105.044,104.53,103.188,102.512,102.103,101.2,102.277,101.977,100.778,99.183,101.158,101.37,100.673,100.972,100.439,99.88,100.543,100.535,98.395,99.577,98.288,98.171,99.372,99.679,99.448,98.501,98.19,97.801,97.812,97.12,95.665,95.142,95.05,93.782,95.254,94.698,93.738,93.105,91.664,91.642,91.532,90.706,90.917,90.259,89.244,88.833,88.638,88.515,88.889,88.878,88.56,88.663,87.783,87.413,87.788,87.022,86.696,87.057,87.797,87.442,87.522,87.553,87.755,88.024,88.86,86.897,86.499,84.404,84.589,81.451,83.905,84.355,84.766,84.854,83.311,84.217,83.077,82.748,83.944,83.618,81.833,82.398,82.655,82.41,83.102,82.98,83.107,82.617,81.287,81.92,82.805,83.057,80.813,81.051,82.252,82.645,82.296,81.16,81.159,81.339,80.148,80.872,81.16,82.053,80.744,80.64,81.391,81.092,80.679,81.076,80.654,80.031,80.08,81.029,81.509,81.967,81.081,80.677,81.389,81.154,82.122,81.013,80.358,79.921,80.39,80.814,80.788,80.61,79.891,80.933,80.594,81.017,81.175,80.986,80.705,80.972,80.982,80.543,80.375,80.284,79.64,79.665,80.349,79.928,79.919,79.863,80.135,79.984,80.275,79.452,79.89,79.639,78.883,78.889,79.6,79.497,79.271,79.345,79.134,78.672,78.469,78.573,78.499,78.702,78.571,78.329,78.607,78.598,77.824,77.86,77.993,77.211,77.515,77.126,76.796,76.204,76.557,75.701,76.295,75.934,75.16,75.399,75.425,75.276,75.304,75.429,74.983,74.642,74.935,75.022,74.498,74.661,74.785,74.589,74.748,74.844,75.011,75.3,75.532,75.682,75.475,75.208,75.286,75.126,74.926,74.437,74.448,74.139,75.152,75.088,74.943,74.441,74.591,73.46,73.85,73.022,72.082,71.756,70.264,70.537,69.491,68.456,68.058,67.867,67.071,66.731,67.473,67.155,67.014,66.757,66.858,66.589,66.083,65.215,65.313,65.247,65.37,64.727,65.047,64.868,64.902,65.2,65.105,65.215,64.927,64.909,64.723,64.552,64.686,64.322,na,na,na,na,na,na,na,na,na,na,na,na,na,na,na,na,na,na,na,na,na,na,na,na,na,na,na,na,na,na,na,na,na,na,na,na,na,na,na,na,na,na,na,na,na,na,na,na,na,na,na,na,na,na,na,na,na,na,na,na,na,na,na,na,na,na,na,na,na,na,na,na,na,na,na,na,na,na,na,na,na,na,na,na,na,na,na,na,na,na,na,na,na,na,na,na,na,na,na,na,na,na,na,na,na,na,na,na,na,na,na,na,na,na,na,na,na,na,na,na,na,na,na,na,na,na,na,na,na,na,na,na,na,na,na,na,na,na,na,na,na,na,na,na,na,na,na,na,na,na,na,na,na,na,na,na,na,na,na,na,na,na,na,na,na,na,na,na,na,na,na,na,na,na,na,na,na,na,na,na,na,na,na,na,na,na,na,na,na,na,na,na,na,na,na,na,na,na,na,na,na,na,na,na,na,na,na,na,na,na,na,na,na,na,na,na,na,na,na,na,na,na,na,na,na,na,na,na,na,na,na,na,na,na,na,na,na,na,na,na,na,na,na,na,na,na,na,na,na,na,na,na,na,na,na,na,na,na,na,na,na,na,na,na,na,na,na,na,na,na,na,na,na,na,na,na,na,na,na,na,na,na,na,na,na,na,na,na,na,na,na,na,na,na,na,na,na,na,na,na,na,na,na,na,na,na,na,na,na,na,na,na,na,na,na,na,na,na,na,na,na,na,na,na,na,na,na,na,na,na,na,na,na,na,na,na,na,na,na,na,na,na,na,na,na,na,na,na,na,na,na,na,na,na,na,na,na,na,na,na,na,na,na,na,na,na,na,na,na,na,na,na,na,na,na,na,na,na,na,na,na,na,na,na,na,na,na,na,na,na,na,na,na,na,na,na,na,na,na,na,na,na,na,na,na,na,na,na,na,na,na,na,na,na,na,na,na,na,na,na,na,na,na,na,na,na,na,na,na,na,na,na,na,na,na,na,na,na,na,na,na,na,na,na,na,na,na,na,na,na,na,na,na,na,na,na,na,na,na,na,na,na,na,na,na,na,na,na,na,na,na,na,na,na,na,na,na,na,na,na,na,na,na,na,na,na,na,na,na,na,na,na,na,na,na,na,na,na,na,na,na,na,na,na,na,na,na,na,na,na,na,na,na,na,na,na,na,na,na,na,na,na,na,na,na,na,na,na
62,            Fruit & Vegetable Juices,102.914,102.998,101.382,101.065,101.445,102.182,101.485,101.692,100.455,101.092,101.759,101.28,100.083,101.724,101.798,102.013,100.849,99.736,97.102,98.405,97.723,97.528,98.117,100.035,98.543,97.445,96.712,96.433,95.552,93.082,93.179,92.261,93.247,90.011,93.699,94.767,91.699,90.066,87.108,87.642,87.289,86.644,87.278,88.293,87.229,86.911,85.813,85.701,88.054,87.972,88.809,88.917,87.154,86.513,87.938,84.636,85.722,86.579,87.151,87.079,87.338,87.445,88.074,87.977,88.702,85.958,81.983,81.201,80.593,79.884,81.84,81.774,81.515,79.975,82.203,80.864,80.678,80.498,80.535,80.564,79.222,80.278,79.642,80.988,81.854,81.528,81.592,80.385,79.976,80.904,80.629,80.763,77.74,78.35,79.518,80.268,79.307,79.751,79.603,78.166,77.605,78.122,78.754,78.614,76.999,76.888,78.25,78.121,77.073,78.529,78.745,77.858,78.735,78.93,79.039,79.25,77.625,77.69,79.127,78.285,78.456,76.67,77.484,76.508,77.873,77.507,77.215,76.404,76.667,77.944,na,na,na,na,na,na,na,na,na,na,na,na,na,na,na,na,na,na,na,na,na,na,na,na,na,na,na,na,na,na,na,na,na,na,na,na,na,na,na,na,na,na,na,na,na,na,na,na,na,na,na,na,na,na,na,na,na,na,na,na,na,na,na,na,na,na,na,na,na,na,na,na,na,na,na,na,na,na,na,na,na,na,na,na,na,na,na,na,na,na,na,na,na,na,na,na,na,na,na,na,na,na,na,na,na,na,na,na,na,na,na,na,na,na,na,na,na,na,na,na,na,na,na,na,na,na,na,na,na,na,na,na,na,na,na,na,na,na,na,na,na,na,na,na,na,na,na,na,na,na,na,na,na,na,na,na,na,na,na,na,na,na,na,na,na,na,na,na,na,na,na,na,na,na,na,na,na,na,na,na,na,na,na,na,na,na,na,na,na,na,na,na,na,na,na,na,na,na,na,na,na,na,na,na,na,na,na,na,na,na,na,na,na,na,na,na,na,na,na,na,na,na,na,na,na,na,na,na,na,na,na,na,na,na,na,na,na,na,na,na,na,na,na,na,na,na,na,na,na,na,na,na,na,na,na,na,na,na,na,na,na,na,na,na,na,na,na,na,na,na,na,na,na,na,na,na,na,na,na,na,na,na,na,na,na,na,na,na,na,na,na,na,na,na,na,na,na,na,na,na,na,na,na,na,na,na,na,na,na,na,na,na,na,na,na,na,na,na,na,na,na,na,na,na,na,na,na,na,na,na,na,na,na,na,na,na,na,na,na,na,na,na,na,na,na,na,na,na,na,na,na,na,na,na,na,na,na,na,na,na,na,na,na,na,na,na,na,na,na,na,na,na,na,na,na,na,na,na,na,na,na,na,na,na,na,na,na,na,na,na,na,na,na,na,na,na,na,na,na,na,na,na,na,na,na,na,na,na,na,na,na,na,na,na,na,na,na,na,na,na,na,na,na,na,na,na,na,na,na,na,na,na,na,na,na,na,na,na,na,na,na,na,na,na,na,na,na,na,na,na,na,na,na,na,na,na,na,na,na,na,na,na,na,na,na,na,na,na,na,na,na,na,na,na,na,na,na,na,na,na,na,na,na,na,na,na,na,na,na,na,na,na,na,na,na,na,na,na,na,na,na,na,na,na,na,na,na,na,na,na,na,na,na,na,na,na,na,na,na,na,na,na,na,na,na,na,na,na,na,na,na,na,na,na,na,na,na,na,na,na,na,na,na,na,na,na,na,na,na,na,na,na,na,na,na,na,na,na,na,na,na,na,na,na,na,na,na,na,na,na,na,na,na,na,na,na,na,na,na,na,na,na,na,na,na,na,na,na,na,na,na,na,na,na,na,na,na,na,na,na,na,na,na,na,na,na,na,na,na,na,na,na,na,na,na,na,na,na,na,na,na,na,na,na,na,na,na,na,na,na,na,na,na,na,na,na,na,na,na,na,na,na,na,na,na,na,na,na
63,            Coffee & Coffee Substitutes,113.84,112.321,108.03,106.599,105.454,106.136,105.82,105.85,102.964,99.431,101.425,101.799,101.342,101.06,100.528,98.344,99.334,99.784,99.066,100.11,98.765,98.443,99.103,98.772,97.303,97.324,97.034,96.915,97.017,96.949,96.47,96.074,95.036,94.398,95.048,93.841,93.407,93.044,92.312,92.075,92.422,92.251,92.143,91.927,91.487,91.02,91.259,90.679,91.042,90.246,88.768,89.282,89.334,89.068,88.563,88.494,88.591,88.649,89.072,88.592,88.508,88.137,88.129,87.258,89.131,86.611,87.064,84.972,87.014,84.291,85.011,85.803,86.313,88.666,84.993,87.24,87.191,86.264,87.497,86.176,87.364,87.038,86.775,87.516,87.519,87.618,88.132,86.833,84.819,84.662,84.326,84.215,83.355,83.486,83.825,84.25,84.206,82.911,82.63,83.746,84.96,84.261,84.224,83.829,84.133,83.774,84.632,84.52,84.429,84.539,83.38,83.32,83.881,83.673,83.525,85.034,83.494,83.363,81.997,83.189,85.078,84.498,83.86,83.467,83.165,83.722,84.413,84.222,83.162,83.956,na,na,na,na,na,na,na,na,na,na,na,na,na,na,na,na,na,na,na,na,na,na,na,na,na,na,na,na,na,na,na,na,na,na,na,na,na,na,na,na,na,na,na,na,na,na,na,na,na,na,na,na,na,na,na,na,na,na,na,na,na,na,na,na,na,na,na,na,na,na,na,na,na,na,na,na,na,na,na,na,na,na,na,na,na,na,na,na,na,na,na,na,na,na,na,na,na,na,na,na,na,na,na,na,na,na,na,na,na,na,na,na,na,na,na,na,na,na,na,na,na,na,na,na,na,na,na,na,na,na,na,na,na,na,na,na,na,na,na,na,na,na,na,na,na,na,na,na,na,na,na,na,na,na,na,na,na,na,na,na,na,na,na,na,na,na,na,na,na,na,na,na,na,na,na,na,na,na,na,na,na,na,na,na,na,na,na,na,na,na,na,na,na,na,na,na,na,na,na,na,na,na,na,na,na,na,na,na,na,na,na,na,na,na,na,na,na,na,na,na,na,na,na,na,na,na,na,na,na,na,na,na,na,na,na,na,na,na,na,na,na,na,na,na,na,na,na,na,na,na,na,na,na,na,na,na,na,na,na,na,na,na,na,na,na,na,na,na,na,na,na,na,na,na,na,na,na,na,na,na,na,na,na,na,na,na,na,na,na,na,na,na,na,na,na,na,na,na,na,na,na,na,na,na,na,na,na,na,na,na,na,na,na,na,na,na,na,na,na,na,na,na,na,na,na,na,na,na,na,na,na,na,na,na,na,na,na,na,na,na,na,na,na,na,na,na,na,na,na,na,na,na,na,na,na,na,na,na,na,na,na,na,na,na,na,na,na,na,na,na,na,na,na,na,na,na,na,na,na,na,na,na,na,na,na,na,na,na,na,na,na,na,na,na,na,na,na,na,na,na,na,na,na,na,na,na,na,na,na,na,na,na,na,na,na,na,na,na,na,na,na,na,na,na,na,na,na,na,na,na,na,na,na,na,na,na,na,na,na,na,na,na,na,na,na,na,na,na,na,na,na,na,na,na,na,na,na,na,na,na,na,na,na,na,na,na,na,na,na,na,na,na,na,na,na,na,na,na,na,na,na,na,na,na,na,na,na,na,na,na,na,na,na,na,na,na,na,na,na,na,na,na,na,na,na,na,na,na,na,na,na,na,na,na,na,na,na,na,na,na,na,na,na,na,na,na,na,na,na,na,na,na,na,na,na,na,na,na,na,na,na,na,na,na,na,na,na,na,na,na,na,na,na,na,na,na,na,na,na,na,na,na,na,na,na,na,na,na,na,na,na,na,na,na,na,na,na,na,na,na,na,na,na,na,na,na,na,na,na,na,na,na,na,na,na,na,na,na,na,na,na,na,na,na,na,na,na,na,na,na,na,na,na,na,na,na,na,na,na,na,na,na,na,na,na,na,na,na,na,na,na,na,na,na,na,na,na,na,na,na,na,na,na,na,na,na,na,na
64,            Tea,100.641,99.928,99.211,99.209,99.637,98.698,99.597,98.239,98.893,96.889,100.657,101.894,101.099,100.495,98.957,100.025,100.921,100.616,99.064,99.549,98.011,98.713,98.738,99.474,99.334,97.113,97.023,96.293,97.405,97.51,94.886,94.172,94.698,93.493,95.746,95.769,94.439,93.299,92.398,92.246,91.74,91.286,91.567,90.468,89.538,88.808,89.679,89.902,89.767,90.276,90.221,89.902,88.77,89.281,88.436,87.662,86.288,86.733,88.422,87.525,87.52,87.696,88.567,89.257,90.126,88.314,88.321,86.33,85.875,80.027,85.474,85.99,86.573,87.03,84.38,85.991,85.595,84.06,85.934,84.28,80.646,82.344,84.251,83.538,83.279,83.97,83.997,84.848,83.917,83.223,83.405,84.011,82.084,82.126,82.61,82.552,83.177,80.865,81.496,82.959,82.079,82.559,82.783,85.681,82.998,83.454,85.502,83.529,83.765,83.229,84.065,83.862,82.937,84.156,84.188,84.374,83.689,82.156,83.873,83.576,84.398,82.533,81.612,81.724,82.947,83.517,82.985,83.25,82.352,84.25,na,na,na,na,na,na,na,na,na,na,na,na,na,na,na,na,na,na,na,na,na,na,na,na,na,na,na,na,na,na,na,na,na,na,na,na,na,na,na,na,na,na,na,na,na,na,na,na,na,na,na,na,na,na,na,na,na,na,na,na,na,na,na,na,na,na,na,na,na,na,na,na,na,na,na,na,na,na,na,na,na,na,na,na,na,na,na,na,na,na,na,na,na,na,na,na,na,na,na,na,na,na,na,na,na,na,na,na,na,na,na,na,na,na,na,na,na,na,na,na,na,na,na,na,na,na,na,na,na,na,na,na,na,na,na,na,na,na,na,na,na,na,na,na,na,na,na,na,na,na,na,na,na,na,na,na,na,na,na,na,na,na,na,na,na,na,na,na,na,na,na,na,na,na,na,na,na,na,na,na,na,na,na,na,na,na,na,na,na,na,na,na,na,na,na,na,na,na,na,na,na,na,na,na,na,na,na,na,na,na,na,na,na,na,na,na,na,na,na,na,na,na,na,na,na,na,na,na,na,na,na,na,na,na,na,na,na,na,na,na,na,na,na,na,na,na,na,na,na,na,na,na,na,na,na,na,na,na,na,na,na,na,na,na,na,na,na,na,na,na,na,na,na,na,na,na,na,na,na,na,na,na,na,na,na,na,na,na,na,na,na,na,na,na,na,na,na,na,na,na,na,na,na,na,na,na,na,na,na,na,na,na,na,na,na,na,na,na,na,na,na,na,na,na,na,na,na,na,na,na,na,na,na,na,na,na,na,na,na,na,na,na,na,na,na,na,na,na,na,na,na,na,na,na,na,na,na,na,na,na,na,na,na,na,na,na,na,na,na,na,na,na,na,na,na,na,na,na,na,na,na,na,na,na,na,na,na,na,na,na,na,na,na,na,na,na,na,na,na,na,na,na,na,na,na,na,na,na,na,na,na,na,na,na,na,na,na,na,na,na,na,na,na,na,na,na,na,na,na,na,na,na,na,na,na,na,na,na,na,na,na,na,na,na,na,na,na,na,na,na,na,na,na,na,na,na,na,na,na,na,na,na,na,na,na,na,na,na,na,na,na,na,na,na,na,na,na,na,na,na,na,na,na,na,na,na,na,na,na,na,na,na,na,na,na,na,na,na,na,na,na,na,na,na,na,na,na,na,na,na,na,na,na,na,na,na,na,na,na,na,na,na,na,na,na,na,na,na,na,na,na,na,na,na,na,na,na,na,na,na,na,na,na,na,na,na,na,na,na,na,na,na,na,na,na,na,na,na,na,na,na,na,na,na,na,na,na,na,na,na,na,na,na,na,na,na,na,na,na,na,na,na,na,na,na,na,na,na,na,na,na,na,na,na,na,na,na,na,na,na,na,na,na,na,na,na,na,na,na,na,na,na,na,na,na,na,na,na,na,na,na,na,na,na,na,na,na,na,na,na,na,na,na,na,na,na,na,na,na,na,na,na,na,na,na,na,na,na
65,            Cocoa & Malt-Based Drinks,106.581,106.235,105.399,103.73,103.905,104.192,104.826,102.981,101.155,99.201,102,101.252,102.218,102.088,101.659,99.082,98.796,99.552,99.077,98.668,97.329,98.28,100.055,100.258,99.891,99.496,98.529,98.555,98.368,97.027,94.96,91.635,90.231,90.193,90.125,89.603,89.416,89.128,89.239,89.314,88.962,88.802,89.215,84.695,82.097,81.478,81.994,82.222,82.476,82.236,82.185,82.397,82.689,82.48,82.979,82.537,82.459,82.628,82.81,82.896,82.563,82.815,81.532,83.524,83.368,83.306,82.771,81.951,80.969,79.978,81.32,81.064,81.332,80.811,80.102,81.079,81.582,81.414,81.957,82.442,82.438,82.389,80.288,81.49,81.853,81.809,80.006,80.254,80.502,80.72,79.623,81.446,80.747,80.864,82.357,81.923,80.47,80.79,79.746,80.895,81.623,80.823,81.111,81.245,78.841,79.117,77.447,78.089,78.477,77.561,78.132,77.465,77.066,78.75,80.067,79.06,78.092,78.748,79.579,79.027,80.414,80.834,77.481,78.383,76.67,77.051,78.274,77.465,77.936,79.089,na,na,na,na,na,na,na,na,na,na,na,na,na,na,na,na,na,na,na,na,na,na,na,na,na,na,na,na,na,na,na,na,na,na,na,na,na,na,na,na,na,na,na,na,na,na,na,na,na,na,na,na,na,na,na,na,na,na,na,na,na,na,na,na,na,na,na,na,na,na,na,na,na,na,na,na,na,na,na,na,na,na,na,na,na,na,na,na,na,na,na,na,na,na,na,na,na,na,na,na,na,na,na,na,na,na,na,na,na,na,na,na,na,na,na,na,na,na,na,na,na,na,na,na,na,na,na,na,na,na,na,na,na,na,na,na,na,na,na,na,na,na,na,na,na,na,na,na,na,na,na,na,na,na,na,na,na,na,na,na,na,na,na,na,na,na,na,na,na,na,na,na,na,na,na,na,na,na,na,na,na,na,na,na,na,na,na,na,na,na,na,na,na,na,na,na,na,na,na,na,na,na,na,na,na,na,na,na,na,na,na,na,na,na,na,na,na,na,na,na,na,na,na,na,na,na,na,na,na,na,na,na,na,na,na,na,na,na,na,na,na,na,na,na,na,na,na,na,na,na,na,na,na,na,na,na,na,na,na,na,na,na,na,na,na,na,na,na,na,na,na,na,na,na,na,na,na,na,na,na,na,na,na,na,na,na,na,na,na,na,na,na,na,na,na,na,na,na,na,na,na,na,na,na,na,na,na,na,na,na,na,na,na,na,na,na,na,na,na,na,na,na,na,na,na,na,na,na,na,na,na,na,na,na,na,na,na,na,na,na,na,na,na,na,na,na,na,na,na,na,na,na,na,na,na,na,na,na,na,na,na,na,na,na,na,na,na,na,na,na,na,na,na,na,na,na,na,na,na,na,na,na,na,na,na,na,na,na,na,na,na,na,na,na,na,na,na,na,na,na,na,na,na,na,na,na,na,na,na,na,na,na,na,na,na,na,na,na,na,na,na,na,na,na,na,na,na,na,na,na,na,na,na,na,na,na,na,na,na,na,na,na,na,na,na,na,na,na,na,na,na,na,na,na,na,na,na,na,na,na,na,na,na,na,na,na,na,na,na,na,na,na,na,na,na,na,na,na,na,na,na,na,na,na,na,na,na,na,na,na,na,na,na,na,na,na,na,na,na,na,na,na,na,na,na,na,na,na,na,na,na,na,na,na,na,na,na,na,na,na,na,na,na,na,na,na,na,na,na,na,na,na,na,na,na,na,na,na,na,na,na,na,na,na,na,na,na,na,na,na,na,na,na,na,na,na,na,na,na,na,na,na,na,na,na,na,na,na,na,na,na,na,na,na,na,na,na,na,na,na,na,na,na,na,na,na,na,na,na,na,na,na,na,na,na,na,na,na,na,na,na,na,na,na,na,na,na,na,na,na,na,na,na,na,na,na,na,na,na,na,na,na,na,na,na,na,na,na,na,na,na,na,na,na,na,na,na,na,na,na,na,na,na,na,na,na,na,na
66,            Water,106.916,107.078,105.159,104.712,102.835,98.18,98.584,103.784,101.078,101.674,98.706,98.688,97.145,96.083,97.171,98.164,104.599,103.399,101.22,101.603,102.872,100.349,103.48,104.407,103.997,104.46,104.878,103.702,103.456,101.99,103.392,103.422,103.385,101.525,100.938,100.149,97.462,97.026,96.425,96.627,96.214,96.017,95.33,95.7,95.914,95.526,95.32,95.085,95.459,96.091,97.166,97.546,95.281,95.065,94.86,94.35,95.291,95.536,96.071,95.628,95.453,95.292,95.881,96.173,96.458,95.823,95.696,81.343,83.399,83.147,85.646,82.806,83.015,84.482,82.14,81.56,81.072,81.159,79.868,81.556,78.96,79.089,80.996,78.724,79.417,80.653,81.893,79.554,82.348,80.074,82.796,83.429,82.899,80.26,80.45,80.574,79.162,79.585,80.451,80.441,80.433,81.433,80.308,79.943,81.729,82.528,81.171,81.493,80.768,81.595,80.887,82.376,81.954,79.948,80.252,81.479,82.124,81.05,81.477,80.003,80.201,80.428,79.835,80.589,81.329,80.145,80.205,79.673,79.953,79.2,na,na,na,na,na,na,na,na,na,na,na,na,na,na,na,na,na,na,na,na,na,na,na,na,na,na,na,na,na,na,na,na,na,na,na,na,na,na,na,na,na,na,na,na,na,na,na,na,na,na,na,na,na,na,na,na,na,na,na,na,na,na,na,na,na,na,na,na,na,na,na,na,na,na,na,na,na,na,na,na,na,na,na,na,na,na,na,na,na,na,na,na,na,na,na,na,na,na,na,na,na,na,na,na,na,na,na,na,na,na,na,na,na,na,na,na,na,na,na,na,na,na,na,na,na,na,na,na,na,na,na,na,na,na,na,na,na,na,na,na,na,na,na,na,na,na,na,na,na,na,na,na,na,na,na,na,na,na,na,na,na,na,na,na,na,na,na,na,na,na,na,na,na,na,na,na,na,na,na,na,na,na,na,na,na,na,na,na,na,na,na,na,na,na,na,na,na,na,na,na,na,na,na,na,na,na,na,na,na,na,na,na,na,na,na,na,na,na,na,na,na,na,na,na,na,na,na,na,na,na,na,na,na,na,na,na,na,na,na,na,na,na,na,na,na,na,na,na,na,na,na,na,na,na,na,na,na,na,na,na,na,na,na,na,na,na,na,na,na,na,na,na,na,na,na,na,na,na,na,na,na,na,na,na,na,na,na,na,na,na,na,na,na,na,na,na,na,na,na,na,na,na,na,na,na,na,na,na,na,na,na,na,na,na,na,na,na,na,na,na,na,na,na,na,na,na,na,na,na,na,na,na,na,na,na,na,na,na,na,na,na,na,na,na,na,na,na,na,na,na,na,na,na,na,na,na,na,na,na,na,na,na,na,na,na,na,na,na,na,na,na,na,na,na,na,na,na,na,na,na,na,na,na,na,na,na,na,na,na,na,na,na,na,na,na,na,na,na,na,na,na,na,na,na,na,na,na,na,na,na,na,na,na,na,na,na,na,na,na,na,na,na,na,na,na,na,na,na,na,na,na,na,na,na,na,na,na,na,na,na,na,na,na,na,na,na,na,na,na,na,na,na,na,na,na,na,na,na,na,na,na,na,na,na,na,na,na,na,na,na,na,na,na,na,na,na,na,na,na,na,na,na,na,na,na,na,na,na,na,na,na,na,na,na,na,na,na,na,na,na,na,na,na,na,na,na,na,na,na,na,na,na,na,na,na,na,na,na,na,na,na,na,na,na,na,na,na,na,na,na,na,na,na,na,na,na,na,na,na,na,na,na,na,na,na,na,na,na,na,na,na,na,na,na,na,na,na,na,na,na,na,na,na,na,na,na,na,na,na,na,na,na,na,na,na,na,na,na,na,na,na,na,na,na,na,na,na,na,na,na,na,na,na,na,na,na,na,na,na,na,na,na,na,na,na,na,na,na,na,na,na,na,na,na,na,na,na,na,na,na,na,na,na,na,na,na,na,na,na,na,na,na,na,na,na,na,na,na,na,na,na,na,na,na,na,na,na,na
67,            Soft Drinks,99.36,100.449,102.036,102.39,100.405,97.123,100.244,99.295,100.708,100.269,99.734,102.085,102.053,101.758,100.805,99.971,101.085,102.272,95.991,99.631,97.674,96.94,98.996,98.068,101.455,100.545,100.439,99.272,98.703,97.883,94.859,96.599,97.234,96.364,96.517,95.821,96.374,96.517,92.175,92.081,92.165,88.455,88.776,90.292,89.089,89.253,88.366,88.262,87.784,87.576,86.809,86.746,85.053,81.817,85.184,85.283,84.933,85.171,85.516,85.805,85.683,86.005,86.235,86.471,86.391,83.122,84.926,84.982,85.124,80.182,82.128,83.334,84.176,81.336,81.098,81.102,74.622,76.991,82.145,83.055,78.117,77.667,79.278,76.199,77.916,77.482,77.611,77.269,73.384,76.867,81.991,81.288,76.37,77.431,79.846,81.314,81.44,78.777,78.881,77.39,71.305,74.94,75.713,77.871,76.881,76.185,77.082,76.91,75.719,77.089,74.652,73.087,73.153,76.004,77.65,77.977,77.953,77.364,78.704,77.849,78.236,77.14,77.114,75.314,76.274,77.889,77.116,77.197,74.918,75.764,na,na,na,na,na,na,na,na,na,na,na,na,na,na,na,na,na,na,na,na,na,na,na,na,na,na,na,na,na,na,na,na,na,na,na,na,na,na,na,na,na,na,na,na,na,na,na,na,na,na,na,na,na,na,na,na,na,na,na,na,na,na,na,na,na,na,na,na,na,na,na,na,na,na,na,na,na,na,na,na,na,na,na,na,na,na,na,na,na,na,na,na,na,na,na,na,na,na,na,na,na,na,na,na,na,na,na,na,na,na,na,na,na,na,na,na,na,na,na,na,na,na,na,na,na,na,na,na,na,na,na,na,na,na,na,na,na,na,na,na,na,na,na,na,na,na,na,na,na,na,na,na,na,na,na,na,na,na,na,na,na,na,na,na,na,na,na,na,na,na,na,na,na,na,na,na,na,na,na,na,na,na,na,na,na,na,na,na,na,na,na,na,na,na,na,na,na,na,na,na,na,na,na,na,na,na,na,na,na,na,na,na,na,na,na,na,na,na,na,na,na,na,na,na,na,na,na,na,na,na,na,na,na,na,na,na,na,na,na,na,na,na,na,na,na,na,na,na,na,na,na,na,na,na,na,na,na,na,na,na,na,na,na,na,na,na,na,na,na,na,na,na,na,na,na,na,na,na,na,na,na,na,na,na,na,na,na,na,na,na,na,na,na,na,na,na,na,na,na,na,na,na,na,na,na,na,na,na,na,na,na,na,na,na,na,na,na,na,na,na,na,na,na,na,na,na,na,na,na,na,na,na,na,na,na,na,na,na,na,na,na,na,na,na,na,na,na,na,na,na,na,na,na,na,na,na,na,na,na,na,na,na,na,na,na,na,na,na,na,na,na,na,na,na,na,na,na,na,na,na,na,na,na,na,na,na,na,na,na,na,na,na,na,na,na,na,na,na,na,na,na,na,na,na,na,na,na,na,na,na,na,na,na,na,na,na,na,na,na,na,na,na,na,na,na,na,na,na,na,na,na,na,na,na,na,na,na,na,na,na,na,na,na,na,na,na,na,na,na,na,na,na,na,na,na,na,na,na,na,na,na,na,na,na,na,na,na,na,na,na,na,na,na,na,na,na,na,na,na,na,na,na,na,na,na,na,na,na,na,na,na,na,na,na,na,na,na,na,na,na,na,na,na,na,na,na,na,na,na,na,na,na,na,na,na,na,na,na,na,na,na,na,na,na,na,na,na,na,na,na,na,na,na,na,na,na,na,na,na,na,na,na,na,na,na,na,na,na,na,na,na,na,na,na,na,na,na,na,na,na,na,na,na,na,na,na,na,na,na,na,na,na,na,na,na,na,na,na,na,na,na,na,na,na,na,na,na,na,na,na,na,na,na,na,na,na,na,na,na,na,na,na,na,na,na,na,na,na,na,na,na,na,na,na,na,na,na,na,na,na,na,na,na,na,na,na,na,na,na,na,na,na,na,na,na,na,na,na,na,na,na,na,na,na,na,na,na,na
68,            Non-Alcoholic Beverages Nec,99.711,98.802,99.53,98.544,99.635,97.072,101.442,101.412,98.967,98.088,102.784,99.986,97.63,100.907,101.146,102.108,101.414,100.415,98.348,99.476,97.921,97.866,103.854,103.642,103.295,100.387,100.661,103.341,101.457,101.742,99.568,102.591,102.92,98.5,106.834,100.568,100.545,100.919,100.566,100.409,101.585,100.293,100.907,98.285,97.665,98.239,89.651,88.992,89.214,92.514,92.898,92.789,91.084,95.64,95.788,94.822,90.096,91.695,92.573,91.827,96.32,96.221,96.526,96.925,98.805,98.819,94.223,91.717,87.313,85.712,87.284,92.204,92.401,91.218,91.606,91.883,86.786,87.171,77.209,81.846,76.247,80.737,82.025,82.181,86.144,82.153,85.962,85.176,83.723,84.763,85.67,85.272,83.1,82.91,86.195,85.357,84.256,83.282,84.373,84.987,82.116,83.67,83.728,84.246,81.813,80.964,82.068,83.412,82.227,83.472,84.157,82.27,82.645,83.294,82.803,84.732,84.254,83.775,84.306,84.719,86.809,83.215,83.683,83.187,84.937,83.862,82.86,84.477,84.232,83.91,na,na,na,na,na,na,na,na,na,na,na,na,na,na,na,na,na,na,na,na,na,na,na,na,na,na,na,na,na,na,na,na,na,na,na,na,na,na,na,na,na,na,na,na,na,na,na,na,na,na,na,na,na,na,na,na,na,na,na,na,na,na,na,na,na,na,na,na,na,na,na,na,na,na,na,na,na,na,na,na,na,na,na,na,na,na,na,na,na,na,na,na,na,na,na,na,na,na,na,na,na,na,na,na,na,na,na,na,na,na,na,na,na,na,na,na,na,na,na,na,na,na,na,na,na,na,na,na,na,na,na,na,na,na,na,na,na,na,na,na,na,na,na,na,na,na,na,na,na,na,na,na,na,na,na,na,na,na,na,na,na,na,na,na,na,na,na,na,na,na,na,na,na,na,na,na,na,na,na,na,na,na,na,na,na,na,na,na,na,na,na,na,na,na,na,na,na,na,na,na,na,na,na,na,na,na,na,na,na,na,na,na,na,na,na,na,na,na,na,na,na,na,na,na,na,na,na,na,na,na,na,na,na,na,na,na,na,na,na,na,na,na,na,na,na,na,na,na,na,na,na,na,na,na,na,na,na,na,na,na,na,na,na,na,na,na,na,na,na,na,na,na,na,na,na,na,na,na,na,na,na,na,na,na,na,na,na,na,na,na,na,na,na,na,na,na,na,na,na,na,na,na,na,na,na,na,na,na,na,na,na,na,na,na,na,na,na,na,na,na,na,na,na,na,na,na,na,na,na,na,na,na,na,na,na,na,na,na,na,na,na,na,na,na,na,na,na,na,na,na,na,na,na,na,na,na,na,na,na,na,na,na,na,na,na,na,na,na,na,na,na,na,na,na,na,na,na,na,na,na,na,na,na,na,na,na,na,na,na,na,na,na,na,na,na,na,na,na,na,na,na,na,na,na,na,na,na,na,na,na,na,na,na,na,na,na,na,na,na,na,na,na,na,na,na,na,na,na,na,na,na,na,na,na,na,na,na,na,na,na,na,na,na,na,na,na,na,na,na,na,na,na,na,na,na,na,na,na,na,na,na,na,na,na,na,na,na,na,na,na,na,na,na,na,na,na,na,na,na,na,na,na,na,na,na,na,na,na,na,na,na,na,na,na,na,na,na,na,na,na,na,na,na,na,na,na,na,na,na,na,na,na,na,na,na,na,na,na,na,na,na,na,na,na,na,na,na,na,na,na,na,na,na,na,na,na,na,na,na,na,na,na,na,na,na,na,na,na,na,na,na,na,na,na,na,na,na,na,na,na,na,na,na,na,na,na,na,na,na,na,na,na,na,na,na,na,na,na,na,na,na,na,na,na,na,na,na,na,na,na,na,na,na,na,na,na,na,na,na,na,na,na,na,na,na,na,na,na,na,na,na,na,na,na,na,na,na,na,na,na,na,na,na,na,na,na,na,na,na,na,na,na,na,na,na,na,na,na,na,na,na,na,na,na,na,na,na,na
69,    Clothing & Footwear,99.186,99.171,98.496,98.31,100.893,100.07,100.122,100.697,100.987,99.579,98.084,95.375,98.01,99.308,98.318,100.63,98.719,103.435,103.687,100.66,101.89,101.884,98.665,98.298,99.324,98.921,100.763,100.038,101,102.936,103.238,101.572,101.434,100.718,99.279,98.499,99.234,100.463,101.141,99.5,97.504,99.271,98.069,95.804,95.047,94.521,93.906,92.502,96.389,95.148,93.356,93.51,92.398,96.692,96.978,98.692,97.362,98.458,99.662,98.557,99.239,99.673,99.023,98.501,100.889,100.526,101.63,103.44,103.515,102.829,103.462,104.201,103.248,104.011,101.995,102.364,103.885,104.916,104.841,106.214,106.3,106.677,105.28,105.349,105.188,105.088,105.626,105.353,104.616,105.606,105.978,105.545,104.565,103.544,102.582,104.47,103.906,103.217,102.742,103.027,103.1,104.971,105.098,104.31,103.84,102.52,102.78,103.692,103.218,102.697,101.107,100.447,101.168,103.05,104.616,105.279,104.095,104.095,102.893,103.943,103.381,103.97,103.078,102.274,100.978,103.388,102.728,103.886,101.578,101.445,101.658,102.466,102.407,101.594,104.063,101.474,100.822,103.361,104.81,104.744,101.53,103.824,103.441,105.398,103.608,102.897,104.254,103.114,100.656,103.613,103.968,105.904,102.759,102.874,103.417,103.16,104.708,104.458,104.637,103.069,100.125,102.475,104.011,104.466,102.249,101.542,100.795,103.402,102.573,101.948,103.279,100.504,98.963,101.937,102.626,103.109,100.495,100.231,100.716,104.011,103.417,101.858,103.75,101.216,97.915,101.291,102.058,102.178,99.29,100.101,100.651,102.11,102.223,101.319,102.771,101.364,97.772,100.141,101.336,101.482,100.343,99.146,99.878,101.497,99.954,101.491,101.57,99.199,96.199,99.341,100.724,101.006,99.527,99.747,99.759,100.201,98.314,98.79,99.812,98.378,94.692,98.205,100.121,100.1,97.845,96.301,97.47,98.732,98.485,97.925,99.063,97.163,94.713,98.137,99.28,99.525,98.011,96.109,97.815,99.521,97.96,96.617,97.056,93.522,93.675,97.052,99.909,98.957,96.765,97.038,96.991,97.784,97.221,97.582,97.911,95.219,94.408,97.503,98.724,97.037,95.983,97.876,97.595,98.443,96.245,96.562,97.553,97.375,92.859,97.459,98.043,98.237,95.047,96.76,96.288,98.636,97.377,97.114,97.775,98.126,93.039,96.354,96.894,97.128,93.559,93.503,95.457,95.73,95.374,96.935,95.868,96.902,92.341,96.57,97.356,97.363,95.65,95.011,96.379,97.233,96.67,97.315,95.823,94.624,92.466,94.384,95.87,96.152,94.753,94.662,94.895,95.129,94.184,95.744,96.289,96.444,94.517,97.382,98.276,97.927,97.922,98.261,97.724,98.592,97.953,98.319,98.469,97.027,97.247,99.087,99.124,98.569,99.026,98.925,100.57,100.386,98.896,101.079,100.608,96.118,96.89,101.077,100.716,100.392,99.637,100.018,98.822,98.608,98.255,99.19,98.29,96.787,98.92,99.837,100.097,99.543,98.76,98.85,98.448,98.407,98.052,98.848,97.621,96.946,98.706,98.897,98.8,98.363,97.97,98.326,98.326,98.038,97.498,97.152,97.578,96.801,97.063,96.768,96.579,95.63,95.255,95.822,95.376,95.272,95.239,94.594,94.188,95.051,94.815,94.75,94.522,94.211,94.37,94.15,94.074,93.937,93.685,93.794,92.407,93.682,93.666,93.465,93.513,93.46,92.365,93.456,92.518,92.183,92.023,91.543,90.39,90.774,91.171,90.901,90.861,90.893,90.888,90.798,90.099,90.098,90.072,89.473,88.412,89.981,89.924,89.837,89.526,88.966,89.855,89.74,89.532,89.405,89.409,89.214,89.157,89.361,89.265,88.621,88.47,88.313,88.049,87.969,87.903,87.571,87.661,87.548,87.644,87.532,87.532,87.478,87.421,87.093,86.19,85.948,85.585,85.173,85.065,84.496,84.44,84.094,84.165,84.046,84.024,83.916,83.982,83.984,83.915,83.837,83.774,83.664,83.699,84.055,83.875,84.234,84.299,84.475,84.664,84.628,84.802,85.152,85.721,85.736,86.097,86.151,86.207,86.42,86.226,86.327,86.927,86.982,86.963,87.167,87.831,87.865,88.137,88.576,88.692,88.724,88.814,89.024,88.945,88.818,88.792,88.703,88.718,88.38,88.367,88.466,88.389,88.811,88.876,88.925,88.785,88.672,88.244,88.082,88.31,88.34,88.417,89.159,88.69,89.064,88.486,88.486,89.534,89.66,89.201,89.14,88.992,88.845,88.575,88.407,87.956,88.265,88.098,86.204,88.109,88.128,87.337,87.214,87.832,87.201,86.99,86.807,86.147,85.985,85.985,86.852,86.322,86.464,86.338,85.687,86.135,86.444,86.134,85.874,84.317,84.085,83.71,84.55,84.277,84.427,83.584,82.5,82.531,82.808,82.738,82.411,81.839,81.438,81.361,81.799,81.943,82.171,81.388,81.071,80.87,80.87,80.77,80.542,80.362,80.414,80.508,80.408,80.823,80.726,80.207,79.66,79.579,79.542,79.542,79.621,79.544,79.291,79.188,79.376,79.171,79.898,79.798,79.316,78.749,78.255,78.066,78.45,78.523,78.692,79.059,79.214,79.776,80.208,80.591,80.648,80.479,80.418,80.299,80.213,80.116,80.096,80.096,80.011,79.044,78.743,78.491,77.634,76.876,76.267,75.907,73.939,73.273,72.567,70.979,67.785,64.783,63.999,63.058,63,62.731,62.432,62.238,62.23,62.251,62.251,62.124,62.13,62.324,62.148,62.083,61.83,61.923,61.682,61.525,61.661,61.455,60.81,61.347,61.014,59.993,60.14,60.341,59.988,59.688,59.688,59.557,59.539,59.539,59.539,59.539,59.492,59.492,59.642,60.185,59.481,59.494,59.626,59.177,59.477,59.059,59.373,59.345,59.073,59.124,58.954,58.589,58.427,58.332,58.01,57.92,57.92,57.907,58.041,58.041,58.041,58.059,58.172,57.672,57.672,57.643,57.618,58.016,57.846,57.846,57.846,57.846,57.846,57.906,57.787,57.725,57.571,57.571,57.516,57.516,57.516,57.606,57.878,57.817,57.84,57.817,57.8,58.563,58.503,57.683,55.796,55.745,55.999,56.213,56.274,56.389,56.328,56.556,56.556,56.234,56.183,56.051,56.051,55.99,56.051,55.929,55.99,55.929,55.907,55.907,56.028,55.985,55.781,55.781,55.985,55.781,55.588,55.588,55.588,55.514,55.514,55.707,55.588,55.571,55.633,55.633,55.633,55.907,55.927,56.001,56.001,56.001,55.881,56.001,56.394,55.63,55.96,56.09,56.09,56.151,56.151,55.947,56.146,56.423,56.438,56.394,56.394
70,        Clothing,99.515,99.9,97.835,97.64,100.3,99.676,100.552,100.903,101.087,99.901,98.389,95.891,98.794,99.633,98.041,99.329,98.11,103.361,104.302,101.169,101.578,101.402,99.12,98.398,99.113,98.814,100.805,99.647,100.015,102.43,103.28,101.958,100.952,100.803,100.359,98.877,99.882,101.24,101.484,100.246,99.107,100.551,99.559,97.115,96.021,95.093,95.409,94.281,97.43,95.86,93.98,93.94,93.094,97.17,97.871,98.802,97.301,99.072,100.477,99.35,100.423,100.847,100.217,100.038,101.335,100.275,102.002,104.773,103.798,102.671,103.772,104.392,104.265,105.253,102.251,102.746,104.454,105.457,104.962,106.852,106.414,107.59,106.181,106.056,105.754,106.045,106.496,106.42,105.688,106.744,106.634,106.435,105.437,104.585,103.388,105.477,105.369,104.863,103.605,104.205,104.772,106.316,106.075,105.54,105.127,103.957,104.299,105.667,105.253,104.51,102.944,102.539,103.243,104.572,106.01,106.24,104.831,104.971,103.746,104.872,104.092,104.916,103.917,103.101,101.728,104.217,103.395,104.84,102.542,102.761,102.871,104.198,103.839,102.832,105.826,103.213,101.604,104.344,106.159,106.119,102.162,105.08,105.028,107.175,104.961,104.608,106.15,104.968,101.989,105.425,105.808,107.727,104.509,104.305,104.902,104.848,106.389,106.448,106.351,105.14,101.768,104.129,105.5,106.074,103.715,103.123,102.203,105.362,104.589,103.79,104.902,102.209,100.734,103.723,104.072,104.252,101.635,101.653,102.091,105.335,104.741,103.445,105.077,102.617,99.315,103.074,103.829,103.784,100.646,101.259,101.737,103.467,103.444,102.979,104.485,102.758,98.997,101.477,102.628,102.846,101.631,100.265,100.448,102.124,100.464,101.941,101.775,99.716,96.488,100.046,101.087,101.231,100.108,100.261,100.008,100.44,98.714,98.849,99.907,98.356,94.834,98.836,101.169,101.147,98.61,96.746,97.968,99.236,99.104,98.422,99.893,97.771,95.451,99.336,100.352,100.61,98.937,97.051,98.379,100.102,98.669,96.783,97.039,93.412,93.7,97.304,100.597,99.447,97.113,97.364,na,na,na,na,na,na,na,na,na,na,na,na,na,na,na,na,na,na,na,na,na,na,na,na,na,na,na,na,na,na,na,na,na,na,na,na,na,na,na,na,na,na,na,na,na,na,na,na,na,na,na,na,na,na,na,na,na,na,na,na,na,na,na,na,na,na,na,na,na,na,na,na,na,na,na,na,na,na,na,na,na,na,na,na,na,na,na,na,na,na,na,na,na,na,na,na,na,na,na,na,na,na,na,na,na,na,na,na,na,na,na,na,na,na,na,na,na,na,na,na,na,na,na,na,na,na,na,na,na,na,na,na,na,na,na,na,na,na,na,na,na,na,na,na,na,na,na,na,na,na,na,na,na,na,na,na,na,na,na,na,na,na,na,na,na,na,na,na,na,na,na,na,na,na,na,na,na,na,na,na,na,na,na,na,na,na,na,na,na,na,na,na,na,na,na,na,na,na,na,na,na,na,na,na,na,na,na,na,na,na,na,na,na,na,na,na,na,na,na,na,na,na,na,na,na,na,na,na,na,na,na,na,na,na,na,na,na,na,na,na,na,na,na,na,na,na,na,na,na,na,na,na,na,na,na,na,na,na,na,na,na,na,na,na,na,na,na,na,na,na,na,na,na,na,na,na,na,na,na,na,na,na,na,na,na,na,na,na,na,na,na,na,na,na,na,na,na,na,na,na,na,na,na,na,na,na,na,na,na,na,na,na,na,na,na,na,na,na,na,na,na,na,na,na,na,na,na,na,na,na,na,na,na,na,na,na,na,na,na,na,na,na,na,na,na,na,na,na,na,na,na,na,na,na,na,na,na,na,na,na,na,na,na,na,na,na,na,na,na,na,na,na,na,na,na,na,na,na,na,na,na,na,na,na,na,na,na,na,na,na,na,na,na,na,na,na,na,na,na,na,na,na,na,na,na,na,na,na,na,na,na,na,na,na,na,na,na,na,na,na,na,na,na,na,na,na,na,na,na,na,na,na,na,na,na,na,na,na,na,na,na,na,na,na,na,na,na,na,na,na,na,na,na,na,na,na,na,na,na,na,na,na,na,na,na,na,na,na,na,na,na,na,na,na,na,na,na,na,na,na,na,na,na,na,na,na,na,na,na,na,na,na,na,na,na,na,na,na,na,na,na,na,na,na,na,na,na,na,na,na,na,na,na,na,na,na,na,na,na,na,na,na,na,na,na,na,na,na
71,            Garments,99.319,99.724,97.556,97.319,100.195,99.526,100.46,100.727,101.038,100.063,98.417,95.815,98.847,99.849,97.959,99.239,97.744,103.342,104.415,101.09,101.655,101.627,99.029,98.309,99.065,98.837,100.887,99.881,100.398,102.807,103.664,102.201,101.334,101.205,100.904,99.322,100.359,101.941,102.592,101.119,99.927,101.459,100.384,97.81,96.667,95.674,96.111,94.9,98.143,96.491,94.602,94.562,93.887,98.049,98.638,99.639,97.976,99.863,101.344,100.095,101.254,101.766,101.008,101.034,102.302,101.151,102.882,105.913,104.956,103.762,104.981,105.488,105.351,106.506,103.288,103.877,105.626,106.581,106.01,108.158,107.579,108.886,107.342,107.24,106.874,107.269,107.754,107.68,106.97,107.942,107.97,107.594,106.626,105.856,104.582,106.648,106.529,105.976,104.678,105.373,106.021,107.502,107.229,106.765,106.542,105.163,105.674,106.96,106.576,105.697,104.118,103.827,104.561,105.7,107.264,107.525,106.078,106.161,104.907,105.983,105.235,105.977,105.036,104.616,102.933,105.495,104.629,106.066,103.713,103.867,na,na,na,na,na,na,na,na,na,na,na,na,na,na,na,na,na,na,na,na,na,na,na,na,na,na,na,na,na,na,na,na,na,na,na,na,na,na,na,na,na,na,na,na,na,na,na,na,na,na,na,na,na,na,na,na,na,na,na,na,na,na,na,na,na,na,na,na,na,na,na,na,na,na,na,na,na,na,na,na,na,na,na,na,na,na,na,na,na,na,na,na,na,na,na,na,na,na,na,na,na,na,na,na,na,na,na,na,na,na,na,na,na,na,na,na,na,na,na,na,na,na,na,na,na,na,na,na,na,na,na,na,na,na,na,na,na,na,na,na,na,na,na,na,na,na,na,na,na,na,na,na,na,na,na,na,na,na,na,na,na,na,na,na,na,na,na,na,na,na,na,na,na,na,na,na,na,na,na,na,na,na,na,na,na,na,na,na,na,na,na,na,na,na,na,na,na,na,na,na,na,na,na,na,na,na,na,na,na,na,na,na,na,na,na,na,na,na,na,na,na,na,na,na,na,na,na,na,na,na,na,na,na,na,na,na,na,na,na,na,na,na,na,na,na,na,na,na,na,na,na,na,na,na,na,na,na,na,na,na,na,na,na,na,na,na,na,na,na,na,na,na,na,na,na,na,na,na,na,na,na,na,na,na,na,na,na,na,na,na,na,na,na,na,na,na,na,na,na,na,na,na,na,na,na,na,na,na,na,na,na,na,na,na,na,na,na,na,na,na,na,na,na,na,na,na,na,na,na,na,na,na,na,na,na,na,na,na,na,na,na,na,na,na,na,na,na,na,na,na,na,na,na,na,na,na,na,na,na,na,na,na,na,na,na,na,na,na,na,na,na,na,na,na,na,na,na,na,na,na,na,na,na,na,na,na,na,na,na,na,na,na,na,na,na,na,na,na,na,na,na,na,na,na,na,na,na,na,na,na,na,na,na,na,na,na,na,na,na,na,na,na,na,na,na,na,na,na,na,na,na,na,na,na,na,na,na,na,na,na,na,na,na,na,na,na,na,na,na,na,na,na,na,na,na,na,na,na,na,na,na,na,na,na,na,na,na,na,na,na,na,na,na,na,na,na,na,na,na,na,na,na,na,na,na,na,na,na,na,na,na,na,na,na,na,na,na,na,na,na,na,na,na,na,na,na,na,na,na,na,na,na,na,na,na,na,na,na,na,na,na,na,na,na,na,na,na,na,na,na,na,na,na,na,na,na,na,na,na,na,na,na,na,na,na,na,na,na,na,na,na,na,na,na,na,na,na,na,na,na,na,na,na,na,na,na,na,na,na,na,na,na,na,na,na,na,na,na,na,na,na,na,na,na,na,na,na,na,na,na,na,na,na,na,na,na,na,na,na,na,na,na,na,na,na,na,na,na,na,na,na,na,na,na,na,na,na,na,na,na,na,na,na,na,na,na,na,na,na,na,na,na,na,na,na,na,na,na,na,na,na,na,na,na,na,na,na,na
72,            Other Articles Of Clothing & Clothing Accessories,104.848,106.304,105.289,106.156,105.923,106.058,106.058,109.302,105.801,97.052,95.826,93.953,95.856,92.597,98.526,101.325,107.398,107.398,105.272,104.815,100.932,96.104,na,na,na,na,na,na,na,na,na,na,na,na,na,na,na,na,na,na,na,na,na,na,na,na,na,na,na,na,na,na,na,na,na,na,na,na,na,na,na,na,na,na,na,na,na,na,na,na,na,na,na,na,na,na,na,na,na,na,na,na,na,na,na,na,na,na,na,na,na,na,na,na,na,na,na,na,na,na,na,na,na,na,na,na,na,na,na,na,na,na,na,na,na,na,na,na,na,na,na,na,na,na,na,na,na,na,na,na,na,na,na,na,na,na,na,na,na,na,na,na,na,na,na,na,na,na,na,na,na,na,na,na,na,na,na,na,na,na,na,na,na,na,na,na,na,na,na,na,na,na,na,na,na,na,na,na,na,na,na,na,na,na,na,na,na,na,na,na,na,na,na,na,na,na,na,na,na,na,na,na,na,na,na,na,na,na,na,na,na,na,na,na,na,na,na,na,na,na,na,na,na,na,na,na,na,na,na,na,na,na,na,na,na,na,na,na,na,na,na,na,na,na,na,na,na,na,na,na,na,na,na,na,na,na,na,na,na,na,na,na,na,na,na,na,na,na,na,na,na,na,na,na,na,na,na,na,na,na,na,na,na,na,na,na,na,na,na,na,na,na,na,na,na,na,na,na,na,na,na,na,na,na,na,na,na,na,na,na,na,na,na,na,na,na,na,na,na,na,na,na,na,na,na,na,na,na,na,na,na,na,na,na,na,na,na,na,na,na,na,na,na,na,na,na,na,na,na,na,na,na,na,na,na,na,na,na,na,na,na,na,na,na,na,na,na,na,na,na,na,na,na,na,na,na,na,na,na,na,na,na,na,na,na,na,na,na,na,na,na,na,na,na,na,na,na,na,na,na,na,na,na,na,na,na,na,na,na,na,na,na,na,na,na,na,na,na,na,na,na,na,na,na,na,na,na,na,na,na,na,na,na,na,na,na,na,na,na,na,na,na,na,na,na,na,na,na,na,na,na,na,na,na,na,na,na,na,na,na,na,na,na,na,na,na,na,na,na,na,na,na,na,na,na,na,na,na,na,na,na,na,na,na,na,na,na,na,na,na,na,na,na,na,na,na,na,na,na,na,na,na,na,na,na,na,na,na,na,na,na,na,na,na,na,na,na,na,na,na,na,na,na,na,na,na,na,na,na,na,na,na,na,na,na,na,na,na,na,na,na,na,na,na,na,na,na,na,na,na,na,na,na,na,na,na,na,na,na,na,na,na,na,na,na,na,na,na,na,na,na,na,na,na,na,na,na,na,na,na,na,na,na,na,na,na,na,na,na,na,na,na,na,na,na,na,na,na,na,na,na,na,na,na,na,na,na,na,na,na,na,na,na,na,na,na,na,na,na,na,na,na,na,na,na,na,na,na,na,na,na,na,na,na,na,na,na,na,na,na,na,na,na,na,na,na,na,na,na,na,na,na,na,na,na,na,na,na,na,na,na,na,na,na,na,na,na,na,na,na,na,na,na,na,na,na,na,na,na,na,na,na,na,na,na,na,na,na,na,na,na,na,na,na,na,na,na,na,na,na,na,na,na,na,na,na,na,na,na,na,na,na,na,na,na,na,na,na,na,na,na,na,na,na,na,na,na,na,na,na,na,na,na,na,na,na,na,na,na,na,na,na,na,na,na,na,na,na,na,na,na,na,na,na,na,na,na,na,na,na,na,na,na,na,na,na,na,na,na,na,na,na,na,na,na,na,na,na
73,"            Cleaning, Repair, Tailoring & Rental Of Clothing",100.12,98.831,98.831,98.831,97.841,97.841,97.841,97.842,97.842,97.842,100.12,100.12,100.12,100.12,100.048,100.048,99.904,99.904,99.904,99.904,99.904,99.904,na,na,na,na,na,na,na,na,na,na,na,na,na,na,na,na,na,na,na,na,na,na,na,na,na,na,na,na,na,na,na,na,na,na,na,na,na,na,na,na,na,na,na,na,na,na,na,na,na,na,na,na,na,na,na,na,na,na,na,na,na,na,na,na,na,na,na,na,na,na,na,na,na,na,na,na,na,na,na,na,na,na,na,na,na,na,na,na,na,na,na,na,na,na,na,na,na,na,na,na,na,na,na,na,na,na,na,na,na,na,na,na,na,na,na,na,na,na,na,na,na,na,na,na,na,na,na,na,na,na,na,na,na,na,na,na,na,na,na,na,na,na,na,na,na,na,na,na,na,na,na,na,na,na,na,na,na,na,na,na,na,na,na,na,na,na,na,na,na,na,na,na,na,na,na,na,na,na,na,na,na,na,na,na,na,na,na,na,na,na,na,na,na,na,na,na,na,na,na,na,na,na,na,na,na,na,na,na,na,na,na,na,na,na,na,na,na,na,na,na,na,na,na,na,na,na,na,na,na,na,na,na,na,na,na,na,na,na,na,na,na,na,na,na,na,na,na,na,na,na,na,na,na,na,na,na,na,na,na,na,na,na,na,na,na,na,na,na,na,na,na,na,na,na,na,na,na,na,na,na,na,na,na,na,na,na,na,na,na,na,na,na,na,na,na,na,na,na,na,na,na,na,na,na,na,na,na,na,na,na,na,na,na,na,na,na,na,na,na,na,na,na,na,na,na,na,na,na,na,na,na,na,na,na,na,na,na,na,na,na,na,na,na,na,na,na,na,na,na,na,na,na,na,na,na,na,na,na,na,na,na,na,na,na,na,na,na,na,na,na,na,na,na,na,na,na,na,na,na,na,na,na,na,na,na,na,na,na,na,na,na,na,na,na,na,na,na,na,na,na,na,na,na,na,na,na,na,na,na,na,na,na,na,na,na,na,na,na,na,na,na,na,na,na,na,na,na,na,na,na,na,na,na,na,na,na,na,na,na,na,na,na,na,na,na,na,na,na,na,na,na,na,na,na,na,na,na,na,na,na,na,na,na,na,na,na,na,na,na,na,na,na,na,na,na,na,na,na,na,na,na,na,na,na,na,na,na,na,na,na,na,na,na,na,na,na,na,na,na,na,na,na,na,na,na,na,na,na,na,na,na,na,na,na,na,na,na,na,na,na,na,na,na,na,na,na,na,na,na,na,na,na,na,na,na,na,na,na,na,na,na,na,na,na,na,na,na,na,na,na,na,na,na,na,na,na,na,na,na,na,na,na,na,na,na,na,na,na,na,na,na,na,na,na,na,na,na,na,na,na,na,na,na,na,na,na,na,na,na,na,na,na,na,na,na,na,na,na,na,na,na,na,na,na,na,na,na,na,na,na,na,na,na,na,na,na,na,na,na,na,na,na,na,na,na,na,na,na,na,na,na,na,na,na,na,na,na,na,na,na,na,na,na,na,na,na,na,na,na,na,na,na,na,na,na,na,na,na,na,na,na,na,na,na,na,na,na,na,na,na,na,na,na,na,na,na,na,na,na,na,na,na,na,na,na,na,na,na,na,na,na,na,na,na,na,na,na,na,na,na,na,na,na,na,na,na,na,na,na,na,na,na,na,na,na,na,na,na,na,na,na,na,na,na,na,na,na,na,na,na,na,na,na,na,na,na,na,na,na,na,na,na,na,na,na,na,na,na,na,na,na,na,na,na,na,na
74,        Footwear,98.007,96.559,100.865,100.712,103.018,101.484,98.582,99.961,100.627,98.424,96.989,93.526,95.201,98.145,99.31,105.29,100.903,103.702,101.481,98.836,103.006,103.612,97.186,97.974,100.011,99.268,100.63,101.306,104.202,104.576,103.104,100.318,103.001,100.442,95.773,97.27,97.131,97.937,100.027,97.075,92.296,95.115,93.228,91.545,91.885,92.667,89.019,86.722,93.007,92.834,91.327,92.115,90.134,95.136,94.079,98.337,97.56,96.465,97.011,95.977,95.388,95.86,95.144,93.507,99.438,101.34,100.422,99.107,102.593,103.344,102.459,103.581,99.941,99.978,101.163,101.12,102.032,103.158,104.449,104.138,105.929,103.709,102.284,103.016,103.337,101.905,102.738,101.791,101.041,101.801,103.821,102.592,101.668,100.069,99.914,101.11,98.986,97.674,99.875,99.087,97.466,100.454,101.846,100.189,99.52,97.687,97.668,97.019,96.341,96.58,94.908,93.371,94.151,97.929,99.935,102.081,101.663,101.185,100.061,100.848,101.034,100.823,100.289,99.533,98.498,100.638,100.531,100.71,98.363,97.027,97.591,96.627,97.589,97.442,98.114,95.609,98.231,100.083,100.282,100.128,99.455,99.614,98.036,99.308,99.052,97.032,97.719,96.732,96.162,97.385,97.636,99.641,96.751,98.033,98.379,97.377,98.96,97.583,98.769,95.893,94.5,96.818,98.961,98.988,97.274,96.145,96.034,96.633,95.592,95.601,97.74,94.652,92.863,95.798,97.733,99.318,96.708,95.413,96.07,99.562,98.969,96.444,99.293,96.473,93.166,95.16,95.969,96.696,94.709,96.243,97.058,97.537,98.144,95.635,96.893,96.648,93.662,95.633,96.993,96.878,96.014,95.428,98.168,99.584,98.462,100.223,101.198,97.678,95.5,97.135,99.767,100.559,97.774,98.239,99.215,99.715,97.217,98.97,99.86,98.859,94.551,96.25,96.615,96.601,95.385,95.03,96.007,97.254,96.573,96.469,96.367,95.291,92.344,94.062,95.685,95.878,94.953,92.985,96.111,97.757,95.714,96.388,97.511,94.313,93.964,96.505,97.746,97.529,95.86,96.217,na,na,na,na,na,na,na,na,na,na,na,na,na,na,na,na,na,na,na,na,na,na,na,na,na,na,na,na,na,na,na,na,na,na,na,na,na,na,na,na,na,na,na,na,na,na,na,na,na,na,na,na,na,na,na,na,na,na,na,na,na,na,na,na,na,na,na,na,na,na,na,na,na,na,na,na,na,na,na,na,na,na,na,na,na,na,na,na,na,na,na,na,na,na,na,na,na,na,na,na,na,na,na,na,na,na,na,na,na,na,na,na,na,na,na,na,na,na,na,na,na,na,na,na,na,na,na,na,na,na,na,na,na,na,na,na,na,na,na,na,na,na,na,na,na,na,na,na,na,na,na,na,na,na,na,na,na,na,na,na,na,na,na,na,na,na,na,na,na,na,na,na,na,na,na,na,na,na,na,na,na,na,na,na,na,na,na,na,na,na,na,na,na,na,na,na,na,na,na,na,na,na,na,na,na,na,na,na,na,na,na,na,na,na,na,na,na,na,na,na,na,na,na,na,na,na,na,na,na,na,na,na,na,na,na,na,na,na,na,na,na,na,na,na,na,na,na,na,na,na,na,na,na,na,na,na,na,na,na,na,na,na,na,na,na,na,na,na,na,na,na,na,na,na,na,na,na,na,na,na,na,na,na,na,na,na,na,na,na,na,na,na,na,na,na,na,na,na,na,na,na,na,na,na,na,na,na,na,na,na,na,na,na,na,na,na,na,na,na,na,na,na,na,na,na,na,na,na,na,na,na,na,na,na,na,na,na,na,na,na,na,na,na,na,na,na,na,na,na,na,na,na,na,na,na,na,na,na,na,na,na,na,na,na,na,na,na,na,na,na,na,na,na,na,na,na,na,na,na,na,na,na,na,na,na,na,na,na,na,na,na,na,na,na,na,na,na,na,na,na,na,na,na,na,na,na,na,na,na,na,na,na,na,na,na,na,na,na,na,na,na,na,na,na,na,na,na,na,na,na,na,na,na,na,na,na,na,na,na,na,na,na,na,na,na,na,na,na,na,na,na,na,na,na,na,na,na,na,na,na,na,na,na,na,na,na,na,na,na,na,na,na,na,na,na,na,na,na,na,na,na,na,na,na,na,na,na,na,na,na,na,na,na,na,na,na,na,na,na,na,na,na,na,na,na,na,na,na,na,na,na,na,na,na,na,na,na,na,na,na,na,na,na,na,na,na,na,na
75,    Housing & Utilities,99.914,101.397,101.395,99.792,101.425,101.436,99.094,101.215,101.207,98.461,101.316,101.254,99.66,101.198,101.142,99.457,100.542,100.427,98.095,99.999,99.821,97.086,98.964,98.747,97.103,98.129,97.869,96.146,96.991,96.749,94.308,96.368,96.002,94.645,95.341,95.114,93.495,94.635,94.293,92.54,93.019,92.666,90.224,91.568,91.213,89.834,90.374,90.048,88.307,89.133,88.987,87.394,88.405,88.225,85.948,87.68,87.578,86.326,87.423,87.371,85.947,87.126,87.109,85.728,87.668,87.677,85.561,87.872,87.837,86.578,87.638,87.6,86.217,87.761,87.764,86.404,87.532,87.568,85.506,87.944,88.054,86.921,88.638,88.778,87.37,88.888,88.995,87.531,88.287,88.252,86.115,88.427,88.622,87.479,88.532,88.757,87.503,89.328,89.566,88.373,89.941,90.028,88.144,90.248,90.545,90.743,90.602,90.899,89.891,91.452,91.717,90.598,91.777,89.894,92.349,93.203,93.47,93.708,94.163,94.412,93.405,95.548,95.789,94.639,95.795,96.038,94.14,97.243,97.434,97.652,98.333,98.562,97.582,99.129,99.363,98.118,99.657,99.818,97.782,99.911,99.994,100.053,100.151,100.081,98.608,99.848,99.663,97.959,99.502,99.317,96.723,98.62,98.398,98.086,98.006,97.721,97.42,97.409,96.944,96.539,96.345,95.967,95.541,94.494,94.135,93.624,91.345,92.432,91.881,91.098,90.963,90.226,87.184,88.035,85.226,85.934,85.404,84.91,82.48,83.408,82.974,82.493,82.103,81.845,79.586,80.95,80.727,79.721,80.256,80.258,78.081,79.908,79.901,78.484,79.374,79.516,77.689,79.578,78.251,80.356,81.979,82.31,83.273,84.571,84.208,80.51,81.002,79.745,76.538,76.894,75.543,72.219,71.93,70.438,67.179,70.813,70.296,68.141,69.034,68.907,65.203,67.2,67.193,67.592,67.608,65.649,68.424,68.397,68.373,67.831,68.197,68.212,66.629,67.912,67.915,66.86,68.094,66.082,67.29,67.264,67.142,66.125,66.447,66.46,63.05,65.348,65.355,64.44,65.63,62.527,65.528,65.505,65.541,65.197,65.416,65.418,63.225,65.409,65.412,63.263,65.523,61.829,64.326,64.326,64.573,65.052,65.052,65.05,64.84,64.84,65.785,64.764,64.728,64.706,65.321,65.33,65.286,65.162,65.161,65.167,64.859,64.858,64.744,64.927,64.927,64.927,65.734,65.733,66.073,66.119,66.283,66.284,66.299,66.299,67.504,67.505,67.506,66.867,66.678,66.62,66.564,66.373,66.315,65.169,64.462,64.463,64.179,64.124,64.087,64.089,63.297,63.297,63.302,63.508,63.508,63.509,63.304,63.304,63.304,63.799,63.799,63.795,64.221,64.226,64.228,64.37,64.371,64.373,63.767,63.788,64.67,64.59,64.592,64.291,64.123,64.112,63.976,63.198,63.198,63.098,61.983,61.886,62.098,61.485,61.479,61.48,61.224,61.21,60.971,60.889,60.889,60.968,60.86,60.86,60.828,60.775,60.768,60.527,60.466,60.463,60.462,60.46,60.461,60.459,60.496,60.363,60.23,60.116,60.05,60.033,59.993,59.992,59.977,59.932,59.915,59.725,59.9,59.775,59.786,59.302,59.301,59.457,59.351,59.352,59.351,59.107,59.02,59.012,58.833,58.734,58.734,58.681,58.585,58.585,57.803,57.799,57.632,57.414,57.417,57.417,56.662,56.648,56.648,55.593,55.593,55.759,55.32,55.32,55.652,55.272,55.272,55.275,55.22,55.219,55.801,55.565,55.677,55.678,55.576,55.459,54.759,54.618,54.521,54.521,53.97,53.319,53.513,53.471,53.472,53.141,51.817,51.817,51.817,50.737,50.737,50.316,49.888,49.888,49.899,49.854,49.854,49.853,49.589,49.636,50.037,49.771,49.764,49.763,49.487,49.486,49.483,49.464,49.458,49.931,49.91,49.91,49.91,49.914,49.921,49.443,49.463,49.463,49.414,49.444,49.444,49.68,49.814,49.862,50.41,50.446,50.448,49.94,50.04,50.131,50.874,50.928,50.968,51.305,51.49,51.491,52.009,51.794,51.795,51.794,51.487,51.513,51.509,51.464,51.466,51.466,51.264,51.264,51.263,50.679,50.708,50.709,48.782,48.776,48.779,48.74,48.694,48.69,48.669,47.93,48.017,48.018,48.019,47.971,47.822,47.737,48.612,48.633,48.35,48.307,48.356,48.352,47.968,47.967,47.965,47.74,47.667,47.666,47.362,47.369,47.42,47.421,47.421,47.421,47.265,47.266,46.509,46.509,45.15,45.155,45.064,45.065,45.013,44.98,44.94,44.94,44.846,44.845,44.847,44.097,44.043,43.955,43.9,43.725,40.594,40.504,40.423,40.412,40.264,40.24,39.979,38.455,37.658,37.625,36.783,36.779,36.779,36.779,36.771,36.693,36.583,36.581,36.569,36.569,36.568,36.568,36.571,36.776,36.776,36.776,36.761,36.754,36.749,36.749,36.738,36.738,36.736,36.73,36.55,36.549,36.47,36.39,36.375,36.375,36.327,36.319,36.319,36.315,36.308,36.305,36.303,36.305,35.901,35.869,35.829,35.825,35.537,35.489,33.939,33.939,33.167,33.163,32.693,32.661,32.68,32.682,32.683,32.69,32.427,32.416,32.41,32.422,31.205,31.235,31.029,30.994,30.602,30.659,28.285,28.28,27.919,27.899,27.905,27.905,27.905,27.895,27.536,27.523,27.523,27.008,27.008,27.008,26.928,26.898,26.898,26.898,26.898,26.898,26.775,26.775,26.728,26.728,26.728,26.545,26.649,26.628,26.473,26.591,26.498,26.619,26.278,26.278,26.072,26.072,26.056,26.056,26.056,26.056,26.056,26.056,26.056,26.056,26.072,25.642,25.159,25.159,25.798,25.798,25.82,25.82,25.82,25.773,25.773,25.712,25.5,25.5,25.5,25.397,25.064,25.354,25.369,25.214,25.214,25.096,25.111,25.111,24.962,24.962,25.009,25.009,24.962,24.962,24.897,24.897,24.833,24.833,24.865,24.865,24.661,24.708,24.739,24.655,24.655,24.748,24.048,23.998,23.998,23.998,23.966,23.998,24.299,24.268,24.299,24.299,24.231,24.283,24.308,24.215,24.291,24.364,24.364,24.394,24.394,24.394,24.504,24.504,24.504,24.504,24.291,24.193,23.919,23.605,23.605,23.605,23.704,23.704,23.653,23.653,23.653,23.653,23.537,23.459,23.444,23.444,23.444,23.444,23.447,23.416,23.416,23.416,23.484,23.484,23.476,23.476,23.476,23.491,23.491,23.491,23.295,23.295,23.346,23.361,23.295,23.361,23.325,23.325,23.325,23.325,23.325,23.325,23.256,23.172,23.273,23.172
76,        Accommodation,99.957,101.608,101.602,99.824,101.518,101.525,98.926,101.533,101.517,98.477,101.479,101.408,99.641,101.219,101.158,99.294,100.542,100.42,97.85,100.116,99.942,96.929,99.366,99.121,97.257,98.606,98.33,96.371,97.382,97.1,94.39,96.492,96.144,94.628,95.411,95.175,93.366,94.567,94.19,92.18,93.176,92.781,90.025,92.034,91.69,90.098,91.107,90.775,88.965,90.11,89.953,88.137,89.429,89.218,86.636,88.901,88.778,87.359,88.482,88.411,86.81,88.469,88.445,86.879,88.466,88.467,86.032,88.415,88.356,86.932,88.241,88.182,86.595,88.128,88.094,86.501,88.027,88.008,85.583,88.013,88.017,86.679,88.334,88.429,86.671,88.624,88.754,87.067,89.07,89.028,86.533,89.462,89.687,88.377,90.072,90.335,88.867,90.874,91.16,89.761,91.849,91.951,89.748,92.643,92.998,93.287,93.606,93.952,92.796,94.578,94.892,93.602,95.567,93.364,96.211,96.536,96.847,97.097,97.316,97.619,96.421,98.162,98.44,97.117,99.035,99.314,97.037,99.774,100.002,100.18,100.339,100.606,99.427,101.088,101.361,99.899,101.684,101.886,99.505,102.011,102.098,102.157,102.041,102.063,100.324,101.909,101.708,99.687,101.222,101,97.894,100.308,100.039,99.651,99.154,98.806,98.442,98.11,97.636,97.124,96.615,96.118,95.61,94.804,94.431,93.888,91.431,92.726,92.146,91.087,90.927,90.124,87.191,88.188,84.86,86.323,85.693,85.102,82.542,83.662,83.118,82.225,81.76,81.453,78.994,80.635,80.368,79.451,80.088,80.109,78.009,80.203,80.313,79.603,80.694,80.919,79.251,81.496,79.906,80.421,82.354,82.452,80.526,82.071,81.58,79.361,79.982,78.534,75.205,75.65,74.042,70.595,70.26,68.55,65.181,71.579,70.61,67.855,69.851,68.985,65.882,67.2,66.235,64.972,63.932,60.358,66.451,66.415,66.385,65.984,66.425,66.383,64.726,66.357,66.362,64.593,66.25,63.621,66.208,66.174,66.175,65.683,66.143,66.16,63.047,66.132,66.141,64.467,66.063,61.898,na,na,na,na,na,na,na,na,na,na,na,na,na,na,na,na,na,na,na,na,na,na,na,na,na,na,na,na,na,na,na,na,na,na,na,na,na,na,na,na,na,na,na,na,na,na,na,na,na,na,na,na,na,na,na,na,na,na,na,na,na,na,na,na,na,na,na,na,na,na,na,na,na,na,na,na,na,na,na,na,na,na,na,na,na,na,na,na,na,na,na,na,na,na,na,na,na,na,na,na,na,na,na,na,na,na,na,na,na,na,na,na,na,na,na,na,na,na,na,na,na,na,na,na,na,na,na,na,na,na,na,na,na,na,na,na,na,na,na,na,na,na,na,na,na,na,na,na,na,na,na,na,na,na,na,na,na,na,na,na,na,na,na,na,na,na,na,na,na,na,na,na,na,na,na,na,na,na,na,na,na,na,na,na,na,na,na,na,na,na,na,na,na,na,na,na,na,na,na,na,na,na,na,na,na,na,na,na,na,na,na,na,na,na,na,na,na,na,na,na,na,na,na,na,na,na,na,na,na,na,na,na,na,na,na,na,na,na,na,na,na,na,na,na,na,na,na,na,na,na,na,na,na,na,na,na,na,na,na,na,na,na,na,na,na,na,na,na,na,na,na,na,na,na,na,na,na,na,na,na,na,na,na,na,na,na,na,na,na,na,na,na,na,na,na,na,na,na,na,na,na,na,na,na,na,na,na,na,na,na,na,na,na,na,na,na,na,na,na,na,na,na,na,na,na,na,na,na,na,na,na,na,na,na,na,na,na,na,na,na,na,na,na,na,na,na,na,na,na,na,na,na,na,na,na,na,na,na,na,na,na,na,na,na,na,na,na,na,na,na,na,na,na,na,na,na,na,na,na,na,na,na,na,na,na,na,na,na,na,na,na,na,na,na,na,na,na,na,na,na,na,na,na,na,na,na,na,na,na,na,na,na,na,na,na,na,na,na,na,na,na,na,na,na,na,na,na,na,na,na,na,na,na,na,na,na,na,na,na,na,na,na,na,na,na,na,na,na,na,na,na,na,na,na,na,na,na,na,na,na,na,na,na,na,na,na,na,na,na,na,na,na,na,na,na,na,na,na,na,na,na,na,na,na,na,na,na,na,na,na,na,na,na,na,na,na,na,na,na,na,na,na,na,na,na,na,na,na,na,na,na,na,na,na,na,na,na,na,na,na,na,na,na,na,na,na,na,na
77,            Actual Rentals For Housing,101.165,101.166,101.185,100.563,100.578,100.609,100.63,100.658,100.687,100.702,100.73,100.702,100.672,100.625,100.591,99.868,99.737,99.654,99.563,99.43,99.279,99.148,98.818,98.575,98.37,98.1,97.828,97.418,97.004,96.719,96.447,96.151,95.823,95.671,95.204,94.993,94.734,94.4,94.028,93.492,93.006,92.63,92.317,91.92,91.597,91.39,91.06,90.764,90.551,90.264,90.139,89.939,89.733,89.573,89.468,89.373,89.295,89.267,87.857,87.837,87.864,89.192,89.205,89.229,89.272,89.294,89.294,89.249,89.183,89.129,89.054,89.005,88.975,88.937,88.913,88.837,88.811,88.796,88.796,88.804,88.816,88.837,89.028,89.106,89.182,89.285,89.4,89.521,89.675,89.845,90.022,90.221,90.426,90.6,90.825,91.065,91.302,91.559,91.826,92.126,92.463,92.762,93.067,93.386,93.706,93.972,94.286,94.604,94.899,95.19,95.503,95.846,96.201,96.527,96.812,97.14,97.444,97.688,97.979,98.27,98.54,98.812,99.1,99.423,99.753,100.042,100.313,100.587,100.816,100.985,na,na,na,na,na,na,na,na,na,na,na,na,na,na,na,na,na,na,na,na,na,na,na,na,na,na,na,na,na,na,na,na,na,na,na,na,na,na,na,na,na,na,na,na,na,na,na,na,na,na,na,na,na,na,na,na,na,na,na,na,na,na,na,na,na,na,na,na,na,na,na,na,na,na,na,na,na,na,na,na,na,na,na,na,na,na,na,na,na,na,na,na,na,na,na,na,na,na,na,na,na,na,na,na,na,na,na,na,na,na,na,na,na,na,na,na,na,na,na,na,na,na,na,na,na,na,na,na,na,na,na,na,na,na,na,na,na,na,na,na,na,na,na,na,na,na,na,na,na,na,na,na,na,na,na,na,na,na,na,na,na,na,na,na,na,na,na,na,na,na,na,na,na,na,na,na,na,na,na,na,na,na,na,na,na,na,na,na,na,na,na,na,na,na,na,na,na,na,na,na,na,na,na,na,na,na,na,na,na,na,na,na,na,na,na,na,na,na,na,na,na,na,na,na,na,na,na,na,na,na,na,na,na,na,na,na,na,na,na,na,na,na,na,na,na,na,na,na,na,na,na,na,na,na,na,na,na,na,na,na,na,na,na,na,na,na,na,na,na,na,na,na,na,na,na,na,na,na,na,na,na,na,na,na,na,na,na,na,na,na,na,na,na,na,na,na,na,na,na,na,na,na,na,na,na,na,na,na,na,na,na,na,na,na,na,na,na,na,na,na,na,na,na,na,na,na,na,na,na,na,na,na,na,na,na,na,na,na,na,na,na,na,na,na,na,na,na,na,na,na,na,na,na,na,na,na,na,na,na,na,na,na,na,na,na,na,na,na,na,na,na,na,na,na,na,na,na,na,na,na,na,na,na,na,na,na,na,na,na,na,na,na,na,na,na,na,na,na,na,na,na,na,na,na,na,na,na,na,na,na,na,na,na,na,na,na,na,na,na,na,na,na,na,na,na,na,na,na,na,na,na,na,na,na,na,na,na,na,na,na,na,na,na,na,na,na,na,na,na,na,na,na,na,na,na,na,na,na,na,na,na,na,na,na,na,na,na,na,na,na,na,na,na,na,na,na,na,na,na,na,na,na,na,na,na,na,na,na,na,na,na,na,na,na,na,na,na,na,na,na,na,na,na,na,na,na,na,na,na,na,na,na,na,na,na,na,na,na,na,na,na,na,na,na,na,na,na,na,na,na,na,na,na,na,na,na,na,na,na,na,na,na,na,na,na,na,na,na,na,na,na,na,na,na,na,na,na,na,na,na,na,na,na,na,na,na,na,na,na,na,na,na,na,na,na,na,na,na,na,na,na,na,na,na,na,na,na,na,na,na,na,na,na,na,na,na,na,na,na,na,na,na,na,na,na,na,na,na,na,na,na,na,na,na,na,na,na,na,na,na,na,na,na,na,na,na,na,na,na,na,na,na,na,na,na,na,na,na,na,na,na,na,na,na,na,na,na,na
78,            Imputed Rentals For Housing,100.647,100.63,100.624,100.626,100.613,100.62,100.63,100.642,100.642,100.625,100.614,100.55,100.474,100.367,100.287,100.177,99.982,99.85,99.715,99.515,99.322,99.145,98.764,98.504,98.28,97.987,97.692,97.357,96.88,96.566,96.246,95.913,95.531,95.359,94.818,94.576,94.292,93.912,93.491,92.999,92.464,92.021,91.647,91.186,90.8,90.541,90.157,89.782,89.493,89.117,88.94,88.678,88.382,88.146,87.963,87.781,87.638,87.569,87.452,87.365,87.307,87.262,87.23,87.216,87.226,87.225,87.211,87.169,87.103,87.032,86.982,86.931,86.894,86.87,86.843,86.82,86.789,86.768,86.768,86.777,86.781,86.807,87.025,87.133,87.23,87.363,87.51,87.685,87.884,88.111,88.341,88.609,88.866,89.082,89.362,89.669,89.974,90.29,90.614,90.998,91.396,91.768,92.153,92.552,92.952,93.277,93.658,94.062,94.422,94.768,95.127,95.516,95.913,96.296,96.635,97.026,97.374,97.668,97.999,98.343,98.66,98.955,99.269,99.617,99.953,100.268,100.575,100.887,101.165,101.372,na,na,na,na,na,na,na,na,na,na,na,na,na,na,na,na,na,na,na,na,na,na,na,na,na,na,na,na,na,na,na,na,na,na,na,na,na,na,na,na,na,na,na,na,na,na,na,na,na,na,na,na,na,na,na,na,na,na,na,na,na,na,na,na,na,na,na,na,na,na,na,na,na,na,na,na,na,na,na,na,na,na,na,na,na,na,na,na,na,na,na,na,na,na,na,na,na,na,na,na,na,na,na,na,na,na,na,na,na,na,na,na,na,na,na,na,na,na,na,na,na,na,na,na,na,na,na,na,na,na,na,na,na,na,na,na,na,na,na,na,na,na,na,na,na,na,na,na,na,na,na,na,na,na,na,na,na,na,na,na,na,na,na,na,na,na,na,na,na,na,na,na,na,na,na,na,na,na,na,na,na,na,na,na,na,na,na,na,na,na,na,na,na,na,na,na,na,na,na,na,na,na,na,na,na,na,na,na,na,na,na,na,na,na,na,na,na,na,na,na,na,na,na,na,na,na,na,na,na,na,na,na,na,na,na,na,na,na,na,na,na,na,na,na,na,na,na,na,na,na,na,na,na,na,na,na,na,na,na,na,na,na,na,na,na,na,na,na,na,na,na,na,na,na,na,na,na,na,na,na,na,na,na,na,na,na,na,na,na,na,na,na,na,na,na,na,na,na,na,na,na,na,na,na,na,na,na,na,na,na,na,na,na,na,na,na,na,na,na,na,na,na,na,na,na,na,na,na,na,na,na,na,na,na,na,na,na,na,na,na,na,na,na,na,na,na,na,na,na,na,na,na,na,na,na,na,na,na,na,na,na,na,na,na,na,na,na,na,na,na,na,na,na,na,na,na,na,na,na,na,na,na,na,na,na,na,na,na,na,na,na,na,na,na,na,na,na,na,na,na,na,na,na,na,na,na,na,na,na,na,na,na,na,na,na,na,na,na,na,na,na,na,na,na,na,na,na,na,na,na,na,na,na,na,na,na,na,na,na,na,na,na,na,na,na,na,na,na,na,na,na,na,na,na,na,na,na,na,na,na,na,na,na,na,na,na,na,na,na,na,na,na,na,na,na,na,na,na,na,na,na,na,na,na,na,na,na,na,na,na,na,na,na,na,na,na,na,na,na,na,na,na,na,na,na,na,na,na,na,na,na,na,na,na,na,na,na,na,na,na,na,na,na,na,na,na,na,na,na,na,na,na,na,na,na,na,na,na,na,na,na,na,na,na,na,na,na,na,na,na,na,na,na,na,na,na,na,na,na,na,na,na,na,na,na,na,na,na,na,na,na,na,na,na,na,na,na,na,na,na,na,na,na,na,na,na,na,na,na,na,na,na,na,na,na,na,na,na,na,na,na,na,na,na,na,na,na,na,na,na,na,na,na,na,na,na,na,na,na,na,na,na,na,na,na,na,na,na,na,na,na,na,na,na,na,na,na,na,na,na,na,na,na,na,na,na,na,na
79,            Housing Maintenance & Repairs,91.783,111.526,111.488,91.201,111.391,111.367,80.427,111.187,110.957,75.052,110.718,110.524,90.337,110.129,110.212,90.116,106.942,106.868,77.805,106.757,106.725,72.866,105.001,104.882,87.495,104.338,104.218,86.996,101.997,101.987,76.643,101.72,101.628,87.389,100.612,100.389,84.145,100.242,100.234,83.91,99.331,99.318,73.989,99.273,99.254,85.012,99.121,99.121,82.849,98.274,98.263,81.682,97.886,97.838,72.492,97.785,97.785,83.559,97.791,97.791,81.524,97.826,97.826,81.554,98.004,98.004,72.674,97.972,97.977,83.749,97.934,97.797,81.551,97.816,97.718,81.342,97.573,97.573,72.225,97.539,97.532,83.304,98.706,98.699,79.023,98.614,98.611,78.963,98.46,95.871,67.081,95.807,95.764,79.743,95.173,95.079,76.534,94.949,94.916,76.368,94.841,92.41,65.267,92.36,92.36,92.36,92.14,92.012,76.256,91.982,91.9,74.409,91.589,64.435,91.58,91.327,91.327,91.199,90.36,90.325,74.527,90.271,90.219,72.771,89.985,89.947,62.72,88.936,88.734,88.662,na,na,na,na,na,na,na,na,na,na,na,na,na,na,na,na,na,na,na,na,na,na,na,na,na,na,na,na,na,na,na,na,na,na,na,na,na,na,na,na,na,na,na,na,na,na,na,na,na,na,na,na,na,na,na,na,na,na,na,na,na,na,na,na,na,na,na,na,na,na,na,na,na,na,na,na,na,na,na,na,na,na,na,na,na,na,na,na,na,na,na,na,na,na,na,na,na,na,na,na,na,na,na,na,na,na,na,na,na,na,na,na,na,na,na,na,na,na,na,na,na,na,na,na,na,na,na,na,na,na,na,na,na,na,na,na,na,na,na,na,na,na,na,na,na,na,na,na,na,na,na,na,na,na,na,na,na,na,na,na,na,na,na,na,na,na,na,na,na,na,na,na,na,na,na,na,na,na,na,na,na,na,na,na,na,na,na,na,na,na,na,na,na,na,na,na,na,na,na,na,na,na,na,na,na,na,na,na,na,na,na,na,na,na,na,na,na,na,na,na,na,na,na,na,na,na,na,na,na,na,na,na,na,na,na,na,na,na,na,na,na,na,na,na,na,na,na,na,na,na,na,na,na,na,na,na,na,na,na,na,na,na,na,na,na,na,na,na,na,na,na,na,na,na,na,na,na,na,na,na,na,na,na,na,na,na,na,na,na,na,na,na,na,na,na,na,na,na,na,na,na,na,na,na,na,na,na,na,na,na,na,na,na,na,na,na,na,na,na,na,na,na,na,na,na,na,na,na,na,na,na,na,na,na,na,na,na,na,na,na,na,na,na,na,na,na,na,na,na,na,na,na,na,na,na,na,na,na,na,na,na,na,na,na,na,na,na,na,na,na,na,na,na,na,na,na,na,na,na,na,na,na,na,na,na,na,na,na,na,na,na,na,na,na,na,na,na,na,na,na,na,na,na,na,na,na,na,na,na,na,na,na,na,na,na,na,na,na,na,na,na,na,na,na,na,na,na,na,na,na,na,na,na,na,na,na,na,na,na,na,na,na,na,na,na,na,na,na,na,na,na,na,na,na,na,na,na,na,na,na,na,na,na,na,na,na,na,na,na,na,na,na,na,na,na,na,na,na,na,na,na,na,na,na,na,na,na,na,na,na,na,na,na,na,na,na,na,na,na,na,na,na,na,na,na,na,na,na,na,na,na,na,na,na,na,na,na,na,na,na,na,na,na,na,na,na,na,na,na,na,na,na,na,na,na,na,na,na,na,na,na,na,na,na,na,na,na,na,na,na,na,na,na,na,na,na,na,na,na,na,na,na,na,na,na,na,na,na,na,na,na,na,na,na,na,na,na,na,na,na,na,na,na,na,na,na,na,na,na,na,na,na,na,na,na,na,na,na,na,na,na,na,na,na,na,na,na,na,na,na,na,na,na,na,na,na,na,na,na,na,na,na,na,na,na,na,na,na,na,na,na,na,na,na,na,na,na,na,na,na,na,na,na,na,na,na,na,na
80,        Utilities & Other Fuels,99.51,99.409,99.447,99.492,100.552,100.597,100.675,98.221,98.283,98.313,99.78,99.807,99.837,101,100.993,100.996,100.541,100.498,100.406,98.894,98.686,98.561,95.964,95.958,95.953,94.565,94.426,94.471,94.073,94.133,93.695,95.444,94.932,94.774,94.82,94.661,94.46,95.15,95.057,95.227,91.843,91.809,91.71,88.089,87.651,87.857,84.898,84.623,83.397,81.836,81.77,81.848,80.762,80.807,80.809,78.563,78.619,78.619,79.514,79.607,79.5,77.104,77.137,77.135,81.709,81.778,82.048,83.822,83.961,83.931,83.134,83.256,83.396,85.018,85.299,85.676,83.839,84.282,84.924,87.423,88.329,88.721,89.977,90.381,91.022,89.991,89.965,89.81,83.29,83.29,83.251,81.955,81.981,81.818,79.115,79.115,79.115,79.874,79.829,79.845,78.373,78.373,78.354,75.84,75.802,75.463,72.645,72.645,72.516,72.771,72.746,72.632,69.221,69.221,69.381,73.309,73.321,73.48,75.323,75.249,75.36,79.838,79.865,79.725,76.436,76.461,76.782,82.005,81.98,82.434,86.157,86.157,86.347,87.216,87.228,87.247,87.347,87.265,87.25,87.174,87.235,87.297,88.553,88.017,87.933,87.382,87.284,87.241,88.802,88.802,88.893,88.096,88.119,88.201,90.269,90.319,90.341,91.984,91.573,91.725,93.159,93.395,93.401,91.14,90.852,90.522,89.196,89.196,88.806,89.451,89.451,89.066,85.517,85.604,85.518,82.327,82.327,82.338,80.618,80.549,80.686,82.335,82.335,82.335,81.144,81.065,81.065,79.623,79.623,79.522,76.995,76.897,76.291,71.26,71.1,70.813,68.202,68.225,68.273,78.521,78.521,80.042,95.855,95.855,96.157,84.922,84.742,84.485,81.969,81.861,81.861,79.228,79.183,78.839,76.209,76.468,75.886,73.725,73.737,73.542,68.907,68.966,68.966,71.091,71.117,71.168,74.645,74.644,74.637,73.678,73.825,74.007,72.632,72.899,72.899,73.935,73.935,73.721,70.885,70.885,70.396,67.833,67.753,67.753,63.45,63.45,63.45,64.761,64.761,64.761,na,na,na,na,na,na,na,na,na,na,na,na,na,na,na,na,na,na,na,na,na,na,na,na,na,na,na,na,na,na,na,na,na,na,na,na,na,na,na,na,na,na,na,na,na,na,na,na,na,na,na,na,na,na,na,na,na,na,na,na,na,na,na,na,na,na,na,na,na,na,na,na,na,na,na,na,na,na,na,na,na,na,na,na,na,na,na,na,na,na,na,na,na,na,na,na,na,na,na,na,na,na,na,na,na,na,na,na,na,na,na,na,na,na,na,na,na,na,na,na,na,na,na,na,na,na,na,na,na,na,na,na,na,na,na,na,na,na,na,na,na,na,na,na,na,na,na,na,na,na,na,na,na,na,na,na,na,na,na,na,na,na,na,na,na,na,na,na,na,na,na,na,na,na,na,na,na,na,na,na,na,na,na,na,na,na,na,na,na,na,na,na,na,na,na,na,na,na,na,na,na,na,na,na,na,na,na,na,na,na,na,na,na,na,na,na,na,na,na,na,na,na,na,na,na,na,na,na,na,na,na,na,na,na,na,na,na,na,na,na,na,na,na,na,na,na,na,na,na,na,na,na,na,na,na,na,na,na,na,na,na,na,na,na,na,na,na,na,na,na,na,na,na,na,na,na,na,na,na,na,na,na,na,na,na,na,na,na,na,na,na,na,na,na,na,na,na,na,na,na,na,na,na,na,na,na,na,na,na,na,na,na,na,na,na,na,na,na,na,na,na,na,na,na,na,na,na,na,na,na,na,na,na,na,na,na,na,na,na,na,na,na,na,na,na,na,na,na,na,na,na,na,na,na,na,na,na,na,na,na,na,na,na,na,na,na,na,na,na,na,na,na,na,na,na,na,na,na,na,na,na,na,na,na,na,na,na,na,na,na,na,na,na,na,na,na,na,na,na,na,na,na,na,na,na,na,na,na,na,na,na,na,na,na,na,na,na,na,na,na,na,na,na,na,na,na,na,na,na,na,na,na,na,na,na,na,na,na,na,na,na,na,na,na,na,na,na,na,na,na,na,na,na,na,na,na,na,na,na,na,na,na,na,na,na,na,na,na,na,na,na,na,na,na,na,na,na,na,na,na,na,na,na,na,na,na,na,na,na,na,na,na,na,na,na,na,na,na,na,na,na,na,na,na,na,na,na,na,na,na,na,na,na,na,na,na,na,na,na,na,na,na,na,na,na,na,na,na
81,            Water Supply,112.292,112.292,112.292,112.292,112.292,112.292,112.292,101.661,101.661,101.661,101.661,101.661,101.661,101.661,101.661,101.661,101.661,101.661,101.661,95.018,95.018,95.018,94.102,94.102,94.102,94.102,94.102,94.102,94.102,94.102,94.102,94.102,94.102,94.102,93.149,93.149,93.149,93.149,93.149,93.149,93.149,93.149,93.149,93.149,93.149,93.149,93.149,93.149,93.149,93.149,93.149,93.149,93.149,93.149,93.149,93.149,93.149,93.149,93.149,93.149,93.149,93.149,93.149,93.149,93.149,93.149,93.149,93.149,93.149,93.149,93.149,93.149,93.149,93.149,93.149,93.149,93.149,93.149,93.149,93.149,93.149,93.149,93.149,93.149,93.149,93.149,93.149,93.149,81.208,81.208,81.208,81.208,81.208,81.208,81.208,81.208,81.208,81.208,81.208,81.208,70.555,70.555,70.555,70.555,70.555,70.555,70.555,70.555,70.555,70.555,70.555,70.555,70.555,70.555,70.555,70.555,70.555,70.555,70.555,70.555,70.555,70.555,70.555,70.555,70.555,70.555,70.555,70.555,70.555,70.555,na,na,na,na,na,na,na,na,na,na,na,na,na,na,na,na,na,na,na,na,na,na,na,na,na,na,na,na,na,na,na,na,na,na,na,na,na,na,na,na,na,na,na,na,na,na,na,na,na,na,na,na,na,na,na,na,na,na,na,na,na,na,na,na,na,na,na,na,na,na,na,na,na,na,na,na,na,na,na,na,na,na,na,na,na,na,na,na,na,na,na,na,na,na,na,na,na,na,na,na,na,na,na,na,na,na,na,na,na,na,na,na,na,na,na,na,na,na,na,na,na,na,na,na,na,na,na,na,na,na,na,na,na,na,na,na,na,na,na,na,na,na,na,na,na,na,na,na,na,na,na,na,na,na,na,na,na,na,na,na,na,na,na,na,na,na,na,na,na,na,na,na,na,na,na,na,na,na,na,na,na,na,na,na,na,na,na,na,na,na,na,na,na,na,na,na,na,na,na,na,na,na,na,na,na,na,na,na,na,na,na,na,na,na,na,na,na,na,na,na,na,na,na,na,na,na,na,na,na,na,na,na,na,na,na,na,na,na,na,na,na,na,na,na,na,na,na,na,na,na,na,na,na,na,na,na,na,na,na,na,na,na,na,na,na,na,na,na,na,na,na,na,na,na,na,na,na,na,na,na,na,na,na,na,na,na,na,na,na,na,na,na,na,na,na,na,na,na,na,na,na,na,na,na,na,na,na,na,na,na,na,na,na,na,na,na,na,na,na,na,na,na,na,na,na,na,na,na,na,na,na,na,na,na,na,na,na,na,na,na,na,na,na,na,na,na,na,na,na,na,na,na,na,na,na,na,na,na,na,na,na,na,na,na,na,na,na,na,na,na,na,na,na,na,na,na,na,na,na,na,na,na,na,na,na,na,na,na,na,na,na,na,na,na,na,na,na,na,na,na,na,na,na,na,na,na,na,na,na,na,na,na,na,na,na,na,na,na,na,na,na,na,na,na,na,na,na,na,na,na,na,na,na,na,na,na,na,na,na,na,na,na,na,na,na,na,na,na,na,na,na,na,na,na,na,na,na,na,na,na,na,na,na,na,na,na,na,na,na,na,na,na,na,na,na,na,na,na,na,na,na,na,na,na,na,na,na,na,na,na,na,na,na,na,na,na,na,na,na,na,na,na,na,na,na,na,na,na,na,na,na,na,na,na,na,na,na,na,na,na,na,na,na,na,na,na,na,na,na,na,na,na,na,na,na,na,na,na,na,na,na,na,na,na,na,na,na,na,na,na,na,na,na,na,na,na,na,na,na,na,na,na,na,na,na,na,na,na,na,na,na,na,na,na,na,na,na,na,na,na,na,na,na,na,na,na,na,na,na,na,na,na,na,na,na,na,na,na,na,na,na,na,na,na,na,na,na,na,na,na,na,na,na,na,na,na,na,na,na,na,na,na,na,na,na,na,na,na,na,na,na,na,na,na,na,na,na,na,na,na,na,na,na,na,na,na,na,na
82,            Refuse Collection,101.954,101.954,101.954,101.954,101.954,101.954,101.954,101.954,101.954,101.954,101.954,101.954,101.954,101.954,101.954,101.954,98.046,98.046,98.046,98.046,98.046,98.046,97.146,97.146,97.146,97.146,97.146,97.146,97.146,97.146,97.146,97.146,97.146,97.146,96.245,96.245,96.245,96.245,96.245,96.245,96.245,96.245,96.245,96.245,96.245,96.245,82.452,82.452,82.452,82.452,82.452,82.452,82.452,82.452,82.452,82.452,82.452,82.452,82.452,82.452,82.452,82.452,82.452,82.452,82.452,82.452,82.452,82.452,82.452,82.452,82.452,82.452,82.452,82.452,82.452,82.452,82.452,82.452,82.452,82.452,82.452,82.452,82.452,82.452,82.452,82.452,82.452,82.452,82.452,82.452,82.452,82.452,82.452,82.452,82.452,82.452,82.452,82.452,82.452,82.452,82.452,82.452,82.452,82.452,82.452,82.452,74.802,74.802,74.802,74.802,74.802,74.802,74.802,74.802,74.802,74.802,74.802,74.802,74.802,74.802,74.802,74.802,74.802,74.802,74.802,74.802,74.802,74.802,74.802,74.802,na,na,na,na,na,na,na,na,na,na,na,na,na,na,na,na,na,na,na,na,na,na,na,na,na,na,na,na,na,na,na,na,na,na,na,na,na,na,na,na,na,na,na,na,na,na,na,na,na,na,na,na,na,na,na,na,na,na,na,na,na,na,na,na,na,na,na,na,na,na,na,na,na,na,na,na,na,na,na,na,na,na,na,na,na,na,na,na,na,na,na,na,na,na,na,na,na,na,na,na,na,na,na,na,na,na,na,na,na,na,na,na,na,na,na,na,na,na,na,na,na,na,na,na,na,na,na,na,na,na,na,na,na,na,na,na,na,na,na,na,na,na,na,na,na,na,na,na,na,na,na,na,na,na,na,na,na,na,na,na,na,na,na,na,na,na,na,na,na,na,na,na,na,na,na,na,na,na,na,na,na,na,na,na,na,na,na,na,na,na,na,na,na,na,na,na,na,na,na,na,na,na,na,na,na,na,na,na,na,na,na,na,na,na,na,na,na,na,na,na,na,na,na,na,na,na,na,na,na,na,na,na,na,na,na,na,na,na,na,na,na,na,na,na,na,na,na,na,na,na,na,na,na,na,na,na,na,na,na,na,na,na,na,na,na,na,na,na,na,na,na,na,na,na,na,na,na,na,na,na,na,na,na,na,na,na,na,na,na,na,na,na,na,na,na,na,na,na,na,na,na,na,na,na,na,na,na,na,na,na,na,na,na,na,na,na,na,na,na,na,na,na,na,na,na,na,na,na,na,na,na,na,na,na,na,na,na,na,na,na,na,na,na,na,na,na,na,na,na,na,na,na,na,na,na,na,na,na,na,na,na,na,na,na,na,na,na,na,na,na,na,na,na,na,na,na,na,na,na,na,na,na,na,na,na,na,na,na,na,na,na,na,na,na,na,na,na,na,na,na,na,na,na,na,na,na,na,na,na,na,na,na,na,na,na,na,na,na,na,na,na,na,na,na,na,na,na,na,na,na,na,na,na,na,na,na,na,na,na,na,na,na,na,na,na,na,na,na,na,na,na,na,na,na,na,na,na,na,na,na,na,na,na,na,na,na,na,na,na,na,na,na,na,na,na,na,na,na,na,na,na,na,na,na,na,na,na,na,na,na,na,na,na,na,na,na,na,na,na,na,na,na,na,na,na,na,na,na,na,na,na,na,na,na,na,na,na,na,na,na,na,na,na,na,na,na,na,na,na,na,na,na,na,na,na,na,na,na,na,na,na,na,na,na,na,na,na,na,na,na,na,na,na,na,na,na,na,na,na,na,na,na,na,na,na,na,na,na,na,na,na,na,na,na,na,na,na,na,na,na,na,na,na,na,na,na,na,na,na,na,na,na,na,na,na,na,na,na,na,na,na,na,na,na,na,na,na,na,na,na,na,na,na,na,na,na,na,na,na,na,na,na,na,na,na,na,na,na,na,na,na,na,na,na,na,na,na,na,na,na,na,na,na,na,na,na,na,na
83,            Electricity,94.719,94.579,94.64,94.711,96.246,96.316,96.439,96.493,96.591,96.635,98.869,98.912,98.959,100.65,100.64,100.643,100.434,100.366,100.221,100.28,100.065,99.958,96.82,96.81,96.814,94.66,94.393,94.294,93.707,93.81,93.046,96.006,95.203,94.923,95.239,94.962,94.613,95.456,95.296,95.388,90.042,89.982,89.812,83.958,83.4,83.762,80.524,80.048,77.923,75.467,75.353,75.488,73.782,73.86,73.903,70.374,70.477,70.548,72.158,72.321,72.335,68.536,68.593,68.668,76.274,76.434,76.7,79.721,79.963,80.133,78.534,78.747,78.989,81.314,81.801,82.454,79.401,80.169,81.282,85.301,86.872,87.551,89.762,90.473,91.77,89.957,89.957,89.957,84.235,84.235,84.235,81.996,81.996,81.996,77.198,77.198,77.198,78.797,78.797,78.797,81.356,81.356,81.356,76.807,76.807,76.807,72.755,72.755,72.755,73.288,73.288,73.288,67.246,67.246,67.246,74.177,74.177,74.177,77.375,77.375,77.375,85.231,85.231,85.231,79.366,79.366,79.366,88.571,88.571,88.571,na,na,na,na,na,na,na,na,na,na,na,na,na,na,na,na,na,na,na,na,na,na,na,na,na,na,na,na,na,na,na,na,na,na,na,na,na,na,na,na,na,na,na,na,na,na,na,na,na,na,na,na,na,na,na,na,na,na,na,na,na,na,na,na,na,na,na,na,na,na,na,na,na,na,na,na,na,na,na,na,na,na,na,na,na,na,na,na,na,na,na,na,na,na,na,na,na,na,na,na,na,na,na,na,na,na,na,na,na,na,na,na,na,na,na,na,na,na,na,na,na,na,na,na,na,na,na,na,na,na,na,na,na,na,na,na,na,na,na,na,na,na,na,na,na,na,na,na,na,na,na,na,na,na,na,na,na,na,na,na,na,na,na,na,na,na,na,na,na,na,na,na,na,na,na,na,na,na,na,na,na,na,na,na,na,na,na,na,na,na,na,na,na,na,na,na,na,na,na,na,na,na,na,na,na,na,na,na,na,na,na,na,na,na,na,na,na,na,na,na,na,na,na,na,na,na,na,na,na,na,na,na,na,na,na,na,na,na,na,na,na,na,na,na,na,na,na,na,na,na,na,na,na,na,na,na,na,na,na,na,na,na,na,na,na,na,na,na,na,na,na,na,na,na,na,na,na,na,na,na,na,na,na,na,na,na,na,na,na,na,na,na,na,na,na,na,na,na,na,na,na,na,na,na,na,na,na,na,na,na,na,na,na,na,na,na,na,na,na,na,na,na,na,na,na,na,na,na,na,na,na,na,na,na,na,na,na,na,na,na,na,na,na,na,na,na,na,na,na,na,na,na,na,na,na,na,na,na,na,na,na,na,na,na,na,na,na,na,na,na,na,na,na,na,na,na,na,na,na,na,na,na,na,na,na,na,na,na,na,na,na,na,na,na,na,na,na,na,na,na,na,na,na,na,na,na,na,na,na,na,na,na,na,na,na,na,na,na,na,na,na,na,na,na,na,na,na,na,na,na,na,na,na,na,na,na,na,na,na,na,na,na,na,na,na,na,na,na,na,na,na,na,na,na,na,na,na,na,na,na,na,na,na,na,na,na,na,na,na,na,na,na,na,na,na,na,na,na,na,na,na,na,na,na,na,na,na,na,na,na,na,na,na,na,na,na,na,na,na,na,na,na,na,na,na,na,na,na,na,na,na,na,na,na,na,na,na,na,na,na,na,na,na,na,na,na,na,na,na,na,na,na,na,na,na,na,na,na,na,na,na,na,na,na,na,na,na,na,na,na,na,na,na,na,na,na,na,na,na,na,na,na,na,na,na,na,na,na,na,na,na,na,na,na,na,na,na,na,na,na,na,na,na,na,na,na,na,na,na,na,na,na,na,na,na,na,na,na,na,na,na,na,na,na,na,na,na,na,na,na,na,na,na,na,na,na,na,na,na,na,na,na,na,na,na,na,na,na,na,na,na,na,na,na,na,na,na,na,na,na,na,na,na,na,na,na,na,na
84,            Gas,97.932,97.745,97.742,97.742,99.017,99.017,99.016,99.017,99.014,99.043,99.775,99.765,99.768,101.095,101.093,101.099,100.022,100.024,100.023,100.105,99.041,98.189,95.279,95.283,95.205,93.769,93.921,94.928,94.35,94.347,94.371,94.781,94.302,94.334,96.013,96.014,96.015,98.039,98.04,99.199,96.225,96.223,96.223,93.805,92.66,92.616,89.684,89.685,89.684,88.254,88.255,88.251,87.243,87.243,87.017,84.932,84.896,84.488,84.149,84.146,82.995,80.971,80.97,80.525,82.363,82.128,83.279,83.584,83.584,82.311,83.555,83.555,83.555,86.344,86.344,86.344,85.594,85.594,85.594,87.376,87.376,87.376,87.878,87.878,86.894,86.894,86.628,85.056,85.056,85.056,84.671,84.435,84.703,83.049,83.299,83.299,83.299,81.781,81.32,81.484,81.358,81.358,81.16,81.905,81.511,78.078,77.378,77.378,76.066,75.569,75.318,74.16,74.418,74.418,76.036,75.905,76.023,77.643,77.893,77.146,78.263,78.37,78.654,77.231,77.699,77.956,81.22,81.085,80.84,85.459,na,na,na,na,na,na,na,na,na,na,na,na,na,na,na,na,na,na,na,na,na,na,na,na,na,na,na,na,na,na,na,na,na,na,na,na,na,na,na,na,na,na,na,na,na,na,na,na,na,na,na,na,na,na,na,na,na,na,na,na,na,na,na,na,na,na,na,na,na,na,na,na,na,na,na,na,na,na,na,na,na,na,na,na,na,na,na,na,na,na,na,na,na,na,na,na,na,na,na,na,na,na,na,na,na,na,na,na,na,na,na,na,na,na,na,na,na,na,na,na,na,na,na,na,na,na,na,na,na,na,na,na,na,na,na,na,na,na,na,na,na,na,na,na,na,na,na,na,na,na,na,na,na,na,na,na,na,na,na,na,na,na,na,na,na,na,na,na,na,na,na,na,na,na,na,na,na,na,na,na,na,na,na,na,na,na,na,na,na,na,na,na,na,na,na,na,na,na,na,na,na,na,na,na,na,na,na,na,na,na,na,na,na,na,na,na,na,na,na,na,na,na,na,na,na,na,na,na,na,na,na,na,na,na,na,na,na,na,na,na,na,na,na,na,na,na,na,na,na,na,na,na,na,na,na,na,na,na,na,na,na,na,na,na,na,na,na,na,na,na,na,na,na,na,na,na,na,na,na,na,na,na,na,na,na,na,na,na,na,na,na,na,na,na,na,na,na,na,na,na,na,na,na,na,na,na,na,na,na,na,na,na,na,na,na,na,na,na,na,na,na,na,na,na,na,na,na,na,na,na,na,na,na,na,na,na,na,na,na,na,na,na,na,na,na,na,na,na,na,na,na,na,na,na,na,na,na,na,na,na,na,na,na,na,na,na,na,na,na,na,na,na,na,na,na,na,na,na,na,na,na,na,na,na,na,na,na,na,na,na,na,na,na,na,na,na,na,na,na,na,na,na,na,na,na,na,na,na,na,na,na,na,na,na,na,na,na,na,na,na,na,na,na,na,na,na,na,na,na,na,na,na,na,na,na,na,na,na,na,na,na,na,na,na,na,na,na,na,na,na,na,na,na,na,na,na,na,na,na,na,na,na,na,na,na,na,na,na,na,na,na,na,na,na,na,na,na,na,na,na,na,na,na,na,na,na,na,na,na,na,na,na,na,na,na,na,na,na,na,na,na,na,na,na,na,na,na,na,na,na,na,na,na,na,na,na,na,na,na,na,na,na,na,na,na,na,na,na,na,na,na,na,na,na,na,na,na,na,na,na,na,na,na,na,na,na,na,na,na,na,na,na,na,na,na,na,na,na,na,na,na,na,na,na,na,na,na,na,na,na,na,na,na,na,na,na,na,na,na,na,na,na,na,na,na,na,na,na,na,na,na,na,na,na,na,na,na,na,na,na,na,na,na,na,na,na,na,na,na,na,na,na,na,na,na,na,na,na,na,na,na,na,na,na,na,na,na,na,na,na,na,na,na,na,na,na,na,na,na,na,na,na,na,na,na,na,na,na
85,    Household Durables & Services,99.429,99.721,99.342,99.577,99.573,99.983,99.664,99.64,100.025,99.6,99.577,99.244,99.858,99.971,100.196,100.109,99.982,100.156,100.345,100.145,100.325,100.095,99.569,99.308,99.511,99.61,99.443,99.662,99.348,98.843,98.926,99.035,99.19,99.025,98.018,98.3,98.168,98.06,97.947,97.337,97.231,97.211,97.069,96.712,96.596,96.366,96.199,96.054,95.962,95.94,95.889,95.654,95.373,95.343,95.284,95.296,95.038,94.804,94.312,94.319,94.468,94.576,94.358,94.118,93.932,93.811,94.157,94.109,94.06,93.799,93.865,93.919,93.765,93.84,94.082,93.879,93.955,94.155,94.341,93.673,93.668,93.412,93.314,93.385,93.612,93.5,93.4,93.189,92.979,93.037,93.02,93.095,92.824,92.737,92.617,92.786,92.851,92.826,92.762,92.816,92.233,92.383,92.385,92.496,92.083,91.611,91.628,91.825,92.154,92.083,91.728,91.862,91.933,91.813,91.716,91.061,90.764,89.716,89.68,89.46,89.344,89.342,88.868,88.952,88.842,88.784,91.431,91.3,91.319,91.058,90.921,90.786,90.847,90.866,90.888,90.831,90.543,90.584,89.908,89.889,89.582,89.73,89.926,89.888,89.614,89.379,89.417,89.322,89.118,88.814,88.624,87.34,89.112,86.098,85.976,85.462,85.532,85.109,84.886,84.677,84.282,84.19,84.185,83.987,83.979,84.017,83.891,83.997,83.738,83.578,83.589,83.54,83.367,83.336,82.611,80.939,80.689,78.944,78.056,78.112,78.055,77.707,77.732,77.556,77.381,77.432,77.47,77.491,77.317,77.336,77.28,77.299,77.164,76.947,76.908,76.769,76.545,76.709,76.816,76.511,76.626,76.458,76.709,76.789,76.339,76.567,76.15,75.949,75.488,75.763,75.687,75.388,75.359,75.315,74.957,74.139,74.064,74.167,74.363,74.059,74.605,74.725,74.448,74.134,74.08,73.88,74.175,74.111,73.969,73.84,73.962,74.044,73.887,73.997,74.1,74.28,74.164,73.987,74.178,74.165,73.917,74.05,74.04,74.088,74.025,74.099,73.953,75.947,75.789,75.824,75.324,75.352,75.366,75.346,75.364,77.977,77.998,78.106,78.043,78.095,78.249,78.216,77.486,77.539,77.332,77.52,77.772,77.561,77.395,77.645,77.707,77.55,77.707,77.705,77.819,77.746,77.672,78.021,78.049,77.946,77.579,78.023,78.166,77.966,78.183,78.156,78.36,78.498,78.462,78.532,78.615,78.657,78.408,78.629,78.72,78.749,78.697,78.79,78.778,78.794,78.813,78.78,78.959,78.966,78.718,79.032,78.982,78.965,79.024,78.975,78.945,79.21,79.263,79.228,79.322,79.308,79.29,79.443,79.535,79.411,79.719,79.438,79.426,79.59,79.529,79.201,79.503,79.352,79.42,79.641,79.772,79.067,79.194,79.272,79.094,79.165,79.112,79.367,79.251,79.13,79.136,79.332,79.413,79.313,79.397,79.399,79.368,79.285,79.334,79.403,79.375,79.231,79.379,79.419,79.411,79.433,79.5,79.508,79.593,79.569,79.731,79.795,79.98,79.941,80.012,79.714,79.373,77.561,75.786,75.792,75.532,75.57,75.528,75.483,75.524,75.544,75.169,75.167,75.139,74.703,74.694,74.706,74.643,74.652,74.665,74.692,74.707,74.71,74.683,74.542,74.507,74.37,74.299,74.275,74.043,74.037,73.89,73.884,73.987,73.974,73.586,73.609,73.618,71.671,71.684,71.647,71.674,71.748,71.711,71.718,71.642,71.785,71.744,71.643,71.225,71.281,71.27,71.326,71.187,71.195,71.315,71.33,71.305,70.654,70.653,70.834,70.871,70.99,70.937,69.831,69.837,69.782,69.805,68.163,68.076,68.069,68.069,67.88,67.787,67.792,67.749,67.682,67.687,67.68,67.579,67.59,67.195,67.19,67.081,67.116,66.752,66.98,66.969,66.916,66.619,66.577,66.565,66.502,66.457,66.538,66.181,66.17,66.065,66.014,65.988,65.964,65.919,65.944,65.939,66.02,66.013,65.911,65.858,65.855,65.769,65.591,65.63,65.648,65.625,65.668,65.63,65.739,65.731,65.675,65.646,65.68,65.611,65.678,65.554,65.53,65.274,65.301,65.311,65.263,65.27,65.2,64.956,64.942,64.946,64.841,64.856,64.825,64.782,64.885,65.153,65.242,65.145,65.055,64.995,64.919,64.951,64.943,64.898,64.964,64.739,64.683,64.466,64.366,64.655,64.685,64.628,64.622,64.595,64.466,64.072,63.673,63.445,63.297,63.177,63.053,62.657,62.775,63.326,63.483,63.48,63.178,63.181,63.118,62.825,62.52,62.463,62.348,62.235,62.134,59.497,59.275,59.188,59.115,58.827,58.722,58.631,58.515,58.226,57.994,57.549,57.428,57.224,56.817,56.335,56.142,55.397,55.205,55.097,54.965,54.964,54.937,54.901,54.85,54.539,54.417,54.399,54.418,54.344,54.186,54.28,54.251,54.217,54.003,53.755,53.826,53.214,53.219,52.925,52.918,52.655,52.536,51.876,51.884,51.979,51.979,52.02,51.941,52.415,53.008,52.59,52.524,52.673,52.726,52.653,52.736,52.797,52.876,52.922,52.986,53.15,53.087,53.219,52.511,51.931,51.823,51.589,52.076,51.948,51.47,51.179,50.879,49.403,49.381,49.161,48.71,48.199,47.062,43.577,43.107,42.823,40.9,40.635,39.789,38.786,38.195,36.14,35.182,34.527,33.792,33.962,33.662,33.6,33.75,33.538,33.762,33.739,33.568,33.489,33.472,33.467,33.233,33.596,33.543,33.496,33.591,33.695,33.657,33.047,32.977,32.983,32.977,32.995,32.632,32.575,32.575,32.857,32.855,33.061,33.061,33.094,33.103,33.091,33.091,33.056,32.92,32.843,32.825,32.659,32.301,32.337,32.187,32.174,32.205,32.205,32.202,32.162,32.18,32.587,32.541,32.635,32.651,32.631,32.647,32.454,32.428,32.375,32.337,32.375,32.406,32.425,32.425,32.421,32.304,32.264,32.647,31.301,31.311,31.358,31.469,31.435,31.021,30.433,30.433,30.325,30.215,30.041,29.974,29.88,29.951,29.707,29.575,29.548,29.517,29.504,29.427,28.658,27.909,27.816,27.816,27.65,27.65,27.65,27.427,27.427,27.427,27.427,27.438,27.438,27.438,27.438,27.342,27.342,27.342,27.342,27.27,27.286,27.27,27.296,27.307,27.332,27.332,27.322,27.322,27.28,27.28,27.275,27.28,27.28,27.269,27.909,27.886,27.875,27.875,27.886,27.855,27.833,27.833,27.846,27.854,27.881,27.866,27.756,27.762,27.762,27.762,27.767,27.767,28,28.026,28.173,27.919,27.606,27.643
86,        Furniture & Furnishings,99.196,100.814,98.909,99.159,98.64,99.751,99.647,99.785,100.143,98.977,98.774,97.431,99.341,99.108,100.709,100.626,99.869,100.532,101.072,100.82,101.006,100.714,99.928,98.438,98.914,98.928,98.817,99.073,98.845,97.864,99.053,99.097,99.662,99.039,98.344,98.996,98.406,99.105,98.706,96.172,95.713,96.036,95.824,95.859,95.064,95.364,94.976,94.13,94.074,93.3,93.215,93.168,93.774,93.617,93.266,93.319,92.783,92.759,91.854,91.352,91.9,92.034,92.207,91.479,90.214,90.147,92.137,92.037,92.076,91.764,91.878,92.194,90.68,90.993,91.591,91.109,91.058,92.043,92.043,90.723,91.27,90.665,90.929,91.006,91.917,91.845,91.51,91.204,90.53,90.184,90.188,90.265,90.584,90.841,90.575,90.278,90.682,90.77,90.778,91.136,90.795,91.273,91.508,91.358,91.246,90.862,91.401,91.488,91.911,91.83,91.757,91.73,91.538,91.555,91.266,91.049,91.113,91.098,91.392,91.385,91.293,91.294,90.101,89.923,89.428,89.167,90.411,90.411,90.065,90.065,90.086,89.938,90.098,90.023,90.138,90.07,89.123,89.089,88.769,88.807,88.807,88.818,89.752,89.565,88.633,88.616,88.1,88.129,87.952,87.665,87.696,87.495,87.253,87.295,87.306,87.317,87.369,87.004,87.22,87.415,87.032,87.022,87.29,86.81,86.834,86.951,86.781,86.955,86.544,86.485,86.554,86.461,86.407,86.37,86.356,86.146,85.947,85.884,85.97,85.97,86.074,86.275,86.72,86.72,86.641,86.757,86.834,86.907,86.92,86.903,86.954,86.822,86.83,86.625,86.48,86.427,86.504,86.558,86.702,86.671,86.555,86.768,87.345,87.931,86.868,87.212,86.853,86.831,85.532,85.458,84.575,83.807,83.732,83.756,83.345,83.541,83.448,83.434,83.113,83.175,83.364,83.3,83.481,83.436,83.245,83.303,83.118,83.035,83.221,83.215,82.784,83.366,83.346,83.943,83.934,84.723,84.885,84.696,84.629,84.642,84.526,84.543,84.557,85.136,85.238,85.899,85.417,84.861,84.806,85.331,na,na,na,na,na,na,na,na,na,na,na,na,na,na,na,na,na,na,na,na,na,na,na,na,na,na,na,na,na,na,na,na,na,na,na,na,na,na,na,na,na,na,na,na,na,na,na,na,na,na,na,na,na,na,na,na,na,na,na,na,na,na,na,na,na,na,na,na,na,na,na,na,na,na,na,na,na,na,na,na,na,na,na,na,na,na,na,na,na,na,na,na,na,na,na,na,na,na,na,na,na,na,na,na,na,na,na,na,na,na,na,na,na,na,na,na,na,na,na,na,na,na,na,na,na,na,na,na,na,na,na,na,na,na,na,na,na,na,na,na,na,na,na,na,na,na,na,na,na,na,na,na,na,na,na,na,na,na,na,na,na,na,na,na,na,na,na,na,na,na,na,na,na,na,na,na,na,na,na,na,na,na,na,na,na,na,na,na,na,na,na,na,na,na,na,na,na,na,na,na,na,na,na,na,na,na,na,na,na,na,na,na,na,na,na,na,na,na,na,na,na,na,na,na,na,na,na,na,na,na,na,na,na,na,na,na,na,na,na,na,na,na,na,na,na,na,na,na,na,na,na,na,na,na,na,na,na,na,na,na,na,na,na,na,na,na,na,na,na,na,na,na,na,na,na,na,na,na,na,na,na,na,na,na,na,na,na,na,na,na,na,na,na,na,na,na,na,na,na,na,na,na,na,na,na,na,na,na,na,na,na,na,na,na,na,na,na,na,na,na,na,na,na,na,na,na,na,na,na,na,na,na,na,na,na,na,na,na,na,na,na,na,na,na,na,na,na,na,na,na,na,na,na,na,na,na,na,na,na,na,na,na,na,na,na,na,na,na,na,na,na,na,na,na,na,na,na,na,na,na,na,na,na,na,na,na,na,na,na,na,na,na,na,na,na,na,na,na,na,na,na,na,na,na,na,na,na,na,na,na,na,na,na,na,na,na,na,na,na,na,na,na,na,na,na,na,na,na,na,na,na,na,na,na,na,na,na,na,na,na,na,na,na,na,na,na,na,na,na,na,na,na,na,na,na,na,na,na,na,na,na,na,na,na,na,na,na,na,na,na,na,na,na,na,na,na,na,na,na,na,na,na,na,na,na,na,na,na,na,na,na,na,na,na,na,na,na,na,na,na,na,na,na,na,na,na,na,na,na,na,na,na,na,na,na,na,na,na,na,na,na,na,na,na,na,na,na,na
87,        Household Textiles,91.557,90.51,93.289,94.682,94.44,96.587,96.442,97.664,97.54,97.582,98.144,96.289,98.901,98.815,102.948,101.302,101.061,100.812,100.832,100.428,101.533,98.939,100.388,99.162,100.764,100.895,100.587,101.155,100.527,98.163,98.746,100.785,100.432,99.939,99.321,102.076,100.403,100.327,98.041,96.903,97.656,97.718,98.483,97.548,97.009,97.451,98.226,98.879,98.07,97.756,96.856,98.056,98.016,98.308,98.828,99.708,100.185,98.099,99.15,98.986,98.918,98.112,98.844,98.594,98.814,100.086,100.417,101.051,101.462,100.253,100.881,100.429,99.546,99.467,100.03,98.935,99.453,98.883,100.137,101.427,101.873,100.155,100.941,101.046,101.976,101.178,101.977,101.625,101.077,102.211,102.369,102.789,102.262,101.258,102.247,103.079,102.528,103.194,104.045,104.446,102.754,102.855,102.901,104.865,103.531,103.467,103.548,105.192,105.023,104.58,104.063,104.51,104.48,105.485,105.865,106.001,105.709,104.684,105.154,105.469,105.474,105.81,105.547,106.478,106.155,106.575,106.794,107.133,109.381,106.712,107.297,106.844,106.378,106.844,106.414,106.145,102.098,102.489,103.347,103.045,98.866,101.481,102.557,104.795,104.371,104.272,104.492,104.272,104.272,102.957,102.248,103.593,103.593,103.593,103.297,101.63,102.521,102.673,102.376,102.375,102.226,100.737,100.586,101.109,102.378,100.722,100.821,102.406,100.767,100.813,100.826,100.252,103.357,105.217,104.41,104.606,102.726,102.815,103.382,103.961,104.102,103.541,104.237,99.123,103.491,102.238,103.031,104.177,101.984,102.222,102.238,102.643,101.629,100.175,101.626,101.169,99.537,103.841,106.108,101.285,100.774,99.994,102.577,105.835,99.534,106.763,100,102.09,99.094,106.151,106.563,103.647,100.363,101.155,102.335,101.263,100.858,104.689,109.178,103.701,98.899,104.376,104.44,105.943,104.506,100.797,107.896,107.711,105.895,105.523,109.761,108.976,107.013,107.485,108.964,109.451,106.927,103.189,108.639,107.528,102.66,106.582,107.513,104.236,105.516,105.755,109.831,106.638,108.573,108.573,na,na,na,na,na,na,na,na,na,na,na,na,na,na,na,na,na,na,na,na,na,na,na,na,na,na,na,na,na,na,na,na,na,na,na,na,na,na,na,na,na,na,na,na,na,na,na,na,na,na,na,na,na,na,na,na,na,na,na,na,na,na,na,na,na,na,na,na,na,na,na,na,na,na,na,na,na,na,na,na,na,na,na,na,na,na,na,na,na,na,na,na,na,na,na,na,na,na,na,na,na,na,na,na,na,na,na,na,na,na,na,na,na,na,na,na,na,na,na,na,na,na,na,na,na,na,na,na,na,na,na,na,na,na,na,na,na,na,na,na,na,na,na,na,na,na,na,na,na,na,na,na,na,na,na,na,na,na,na,na,na,na,na,na,na,na,na,na,na,na,na,na,na,na,na,na,na,na,na,na,na,na,na,na,na,na,na,na,na,na,na,na,na,na,na,na,na,na,na,na,na,na,na,na,na,na,na,na,na,na,na,na,na,na,na,na,na,na,na,na,na,na,na,na,na,na,na,na,na,na,na,na,na,na,na,na,na,na,na,na,na,na,na,na,na,na,na,na,na,na,na,na,na,na,na,na,na,na,na,na,na,na,na,na,na,na,na,na,na,na,na,na,na,na,na,na,na,na,na,na,na,na,na,na,na,na,na,na,na,na,na,na,na,na,na,na,na,na,na,na,na,na,na,na,na,na,na,na,na,na,na,na,na,na,na,na,na,na,na,na,na,na,na,na,na,na,na,na,na,na,na,na,na,na,na,na,na,na,na,na,na,na,na,na,na,na,na,na,na,na,na,na,na,na,na,na,na,na,na,na,na,na,na,na,na,na,na,na,na,na,na,na,na,na,na,na,na,na,na,na,na,na,na,na,na,na,na,na,na,na,na,na,na,na,na,na,na,na,na,na,na,na,na,na,na,na,na,na,na,na,na,na,na,na,na,na,na,na,na,na,na,na,na,na,na,na,na,na,na,na,na,na,na,na,na,na,na,na,na,na,na,na,na,na,na,na,na,na,na,na,na,na,na,na,na,na,na,na,na,na,na,na,na,na,na,na,na,na,na,na,na,na,na,na,na,na,na,na,na,na,na,na,na,na,na,na,na,na,na,na,na,na,na,na,na,na,na,na,na,na,na,na,na,na,na,na,na,na,na,na,na,na,na,na,na,na,na,na,na,na,na,na,na,na,na,na,na,na
88,        Household Appliances,98.851,99.241,99.496,99.13,100.316,100.175,98.553,98.721,99.892,99.092,99.608,99.802,100.44,100.862,100.016,100,99.791,99.763,100.198,99.766,99.889,99.868,99.336,99.527,100.038,100.386,99.993,100.884,100.652,100.55,100.044,100.129,100.945,101.145,99.126,99.522,100.385,99.872,100.257,99.527,99.872,99.999,100.449,99.54,99.797,98.699,97.309,97.62,97.53,98.42,98.037,97.246,97.096,96.667,96.524,96.768,96.209,95.922,95.806,95.608,96.27,96.364,95.352,94.963,94.933,94.288,94.444,94.438,94.11,94.178,94.291,94.073,94.891,95.644,95.876,95.758,96.218,96.4,96.857,96.845,95.961,96.346,96.53,96.537,97.303,97.292,97.16,97.141,97.362,97.135,97.258,97.435,97.27,96.555,95.781,97.189,97.931,98.236,98.105,98.275,98.432,97.863,98.629,99.635,98.878,97.953,98.109,98.61,100.578,100.953,99.437,100.266,100.599,100.653,100.752,100.167,100.377,99.318,99.872,99.6,100.025,100.334,99.957,100.268,100.048,99.42,99.467,99.288,99.846,100.282,101.51,100.433,100.72,100.991,101.885,101.885,102.335,101.9,96.392,96.182,97.59,97.573,98.756,98.889,99.227,99.57,100.182,100.11,99.558,99.519,99.244,99.096,99.375,100.042,99.735,99.786,99.824,99.769,100.036,99.984,100.433,100.453,100.615,100.491,99.8,101.473,101.64,101.605,101.931,101.85,101.905,101.957,102.085,100.884,100.962,101.415,99.794,100.15,100.288,100.757,101.162,101.074,100.967,101.043,101.798,101.802,101.802,101.709,101.625,101.665,101.409,101.468,101.318,101.43,101.398,101.398,101.066,100.991,100.941,101.319,103.429,103.07,103.279,103.505,103.073,103.073,103.228,103.084,102.366,102.421,102.537,102.004,101.966,101.9,101.56,100.956,101.122,100.933,100.779,100.702,101.126,101.221,101.296,101.41,101.808,101.604,101.878,101.792,101.758,101.188,101.183,101.267,100.864,101.042,101.199,101.48,101.655,101.518,101.28,101.382,101.087,100.45,100.054,100.251,100.024,99.839,99.631,99.558,99.129,98.874,na,na,na,na,na,na,na,na,na,na,na,na,na,na,na,na,na,na,na,na,na,na,na,na,na,na,na,na,na,na,na,na,na,na,na,na,na,na,na,na,na,na,na,na,na,na,na,na,na,na,na,na,na,na,na,na,na,na,na,na,na,na,na,na,na,na,na,na,na,na,na,na,na,na,na,na,na,na,na,na,na,na,na,na,na,na,na,na,na,na,na,na,na,na,na,na,na,na,na,na,na,na,na,na,na,na,na,na,na,na,na,na,na,na,na,na,na,na,na,na,na,na,na,na,na,na,na,na,na,na,na,na,na,na,na,na,na,na,na,na,na,na,na,na,na,na,na,na,na,na,na,na,na,na,na,na,na,na,na,na,na,na,na,na,na,na,na,na,na,na,na,na,na,na,na,na,na,na,na,na,na,na,na,na,na,na,na,na,na,na,na,na,na,na,na,na,na,na,na,na,na,na,na,na,na,na,na,na,na,na,na,na,na,na,na,na,na,na,na,na,na,na,na,na,na,na,na,na,na,na,na,na,na,na,na,na,na,na,na,na,na,na,na,na,na,na,na,na,na,na,na,na,na,na,na,na,na,na,na,na,na,na,na,na,na,na,na,na,na,na,na,na,na,na,na,na,na,na,na,na,na,na,na,na,na,na,na,na,na,na,na,na,na,na,na,na,na,na,na,na,na,na,na,na,na,na,na,na,na,na,na,na,na,na,na,na,na,na,na,na,na,na,na,na,na,na,na,na,na,na,na,na,na,na,na,na,na,na,na,na,na,na,na,na,na,na,na,na,na,na,na,na,na,na,na,na,na,na,na,na,na,na,na,na,na,na,na,na,na,na,na,na,na,na,na,na,na,na,na,na,na,na,na,na,na,na,na,na,na,na,na,na,na,na,na,na,na,na,na,na,na,na,na,na,na,na,na,na,na,na,na,na,na,na,na,na,na,na,na,na,na,na,na,na,na,na,na,na,na,na,na,na,na,na,na,na,na,na,na,na,na,na,na,na,na,na,na,na,na,na,na,na,na,na,na,na,na,na,na,na,na,na,na,na,na,na,na,na,na,na,na,na,na,na,na,na,na,na,na,na,na,na,na,na,na,na,na,na,na,na,na,na,na,na,na,na,na,na,na,na,na,na,na,na,na,na,na,na,na,na,na,na,na,na,na,na,na,na,na,na,na,na,na,na,na,na,na,na
89,            Major Household Appliances,98.153,98.941,99.232,98.497,100.212,99.682,97.792,98.324,99.327,98.237,98.835,99.024,100.015,100.52,99.945,99.937,100.237,100.004,100.606,100.266,100.341,100.275,na,na,na,na,na,na,na,na,na,na,na,na,na,na,na,na,na,na,na,na,na,na,na,na,na,na,na,na,na,na,na,na,na,na,na,na,na,na,na,na,na,na,na,na,na,na,na,na,na,na,na,na,na,na,na,na,na,na,na,na,na,na,na,na,na,na,na,na,na,na,na,na,na,na,na,na,na,na,na,na,na,na,na,na,na,na,na,na,na,na,na,na,na,na,na,na,na,na,na,na,na,na,na,na,na,na,na,na,na,na,na,na,na,na,na,na,na,na,na,na,na,na,na,na,na,na,na,na,na,na,na,na,na,na,na,na,na,na,na,na,na,na,na,na,na,na,na,na,na,na,na,na,na,na,na,na,na,na,na,na,na,na,na,na,na,na,na,na,na,na,na,na,na,na,na,na,na,na,na,na,na,na,na,na,na,na,na,na,na,na,na,na,na,na,na,na,na,na,na,na,na,na,na,na,na,na,na,na,na,na,na,na,na,na,na,na,na,na,na,na,na,na,na,na,na,na,na,na,na,na,na,na,na,na,na,na,na,na,na,na,na,na,na,na,na,na,na,na,na,na,na,na,na,na,na,na,na,na,na,na,na,na,na,na,na,na,na,na,na,na,na,na,na,na,na,na,na,na,na,na,na,na,na,na,na,na,na,na,na,na,na,na,na,na,na,na,na,na,na,na,na,na,na,na,na,na,na,na,na,na,na,na,na,na,na,na,na,na,na,na,na,na,na,na,na,na,na,na,na,na,na,na,na,na,na,na,na,na,na,na,na,na,na,na,na,na,na,na,na,na,na,na,na,na,na,na,na,na,na,na,na,na,na,na,na,na,na,na,na,na,na,na,na,na,na,na,na,na,na,na,na,na,na,na,na,na,na,na,na,na,na,na,na,na,na,na,na,na,na,na,na,na,na,na,na,na,na,na,na,na,na,na,na,na,na,na,na,na,na,na,na,na,na,na,na,na,na,na,na,na,na,na,na,na,na,na,na,na,na,na,na,na,na,na,na,na,na,na,na,na,na,na,na,na,na,na,na,na,na,na,na,na,na,na,na,na,na,na,na,na,na,na,na,na,na,na,na,na,na,na,na,na,na,na,na,na,na,na,na,na,na,na,na,na,na,na,na,na,na,na,na,na,na,na,na,na,na,na,na,na,na,na,na,na,na,na,na,na,na,na,na,na,na,na,na,na,na,na,na,na,na,na,na,na,na,na,na,na,na,na,na,na,na,na,na,na,na,na,na,na,na,na,na,na,na,na,na,na,na,na,na,na,na,na,na,na,na,na,na,na,na,na,na,na,na,na,na,na,na,na,na,na,na,na,na,na,na,na,na,na,na,na,na,na,na,na,na,na,na,na,na,na,na,na,na,na,na,na,na,na,na,na,na,na,na,na,na,na,na,na,na,na,na,na,na,na,na,na,na,na,na,na,na,na,na,na,na,na,na,na,na,na,na,na,na,na,na,na,na,na,na,na,na,na,na,na,na,na,na,na,na,na,na,na,na,na,na,na,na,na,na,na,na,na,na,na,na,na,na,na,na,na,na,na,na,na,na,na,na,na,na,na,na,na,na,na,na,na,na,na,na,na,na,na,na,na,na,na,na,na,na,na,na,na,na,na,na,na,na,na,na,na,na,na,na,na,na,na,na,na,na,na,na,na,na,na,na,na,na,na,na,na,na,na,na,na,na,na,na,na,na,na,na,na,na,na
90,            Small Household Appliances,98.676,97.839,98.275,99.041,99.485,100.865,98.261,97.05,100.519,99.933,101.637,102.114,102.047,102.668,99.505,99.428,97.762,98.597,98.882,98.739,99.239,99.384,na,na,na,na,na,na,na,na,na,na,na,na,na,na,na,na,na,na,na,na,na,na,na,na,na,na,na,na,na,na,na,na,na,na,na,na,na,na,na,na,na,na,na,na,na,na,na,na,na,na,na,na,na,na,na,na,na,na,na,na,na,na,na,na,na,na,na,na,na,na,na,na,na,na,na,na,na,na,na,na,na,na,na,na,na,na,na,na,na,na,na,na,na,na,na,na,na,na,na,na,na,na,na,na,na,na,na,na,na,na,na,na,na,na,na,na,na,na,na,na,na,na,na,na,na,na,na,na,na,na,na,na,na,na,na,na,na,na,na,na,na,na,na,na,na,na,na,na,na,na,na,na,na,na,na,na,na,na,na,na,na,na,na,na,na,na,na,na,na,na,na,na,na,na,na,na,na,na,na,na,na,na,na,na,na,na,na,na,na,na,na,na,na,na,na,na,na,na,na,na,na,na,na,na,na,na,na,na,na,na,na,na,na,na,na,na,na,na,na,na,na,na,na,na,na,na,na,na,na,na,na,na,na,na,na,na,na,na,na,na,na,na,na,na,na,na,na,na,na,na,na,na,na,na,na,na,na,na,na,na,na,na,na,na,na,na,na,na,na,na,na,na,na,na,na,na,na,na,na,na,na,na,na,na,na,na,na,na,na,na,na,na,na,na,na,na,na,na,na,na,na,na,na,na,na,na,na,na,na,na,na,na,na,na,na,na,na,na,na,na,na,na,na,na,na,na,na,na,na,na,na,na,na,na,na,na,na,na,na,na,na,na,na,na,na,na,na,na,na,na,na,na,na,na,na,na,na,na,na,na,na,na,na,na,na,na,na,na,na,na,na,na,na,na,na,na,na,na,na,na,na,na,na,na,na,na,na,na,na,na,na,na,na,na,na,na,na,na,na,na,na,na,na,na,na,na,na,na,na,na,na,na,na,na,na,na,na,na,na,na,na,na,na,na,na,na,na,na,na,na,na,na,na,na,na,na,na,na,na,na,na,na,na,na,na,na,na,na,na,na,na,na,na,na,na,na,na,na,na,na,na,na,na,na,na,na,na,na,na,na,na,na,na,na,na,na,na,na,na,na,na,na,na,na,na,na,na,na,na,na,na,na,na,na,na,na,na,na,na,na,na,na,na,na,na,na,na,na,na,na,na,na,na,na,na,na,na,na,na,na,na,na,na,na,na,na,na,na,na,na,na,na,na,na,na,na,na,na,na,na,na,na,na,na,na,na,na,na,na,na,na,na,na,na,na,na,na,na,na,na,na,na,na,na,na,na,na,na,na,na,na,na,na,na,na,na,na,na,na,na,na,na,na,na,na,na,na,na,na,na,na,na,na,na,na,na,na,na,na,na,na,na,na,na,na,na,na,na,na,na,na,na,na,na,na,na,na,na,na,na,na,na,na,na,na,na,na,na,na,na,na,na,na,na,na,na,na,na,na,na,na,na,na,na,na,na,na,na,na,na,na,na,na,na,na,na,na,na,na,na,na,na,na,na,na,na,na,na,na,na,na,na,na,na,na,na,na,na,na,na,na,na,na,na,na,na,na,na,na,na,na,na,na,na,na,na,na,na,na,na,na,na,na,na,na,na,na,na,na,na,na,na,na,na,na,na,na,na,na,na,na,na,na,na,na,na,na,na,na,na,na,na,na,na,na,na,na,na,na,na,na,na,na,na,na,na,na,na,na,na,na,na,na,na,na,na
91,            Repair & Installation Of Household Appliances,101.284,101.284,101.284,101.284,101.284,101.284,101.284,101.284,101.284,101.284,100.636,100.636,100.636,100.636,100.636,100.636,99.841,99.841,99.841,98.887,98.887,98.887,na,na,na,na,na,na,na,na,na,na,na,na,na,na,na,na,na,na,na,na,na,na,na,na,na,na,na,na,na,na,na,na,na,na,na,na,na,na,na,na,na,na,na,na,na,na,na,na,na,na,na,na,na,na,na,na,na,na,na,na,na,na,na,na,na,na,na,na,na,na,na,na,na,na,na,na,na,na,na,na,na,na,na,na,na,na,na,na,na,na,na,na,na,na,na,na,na,na,na,na,na,na,na,na,na,na,na,na,na,na,na,na,na,na,na,na,na,na,na,na,na,na,na,na,na,na,na,na,na,na,na,na,na,na,na,na,na,na,na,na,na,na,na,na,na,na,na,na,na,na,na,na,na,na,na,na,na,na,na,na,na,na,na,na,na,na,na,na,na,na,na,na,na,na,na,na,na,na,na,na,na,na,na,na,na,na,na,na,na,na,na,na,na,na,na,na,na,na,na,na,na,na,na,na,na,na,na,na,na,na,na,na,na,na,na,na,na,na,na,na,na,na,na,na,na,na,na,na,na,na,na,na,na,na,na,na,na,na,na,na,na,na,na,na,na,na,na,na,na,na,na,na,na,na,na,na,na,na,na,na,na,na,na,na,na,na,na,na,na,na,na,na,na,na,na,na,na,na,na,na,na,na,na,na,na,na,na,na,na,na,na,na,na,na,na,na,na,na,na,na,na,na,na,na,na,na,na,na,na,na,na,na,na,na,na,na,na,na,na,na,na,na,na,na,na,na,na,na,na,na,na,na,na,na,na,na,na,na,na,na,na,na,na,na,na,na,na,na,na,na,na,na,na,na,na,na,na,na,na,na,na,na,na,na,na,na,na,na,na,na,na,na,na,na,na,na,na,na,na,na,na,na,na,na,na,na,na,na,na,na,na,na,na,na,na,na,na,na,na,na,na,na,na,na,na,na,na,na,na,na,na,na,na,na,na,na,na,na,na,na,na,na,na,na,na,na,na,na,na,na,na,na,na,na,na,na,na,na,na,na,na,na,na,na,na,na,na,na,na,na,na,na,na,na,na,na,na,na,na,na,na,na,na,na,na,na,na,na,na,na,na,na,na,na,na,na,na,na,na,na,na,na,na,na,na,na,na,na,na,na,na,na,na,na,na,na,na,na,na,na,na,na,na,na,na,na,na,na,na,na,na,na,na,na,na,na,na,na,na,na,na,na,na,na,na,na,na,na,na,na,na,na,na,na,na,na,na,na,na,na,na,na,na,na,na,na,na,na,na,na,na,na,na,na,na,na,na,na,na,na,na,na,na,na,na,na,na,na,na,na,na,na,na,na,na,na,na,na,na,na,na,na,na,na,na,na,na,na,na,na,na,na,na,na,na,na,na,na,na,na,na,na,na,na,na,na,na,na,na,na,na,na,na,na,na,na,na,na,na,na,na,na,na,na,na,na,na,na,na,na,na,na,na,na,na,na,na,na,na,na,na,na,na,na,na,na,na,na,na,na,na,na,na,na,na,na,na,na,na,na,na,na,na,na,na,na,na,na,na,na,na,na,na,na,na,na,na,na,na,na,na,na,na,na,na,na,na,na,na,na,na,na,na,na,na,na,na,na,na,na,na,na,na,na,na,na,na,na,na,na,na,na,na,na,na,na,na,na,na,na,na,na,na,na,na,na,na,na,na,na,na,na,na,na,na,na,na,na,na,na,na,na,na,na,na,na,na,na,na,na,na,na,na,na,na,na
92,"        Glassware, Tableware & Household Utensils",97.36,96.042,96.063,99.137,99.025,101.871,100.885,99.509,99.989,98.8,99.162,99.583,99.893,100.566,99.562,99.777,99.147,99.905,100.153,100.869,100.81,100.571,98.639,99.019,99.259,100.38,100.589,101.275,100.557,99.819,101.145,101.423,100.902,101.292,99.194,99.696,100.288,100.3,100.526,100.77,99.885,97.728,97.515,96.67,96.562,96.562,96.642,96.612,96.931,95.986,96.101,95.477,96.864,97.561,97.392,97.158,97.624,97.184,97.485,98.127,98.632,98.874,99.174,98.312,97.912,98.094,97.776,97.794,98.605,96.928,96.407,96.359,96.118,95.891,96.821,96.184,96.642,96.204,97.873,97.555,98.438,96.356,97.653,98.935,98.544,97.12,97.474,97.232,95.683,96.732,96.726,97.53,96.64,96.108,96.123,97.614,97.465,97.67,97.148,96.97,94.499,97.498,96.879,97.425,96.01,96.127,96.931,97.649,96.822,97.216,95.973,97.154,96.591,96.475,97.454,98.069,97.142,96.76,98.424,96.566,97.119,98.305,95.319,96.639,96.223,97.34,98.712,98.703,98.34,97.952,98.519,98.676,99.113,98.881,97.452,97.016,96.925,98.443,98.678,98.672,97.052,97.132,96.079,97.502,96.021,98.332,97.497,97.609,97.231,97.454,97.122,99.105,98.429,98.006,98.692,98.795,99.057,98.926,98.391,98.074,97.376,97.728,98.393,97.627,98.223,97.097,97.263,98.274,96.569,95.365,95.814,94.836,94.037,95.588,95.5,94.222,93.863,93.619,93.033,93.768,93.746,93.569,93.273,92.587,91.808,93.549,94.03,94.086,93.139,93.21,93.619,93.678,93.678,93.392,93.754,92.948,92.75,93.832,94.668,94.191,94.08,93.569,94.488,94.625,92.89,94.087,94.522,94.157,93.184,93.906,93.714,93.632,93.23,91.454,91.002,85.654,84.01,83.501,85.42,84.193,81.73,82.83,83.954,82.41,81.925,81.925,82.813,82.813,82.813,82.844,82.91,82.595,82.228,82.191,82.582,82.767,81.966,82.661,82.28,83.047,82.317,82.936,82.923,82.462,82.014,82.754,84.653,84.821,84.115,84.429,na,na,na,na,na,na,na,na,na,na,na,na,na,na,na,na,na,na,na,na,na,na,na,na,na,na,na,na,na,na,na,na,na,na,na,na,na,na,na,na,na,na,na,na,na,na,na,na,na,na,na,na,na,na,na,na,na,na,na,na,na,na,na,na,na,na,na,na,na,na,na,na,na,na,na,na,na,na,na,na,na,na,na,na,na,na,na,na,na,na,na,na,na,na,na,na,na,na,na,na,na,na,na,na,na,na,na,na,na,na,na,na,na,na,na,na,na,na,na,na,na,na,na,na,na,na,na,na,na,na,na,na,na,na,na,na,na,na,na,na,na,na,na,na,na,na,na,na,na,na,na,na,na,na,na,na,na,na,na,na,na,na,na,na,na,na,na,na,na,na,na,na,na,na,na,na,na,na,na,na,na,na,na,na,na,na,na,na,na,na,na,na,na,na,na,na,na,na,na,na,na,na,na,na,na,na,na,na,na,na,na,na,na,na,na,na,na,na,na,na,na,na,na,na,na,na,na,na,na,na,na,na,na,na,na,na,na,na,na,na,na,na,na,na,na,na,na,na,na,na,na,na,na,na,na,na,na,na,na,na,na,na,na,na,na,na,na,na,na,na,na,na,na,na,na,na,na,na,na,na,na,na,na,na,na,na,na,na,na,na,na,na,na,na,na,na,na,na,na,na,na,na,na,na,na,na,na,na,na,na,na,na,na,na,na,na,na,na,na,na,na,na,na,na,na,na,na,na,na,na,na,na,na,na,na,na,na,na,na,na,na,na,na,na,na,na,na,na,na,na,na,na,na,na,na,na,na,na,na,na,na,na,na,na,na,na,na,na,na,na,na,na,na,na,na,na,na,na,na,na,na,na,na,na,na,na,na,na,na,na,na,na,na,na,na,na,na,na,na,na,na,na,na,na,na,na,na,na,na,na,na,na,na,na,na,na,na,na,na,na,na,na,na,na,na,na,na,na,na,na,na,na,na,na,na,na,na,na,na,na,na,na,na,na,na,na,na,na,na,na,na,na,na,na,na,na,na,na,na,na,na,na,na,na,na,na,na,na,na,na,na,na,na,na,na,na,na,na,na,na,na,na,na,na,na,na,na,na,na,na,na,na,na,na,na,na,na,na,na,na,na,na,na,na,na,na,na,na,na,na,na,na,na,na,na,na,na,na,na,na,na,na,na,na,na,na,na,na
93,        Tools & Equipment For House & Garden,98.397,96.863,96.734,99.667,99.057,100.087,100.252,99.886,100.123,99.704,99.473,98.71,99.916,99.433,99.144,99.943,100.586,100.768,100.962,100.788,99.755,100.526,99.736,98.809,98.696,99.89,100.044,99.825,99.662,98.175,97.641,97.526,97.869,97.745,95.25,94.705,94.115,93.706,92.969,93.24,93.159,90.593,88.465,89.743,89.425,89.259,88.814,88.539,87.943,88.085,87.802,87.925,87.765,86.053,86.171,88.388,87.384,87.649,87.77,87.974,88.746,87.567,87.294,87.932,87.656,87.273,86.234,86.278,86.693,85.653,86.658,86.451,85.463,85.135,84.914,85.401,84.934,85.752,85.221,85.049,85.424,85.724,84.987,85.139,85.16,84.117,84.585,84.91,84.273,83.401,82.458,83.585,83.503,83.527,83.861,84.189,83.72,82.981,83.762,84.033,81.574,81.838,80.054,82.095,81.316,81.789,81.325,79.924,82.873,82.849,80.26,82.388,82.315,81.646,82.347,82.442,81.934,82.206,81.833,81.566,81.488,81.976,79.695,82.745,82.745,83.624,83.031,83.031,82.176,82.768,83.172,83.572,83.777,83.777,84.33,84.33,84.33,83.93,84.147,83.818,82.843,84.059,85.371,85.406,85.407,85.661,85.661,85.677,85.81,85.808,86.108,85.879,86.108,86.108,86.108,86.108,86.108,85.598,85.598,85.733,85.629,85.658,85.62,85.415,85.951,86.198,86.459,85.26,85.067,85.158,85.205,85.062,85.058,84.469,84.072,84.143,84.177,83.832,83.832,83.676,83.331,83.393,83.372,83.918,84.147,84.147,84.282,84.549,84.382,83.758,83.956,83.678,83.564,84.199,83.261,82.86,82.86,83.228,83.214,83.522,83.703,83.752,83.697,83.693,83.871,83.732,82.196,82.196,82.255,82.259,82.274,82.31,82.24,82.233,82.446,85.708,85.702,85.66,87.222,87.139,86.864,87.216,87.216,86.828,85.985,85.059,84.813,85.266,85.286,84.926,84.887,84.742,84.742,85.085,85.085,85.258,85.258,85.361,85.361,85.377,85.973,85.723,85.106,85.702,85.723,85.62,85.62,85.658,86.075,85.714,na,na,na,na,na,na,na,na,na,na,na,na,na,na,na,na,na,na,na,na,na,na,na,na,na,na,na,na,na,na,na,na,na,na,na,na,na,na,na,na,na,na,na,na,na,na,na,na,na,na,na,na,na,na,na,na,na,na,na,na,na,na,na,na,na,na,na,na,na,na,na,na,na,na,na,na,na,na,na,na,na,na,na,na,na,na,na,na,na,na,na,na,na,na,na,na,na,na,na,na,na,na,na,na,na,na,na,na,na,na,na,na,na,na,na,na,na,na,na,na,na,na,na,na,na,na,na,na,na,na,na,na,na,na,na,na,na,na,na,na,na,na,na,na,na,na,na,na,na,na,na,na,na,na,na,na,na,na,na,na,na,na,na,na,na,na,na,na,na,na,na,na,na,na,na,na,na,na,na,na,na,na,na,na,na,na,na,na,na,na,na,na,na,na,na,na,na,na,na,na,na,na,na,na,na,na,na,na,na,na,na,na,na,na,na,na,na,na,na,na,na,na,na,na,na,na,na,na,na,na,na,na,na,na,na,na,na,na,na,na,na,na,na,na,na,na,na,na,na,na,na,na,na,na,na,na,na,na,na,na,na,na,na,na,na,na,na,na,na,na,na,na,na,na,na,na,na,na,na,na,na,na,na,na,na,na,na,na,na,na,na,na,na,na,na,na,na,na,na,na,na,na,na,na,na,na,na,na,na,na,na,na,na,na,na,na,na,na,na,na,na,na,na,na,na,na,na,na,na,na,na,na,na,na,na,na,na,na,na,na,na,na,na,na,na,na,na,na,na,na,na,na,na,na,na,na,na,na,na,na,na,na,na,na,na,na,na,na,na,na,na,na,na,na,na,na,na,na,na,na,na,na,na,na,na,na,na,na,na,na,na,na,na,na,na,na,na,na,na,na,na,na,na,na,na,na,na,na,na,na,na,na,na,na,na,na,na,na,na,na,na,na,na,na,na,na,na,na,na,na,na,na,na,na,na,na,na,na,na,na,na,na,na,na,na,na,na,na,na,na,na,na,na,na,na,na,na,na,na,na,na,na,na,na,na,na,na,na,na,na,na,na,na,na,na,na,na,na,na,na,na,na,na,na,na,na,na,na,na,na,na,na,na,na,na,na,na,na,na,na,na,na,na,na,na,na,na,na,na,na,na,na,na,na,na,na,na,na,na,na,na,na,na,na,na,na,na,na
94,        Household Services & Supplies,100.369,100.23,100.101,100.255,100.087,100.109,100.185,100.031,100.171,100.24,100.049,100.042,99.939,100.089,99.915,99.861,100.077,100.091,100.036,99.899,100.078,99.927,99.541,99.537,99.525,99.49,99.342,99.342,99.013,98.66,98.51,98.556,98.472,98.322,97.587,97.637,97.41,97.178,97.109,97.032,96.912,96.952,96.696,96.379,96.382,96.186,96.364,96.261,96.181,96.193,96.275,96.083,95.401,95.51,95.531,95.379,95.23,95.029,94.424,94.596,94.463,94.64,94.452,94.401,94.481,94.415,94.419,94.339,94.255,94.069,94.089,94.174,94.214,94.075,94.18,94.077,94.061,94.092,94.149,93.371,93.361,93.185,92.875,92.869,92.839,92.866,92.715,92.486,92.431,92.521,92.491,92.44,92.066,92.107,92.041,91.948,91.883,91.731,91.606,91.554,91.041,91.053,90.955,90.745,90.467,89.962,89.789,89.872,89.908,89.748,89.684,89.571,89.708,89.466,89.246,88.31,87.887,86.513,86.152,85.97,85.691,85.511,85.399,85.266,85.298,85.248,89.059,88.861,88.767,88.46,87.921,87.948,87.95,87.932,87.884,87.857,87.817,87.851,87.792,87.824,87.5,87.516,87.338,87.148,86.931,86.499,86.563,86.446,86.272,85.958,85.769,83.981,86.357,82.274,82.135,81.512,81.547,81.045,80.721,80.431,79.934,79.863,79.787,79.608,79.587,79.533,79.352,79.396,79.199,79.039,79.022,79.023,78.678,78.66,77.733,75.515,75.49,73.143,71.93,71.902,71.767,71.319,71.289,71.28,70.8,70.848,70.834,70.807,70.715,70.737,70.668,70.689,70.572,70.356,70.27,70.147,69.956,69.945,69.948,69.722,69.663,69.506,69.599,69.46,69.375,69.283,69.065,68.738,68.535,68.574,68.559,68.448,68.582,68.555,68.13,67.346,67.338,67.316,67.319,67.248,68.455,68.229,67.659,67.14,67.183,67.136,67.116,67.054,66.895,66.808,66.847,66.872,66.835,66.782,66.808,66.788,66.736,66.732,66.758,66.749,66.771,66.796,66.789,66.899,66.744,66.654,66.22,69.789,69.517,69.458,na,na,na,na,na,na,na,na,na,na,na,na,na,na,na,na,na,na,na,na,na,na,na,na,na,na,na,na,na,na,na,na,na,na,na,na,na,na,na,na,na,na,na,na,na,na,na,na,na,na,na,na,na,na,na,na,na,na,na,na,na,na,na,na,na,na,na,na,na,na,na,na,na,na,na,na,na,na,na,na,na,na,na,na,na,na,na,na,na,na,na,na,na,na,na,na,na,na,na,na,na,na,na,na,na,na,na,na,na,na,na,na,na,na,na,na,na,na,na,na,na,na,na,na,na,na,na,na,na,na,na,na,na,na,na,na,na,na,na,na,na,na,na,na,na,na,na,na,na,na,na,na,na,na,na,na,na,na,na,na,na,na,na,na,na,na,na,na,na,na,na,na,na,na,na,na,na,na,na,na,na,na,na,na,na,na,na,na,na,na,na,na,na,na,na,na,na,na,na,na,na,na,na,na,na,na,na,na,na,na,na,na,na,na,na,na,na,na,na,na,na,na,na,na,na,na,na,na,na,na,na,na,na,na,na,na,na,na,na,na,na,na,na,na,na,na,na,na,na,na,na,na,na,na,na,na,na,na,na,na,na,na,na,na,na,na,na,na,na,na,na,na,na,na,na,na,na,na,na,na,na,na,na,na,na,na,na,na,na,na,na,na,na,na,na,na,na,na,na,na,na,na,na,na,na,na,na,na,na,na,na,na,na,na,na,na,na,na,na,na,na,na,na,na,na,na,na,na,na,na,na,na,na,na,na,na,na,na,na,na,na,na,na,na,na,na,na,na,na,na,na,na,na,na,na,na,na,na,na,na,na,na,na,na,na,na,na,na,na,na,na,na,na,na,na,na,na,na,na,na,na,na,na,na,na,na,na,na,na,na,na,na,na,na,na,na,na,na,na,na,na,na,na,na,na,na,na,na,na,na,na,na,na,na,na,na,na,na,na,na,na,na,na,na,na,na,na,na,na,na,na,na,na,na,na,na,na,na,na,na,na,na,na,na,na,na,na,na,na,na,na,na,na,na,na,na,na,na,na,na,na,na,na,na,na,na,na,na,na,na,na,na,na,na,na,na,na,na,na,na,na,na,na,na,na,na,na,na,na,na,na,na,na,na,na,na,na,na,na,na,na,na,na,na,na,na,na,na,na,na,na,na,na,na,na,na,na,na,na,na,na,na,na,na,na,na,na,na
95,            Non-Durable Household Goods,100.375,99.964,99.965,101.278,100.18,100.89,101.567,100.266,101.449,99.114,100.522,100.403,99.526,100.403,98.932,99.196,100.49,100.607,100.14,99.677,100.189,99.915,100.145,100.117,100.024,99.764,99.252,99.253,98.577,97.551,97.791,98.2,97.562,96.473,96.183,96.729,95.024,95.13,94.606,94.14,93.805,94.102,92.588,91.494,91.517,90.043,91.263,91.843,91.234,91.323,91.948,91.049,91.05,91.866,92.255,91.319,89.686,89.565,90.453,91.745,91.68,93.555,92.306,92.141,92.886,92.384,92.416,92.097,91.24,90.082,90.23,90.871,91.172,89.872,90.655,90.856,90.738,90.972,91.397,91.098,91.273,90.853,91.506,91.462,91.236,91.436,91.637,90.706,90.771,91.626,91.473,91.69,90.637,91.141,91.295,91.801,91.134,91.429,91.102,90.907,90.222,90.908,91.437,91.436,91.706,90.79,90.831,91.445,92.322,92.137,92.02,91.186,92.204,91.777,92.051,91.665,91.522,91.404,90.986,91.411,91.43,91.261,91.125,92.291,93.363,92.991,92.833,92.58,92.905,92.775,na,na,na,na,na,na,na,na,na,na,na,na,na,na,na,na,na,na,na,na,na,na,na,na,na,na,na,na,na,na,na,na,na,na,na,na,na,na,na,na,na,na,na,na,na,na,na,na,na,na,na,na,na,na,na,na,na,na,na,na,na,na,na,na,na,na,na,na,na,na,na,na,na,na,na,na,na,na,na,na,na,na,na,na,na,na,na,na,na,na,na,na,na,na,na,na,na,na,na,na,na,na,na,na,na,na,na,na,na,na,na,na,na,na,na,na,na,na,na,na,na,na,na,na,na,na,na,na,na,na,na,na,na,na,na,na,na,na,na,na,na,na,na,na,na,na,na,na,na,na,na,na,na,na,na,na,na,na,na,na,na,na,na,na,na,na,na,na,na,na,na,na,na,na,na,na,na,na,na,na,na,na,na,na,na,na,na,na,na,na,na,na,na,na,na,na,na,na,na,na,na,na,na,na,na,na,na,na,na,na,na,na,na,na,na,na,na,na,na,na,na,na,na,na,na,na,na,na,na,na,na,na,na,na,na,na,na,na,na,na,na,na,na,na,na,na,na,na,na,na,na,na,na,na,na,na,na,na,na,na,na,na,na,na,na,na,na,na,na,na,na,na,na,na,na,na,na,na,na,na,na,na,na,na,na,na,na,na,na,na,na,na,na,na,na,na,na,na,na,na,na,na,na,na,na,na,na,na,na,na,na,na,na,na,na,na,na,na,na,na,na,na,na,na,na,na,na,na,na,na,na,na,na,na,na,na,na,na,na,na,na,na,na,na,na,na,na,na,na,na,na,na,na,na,na,na,na,na,na,na,na,na,na,na,na,na,na,na,na,na,na,na,na,na,na,na,na,na,na,na,na,na,na,na,na,na,na,na,na,na,na,na,na,na,na,na,na,na,na,na,na,na,na,na,na,na,na,na,na,na,na,na,na,na,na,na,na,na,na,na,na,na,na,na,na,na,na,na,na,na,na,na,na,na,na,na,na,na,na,na,na,na,na,na,na,na,na,na,na,na,na,na,na,na,na,na,na,na,na,na,na,na,na,na,na,na,na,na,na,na,na,na,na,na,na,na,na,na,na,na,na,na,na,na,na,na,na,na,na,na,na,na,na,na,na,na,na,na,na,na,na,na,na,na,na,na,na,na,na,na,na,na,na,na,na,na,na,na,na,na,na,na,na,na,na,na,na,na,na,na,na,na,na,na,na,na,na,na,na,na,na,na,na,na,na,na,na,na,na,na,na,na,na,na,na,na,na,na,na,na,na,na,na,na,na,na,na,na,na,na,na,na,na,na,na,na,na,na,na,na,na,na,na,na,na,na,na,na,na,na,na,na,na,na,na,na,na,na,na,na,na,na,na,na,na,na,na,na,na,na,na,na,na,na,na,na,na,na,na,na,na,na,na,na,na,na,na,na,na,na,na,na,na,na,na,na,na,na,na,na,na,na,na,na,na,na,na,na
96,            Domestic Services & Household Services,100.355,100.252,100.105,100.105,100.061,99.991,99.986,99.986,99.986,100.381,99.974,99.982,99.982,100.051,100.051,99.954,100.026,100.026,100.026,99.932,100.067,99.932,99.453,99.453,99.453,99.453,99.386,99.386,99.258,99.007,98.795,98.786,98.786,98.781,97.976,97.95,97.95,97.664,97.664,97.647,97.562,97.562,97.499,97.298,97.298,97.298,97.317,97.109,97.109,97.109,97.109,97.024,96.236,96.236,96.204,96.176,96.255,96.04,95.204,95.204,95.059,94.976,94.951,94.916,94.893,94.893,94.893,94.849,94.883,94.846,94.846,94.846,94.846,94.885,94.885,94.736,94.736,94.736,94.736,93.879,93.841,93.702,93.237,93.237,93.237,93.237,93.033,92.912,92.839,92.81,92.798,92.705,92.437,92.404,92.303,92.115,92.145,91.922,91.829,91.798,91.309,91.215,91.018,90.775,90.409,89.966,89.758,89.758,89.661,89.504,89.449,89.449,89.449,89.234,88.935,87.908,87.439,85.859,85.505,85.227,84.899,84.718,84.608,84.27,84.139,84.139,88.596,88.406,88.245,87.909,na,na,na,na,na,na,na,na,na,na,na,na,na,na,na,na,na,na,na,na,na,na,na,na,na,na,na,na,na,na,na,na,na,na,na,na,na,na,na,na,na,na,na,na,na,na,na,na,na,na,na,na,na,na,na,na,na,na,na,na,na,na,na,na,na,na,na,na,na,na,na,na,na,na,na,na,na,na,na,na,na,na,na,na,na,na,na,na,na,na,na,na,na,na,na,na,na,na,na,na,na,na,na,na,na,na,na,na,na,na,na,na,na,na,na,na,na,na,na,na,na,na,na,na,na,na,na,na,na,na,na,na,na,na,na,na,na,na,na,na,na,na,na,na,na,na,na,na,na,na,na,na,na,na,na,na,na,na,na,na,na,na,na,na,na,na,na,na,na,na,na,na,na,na,na,na,na,na,na,na,na,na,na,na,na,na,na,na,na,na,na,na,na,na,na,na,na,na,na,na,na,na,na,na,na,na,na,na,na,na,na,na,na,na,na,na,na,na,na,na,na,na,na,na,na,na,na,na,na,na,na,na,na,na,na,na,na,na,na,na,na,na,na,na,na,na,na,na,na,na,na,na,na,na,na,na,na,na,na,na,na,na,na,na,na,na,na,na,na,na,na,na,na,na,na,na,na,na,na,na,na,na,na,na,na,na,na,na,na,na,na,na,na,na,na,na,na,na,na,na,na,na,na,na,na,na,na,na,na,na,na,na,na,na,na,na,na,na,na,na,na,na,na,na,na,na,na,na,na,na,na,na,na,na,na,na,na,na,na,na,na,na,na,na,na,na,na,na,na,na,na,na,na,na,na,na,na,na,na,na,na,na,na,na,na,na,na,na,na,na,na,na,na,na,na,na,na,na,na,na,na,na,na,na,na,na,na,na,na,na,na,na,na,na,na,na,na,na,na,na,na,na,na,na,na,na,na,na,na,na,na,na,na,na,na,na,na,na,na,na,na,na,na,na,na,na,na,na,na,na,na,na,na,na,na,na,na,na,na,na,na,na,na,na,na,na,na,na,na,na,na,na,na,na,na,na,na,na,na,na,na,na,na,na,na,na,na,na,na,na,na,na,na,na,na,na,na,na,na,na,na,na,na,na,na,na,na,na,na,na,na,na,na,na,na,na,na,na,na,na,na,na,na,na,na,na,na,na,na,na,na,na,na,na,na,na,na,na,na,na,na,na,na,na,na,na,na,na,na,na,na,na,na,na,na,na,na,na,na,na,na,na,na,na,na,na,na,na,na,na,na,na,na,na,na,na,na,na,na,na,na,na,na,na,na,na,na,na,na,na,na,na,na,na,na,na,na,na,na,na,na,na,na,na,na,na,na,na,na,na,na,na,na,na,na,na,na,na,na,na,na,na,na,na,na,na,na,na,na,na,na,na,na,na,na,na,na,na,na,na,na,na,na,na,na,na,na,na,na,na,na,na,na,na,na,na,na,na,na,na,na,na,na,na,na,na,na,na
97,            Other Insurance Nec,103.62,103.62,103.62,103.283,103.283,103.283,103.283,103.283,103.283,102.949,102.949,102.949,102.949,99.017,99.017,99.017,99.017,99.017,99.017,99.017,99.017,99.017,na,na,na,na,na,na,na,na,na,na,na,na,na,na,na,na,na,na,na,na,na,na,na,na,na,na,na,na,na,na,na,na,na,na,na,na,na,na,na,na,na,na,na,na,na,na,na,na,na,na,na,na,na,na,na,na,na,na,na,na,na,na,na,na,na,na,na,na,na,na,na,na,na,na,na,na,na,na,na,na,na,na,na,na,na,na,na,na,na,na,na,na,na,na,na,na,na,na,na,na,na,na,na,na,na,na,na,na,na,na,na,na,na,na,na,na,na,na,na,na,na,na,na,na,na,na,na,na,na,na,na,na,na,na,na,na,na,na,na,na,na,na,na,na,na,na,na,na,na,na,na,na,na,na,na,na,na,na,na,na,na,na,na,na,na,na,na,na,na,na,na,na,na,na,na,na,na,na,na,na,na,na,na,na,na,na,na,na,na,na,na,na,na,na,na,na,na,na,na,na,na,na,na,na,na,na,na,na,na,na,na,na,na,na,na,na,na,na,na,na,na,na,na,na,na,na,na,na,na,na,na,na,na,na,na,na,na,na,na,na,na,na,na,na,na,na,na,na,na,na,na,na,na,na,na,na,na,na,na,na,na,na,na,na,na,na,na,na,na,na,na,na,na,na,na,na,na,na,na,na,na,na,na,na,na,na,na,na,na,na,na,na,na,na,na,na,na,na,na,na,na,na,na,na,na,na,na,na,na,na,na,na,na,na,na,na,na,na,na,na,na,na,na,na,na,na,na,na,na,na,na,na,na,na,na,na,na,na,na,na,na,na,na,na,na,na,na,na,na,na,na,na,na,na,na,na,na,na,na,na,na,na,na,na,na,na,na,na,na,na,na,na,na,na,na,na,na,na,na,na,na,na,na,na,na,na,na,na,na,na,na,na,na,na,na,na,na,na,na,na,na,na,na,na,na,na,na,na,na,na,na,na,na,na,na,na,na,na,na,na,na,na,na,na,na,na,na,na,na,na,na,na,na,na,na,na,na,na,na,na,na,na,na,na,na,na,na,na,na,na,na,na,na,na,na,na,na,na,na,na,na,na,na,na,na,na,na,na,na,na,na,na,na,na,na,na,na,na,na,na,na,na,na,na,na,na,na,na,na,na,na,na,na,na,na,na,na,na,na,na,na,na,na,na,na,na,na,na,na,na,na,na,na,na,na,na,na,na,na,na,na,na,na,na,na,na,na,na,na,na,na,na,na,na,na,na,na,na,na,na,na,na,na,na,na,na,na,na,na,na,na,na,na,na,na,na,na,na,na,na,na,na,na,na,na,na,na,na,na,na,na,na,na,na,na,na,na,na,na,na,na,na,na,na,na,na,na,na,na,na,na,na,na,na,na,na,na,na,na,na,na,na,na,na,na,na,na,na,na,na,na,na,na,na,na,na,na,na,na,na,na,na,na,na,na,na,na,na,na,na,na,na,na,na,na,na,na,na,na,na,na,na,na,na,na,na,na,na,na,na,na,na,na,na,na,na,na,na,na,na,na,na,na,na,na,na,na,na,na,na,na,na,na,na,na,na,na,na,na,na,na,na,na,na,na,na,na,na,na,na,na,na,na,na,na,na,na,na,na,na,na,na,na,na,na,na,na,na,na,na,na,na,na,na,na,na,na,na,na,na,na,na,na,na,na,na,na,na,na,na,na,na,na,na,na,na,na,na,na,na,na,na,na,na,na,na,na,na,na,na,na,na,na,na,na,na
98,    Health,103.916,102.855,102.698,102.613,102.798,102.808,102.263,100.946,100.776,100.732,100.485,100.307,99.889,101.453,100.361,100.181,100.008,100.122,99.753,99.201,99.02,99.223,97.853,97.743,97.947,97.392,96.988,96.569,96.239,95.339,95.305,94.554,94.559,94.362,93.131,92.936,93.09,93.162,92.971,92.88,91.632,91.139,91.434,90.947,90.915,90.758,90.342,90.477,90.563,90.582,90.542,90.462,89.922,89.981,89.949,89.939,89.261,89.278,89,89.15,89.039,89.036,89.03,89.047,88.942,89.08,89.115,88.984,89.378,89.381,89.31,89.59,90.551,90.799,90.774,90.762,90.503,90.828,90.782,90.663,90.734,90.583,89.818,89.497,89.574,89.656,89.853,89.727,89.52,89.457,89.446,88.982,88.951,88.756,88.319,88.09,88.007,87.903,88.056,87.987,87.44,87.392,87.658,87.099,86.803,86.776,86.707,86.32,86.08,85.749,85.841,85.491,85.244,85.275,85.047,84.668,84.528,84.575,84.221,84.203,85.284,85.191,85.172,85.153,84.763,84.541,84.186,84.13,84.007,84.049,84.916,84.817,84.857,84.73,85.719,85.583,85.008,84.696,84.55,84.308,83.897,83.582,83.426,83.202,83.134,83.035,83.027,82.957,82.535,82.178,81.734,81.561,80.999,80.697,80.387,80.277,80.139,79.877,79.957,79.827,79.023,78.737,78.869,78.319,78.164,77.799,76.831,76.449,76.2,75.992,75.933,75.868,75.635,75.591,75.68,75.378,75.443,75.413,74.79,74.756,74.757,74.523,74.596,74.562,73.955,73.746,73.697,73.271,73.187,73.26,72.915,72.978,72.954,72.907,72.717,72.88,72.596,72.559,72.576,72.65,72.707,72.583,71.974,72.068,72.007,71.875,71.888,71.72,71.303,71.196,71.172,70.824,70.766,70.552,69.684,69.198,69.123,68.865,68.875,68.705,67.288,66.991,66.589,65.968,65.864,65.517,65.409,65.399,65.309,65.21,65.129,65.161,65.088,65.083,65.015,64.806,64.827,64.871,64.684,64.799,64.771,64.634,64.585,64.592,64.421,64.367,64.471,64.319,64.395,64.395,64.322,64.313,64.284,64.331,64.324,64.295,64.03,64.006,64.16,64.091,64.115,64.03,60.841,60.96,60.93,60.85,60.836,60.818,60.568,60.501,60.531,60.383,60.373,60.348,60.106,60.078,60.075,59.825,59.729,59.783,59.629,59.614,59.573,59.52,58.135,58.134,58.104,58.098,58.1,58.001,58,58.017,57.899,57.852,57.716,57.429,57.409,57.407,56.988,56.777,56.737,56.408,56.407,56.158,56.088,56.017,55.691,55.673,55.692,55.61,55.566,55.565,55.639,55.545,55.579,55.619,55.485,55.492,55.47,55.674,55.674,55.676,55.548,55.55,55.527,55.594,55.531,55.375,55.388,55.358,55.356,55.4,55.343,55.257,54.651,54.614,54.644,54.234,53.332,53.334,53.314,53.048,52.864,52.238,52.232,52.167,52.128,52.139,52.153,51.955,51.824,51.483,51.609,51.608,51.326,51.3,51.224,51.085,50.91,50.909,50.913,50.887,50.87,50.449,50.45,50.445,50.43,50.425,50.418,50.413,50.223,50.217,50.225,50.045,50.033,50.034,49.979,49.836,49.808,49.559,49.551,49.3,49.275,49.162,49.162,49.141,49.051,49.062,48.43,47.737,47.703,47.645,47.639,47.535,47.331,47.346,47.139,47.067,47.066,47.061,46.96,46.523,46.519,46.409,46.324,46.35,46.292,46.284,46.068,46.048,45.974,45.872,45.729,45.482,45.291,45.303,45.078,45.014,43.056,43.08,43.071,42.909,42.737,42.155,41.648,41.548,41.466,41.324,41.281,40.543,40.435,40.391,40.322,40.278,40.233,39.819,39.723,39.694,39.678,39.648,39.56,39.559,39.468,39.396,39.088,39.085,39.007,38.976,38.825,38.694,38.662,38.46,38.439,38.388,38.314,38.309,38.274,38.267,38.268,38.242,38.256,38.242,38.238,37.436,37.435,37.435,37.479,37.496,37.513,37.542,37.527,37.553,37.568,37.558,37.488,37.541,37.568,37.522,37.518,37.516,37.567,37.569,37.594,37.772,37.765,37.622,37.696,37.651,37.675,37.689,37.359,37.425,37.504,37.566,37.636,37.473,36.896,36.889,36.707,36.642,36.569,36.563,33.585,33.487,33.196,33.163,33.162,33.162,32.924,32.912,32.882,32.673,32.672,32.643,31.125,30.976,30.978,30.962,30.959,30.971,30.224,30.222,29.983,29.845,29.834,29.802,29.723,29.47,29.31,29.246,29.148,29.146,28.775,28.626,28.53,28.477,28.421,28.219,27.925,27.686,27.684,27.628,27.625,27.575,27.062,27.06,27.028,26.612,26.523,26.424,26.146,26.109,26.08,26.059,25.654,25.3,24.968,24.914,24.905,24.909,24.905,24.868,24.795,24.748,24.715,24.7,24.691,24.658,24.487,24.481,24.456,24.229,24.107,24.1,23.633,23.621,23.582,23.582,23.483,23.483,23.483,23.483,23.483,23.483,23.481,23.477,23.256,23.255,23.264,23.255,23.193,23.193,23.188,23.188,23.006,23.006,23.008,23.014,23.008,23.008,23.008,23.008,23.008,22.671,22.352,22.339,22.315,22.026,21.961,21.831,21.747,21.602,21.611,21.241,21.223,21.161,21.372,21.372,21.34,20.645,20.343,20.337,18.77,18.764,18.761,18.72,17.816,17.783,17.74,17.631,17.615,17.599,17.611,17.605,17.602,17.602,17.602,17.602,17.517,17.517,17.517,17.517,17.429,17.517,17.779,17.244,17.602,17.602,17.602,17.602,17.871,18.052,17.787,17.787,17.787,17.787,17.787,17.787,17.787,17.787,17.787,17.787,17.787,17.787,17.787,17.787,17.787,17.787,17.787,17.787,17.787,17.787,17.787,17.787,17.787,17.787,17.787,17.787,17.787,17.787,17.787,17.787,17.067,16.797,16.797,16.262,16.262,16.262,16.262,16.262,16.262,16.262,16.262,16.262,16.178,16.178,16.178,16.178,16.178,16.178,16.178,16.178,16.178,16.178,16.178,16.178,16.178,16.178,16.178,16.178,16.178,16.178,16.178,16.178,16.178,16.178,16.178,16.178,16.178,16.178,16.178,16.178,16.178,16.178,16.178,16.178,16.178,16.178,16.178,16.178,16.178,16.178,16.178,16.178,16.178,16.178,16.178,16.178,16.178,16.178,16.178,16.178,16.178,16.178,16.178,16.178,16.178,16.178,16.178,16.178,16.178,16.178,16.178,16.178,16.178,16.178,16.178,16.178,16.178,16.178,16.178,16.178,16.178,16.178,16.178,16.262,16.178,16.178,16.178,16.178,16.178,16.178,16.178,16.178,16.178,16.178,16.178,16.178
99,        Medicines & Health Products,98.625,99.717,100.296,100.286,98.545,99.492,99.087,99.788,98.158,99.23,98.753,98.474,98.964,100.168,99.784,100.185,99.797,101.515,101.735,100.361,99.689,100.578,98.312,98.334,100.379,99.296,99.367,98.955,98.656,97.367,98.332,97.224,97.897,97.446,98.555,98.306,98.091,98.434,97.264,97.797,97.256,94.756,97.035,95.557,96.04,95.971,94.629,95.859,96.25,96.294,96.601,96.773,95.052,94.867,96.588,96.287,95.493,95.141,94.612,95.711,95.469,95.725,95.791,96.034,95.385,96.404,97.218,96.671,96.4,94.657,95.222,97.032,96.375,96.557,96.439,96.792,96.36,98.487,98.307,98.086,98.705,98.278,96.829,95.94,97.106,97.731,99.202,98.787,98.172,98.144,98.232,98.694,98.856,98.819,98.033,97.341,97.988,97.692,98.679,98.683,97.157,97.684,99.044,98.576,97.416,97.814,98.711,98.003,98.095,98.356,99,98.196,97.868,98.541,98.208,97.505,97.699,98.79,97.903,98.622,98.552,98.703,98.506,99.182,99.036,98.894,98.109,98.322,98.564,99.108,98.474,98.746,98.928,98.578,98.819,98.33,97.765,97.703,98.054,97.575,97.833,96.586,97.375,97.368,97.731,97.449,97.603,97.546,96.546,96.074,97.115,97.283,96.83,96.892,96.457,96.214,95.993,95.554,95.947,95.603,93.787,92.994,94.021,93.681,93.526,93.468,92.498,93.159,93.059,92.549,92.582,92.305,91.313,91.281,92.095,91.029,91.549,91.367,90.825,90.69,90.613,89.438,90.094,90.146,89.076,89.481,89.586,88.031,88.239,89.235,88.876,89.31,89.12,88.997,88.087,89.059,87.848,87.609,87.771,88.07,88.514,87.725,87.982,88.625,88.582,88.627,88.782,88.718,88.146,88.159,88.394,88.151,88.038,87.679,86.965,86.394,86.349,85.434,85.369,84.726,82.215,81.531,81.494,80.824,81.026,80.586,80.612,80.88,80.792,80.597,80.318,80.515,80.583,80.551,80.264,79.625,79.746,79.315,78.524,79.214,79.07,79.11,78.914,78.982,78.317,78.068,78.601,78.326,79.394,79.467,na,na,na,na,na,na,na,na,na,na,na,na,na,na,na,na,na,na,na,na,na,na,na,na,na,na,na,na,na,na,na,na,na,na,na,na,na,na,na,na,na,na,na,na,na,na,na,na,na,na,na,na,na,na,na,na,na,na,na,na,na,na,na,na,na,na,na,na,na,na,na,na,na,na,na,na,na,na,na,na,na,na,na,na,na,na,na,na,na,na,na,na,na,na,na,na,na,na,na,na,na,na,na,na,na,na,na,na,na,na,na,na,na,na,na,na,na,na,na,na,na,na,na,na,na,na,na,na,na,na,na,na,na,na,na,na,na,na,na,na,na,na,na,na,na,na,na,na,na,na,na,na,na,na,na,na,na,na,na,na,na,na,na,na,na,na,na,na,na,na,na,na,na,na,na,na,na,na,na,na,na,na,na,na,na,na,na,na,na,na,na,na,na,na,na,na,na,na,na,na,na,na,na,na,na,na,na,na,na,na,na,na,na,na,na,na,na,na,na,na,na,na,na,na,na,na,na,na,na,na,na,na,na,na,na,na,na,na,na,na,na,na,na,na,na,na,na,na,na,na,na,na,na,na,na,na,na,na,na,na,na,na,na,na,na,na,na,na,na,na,na,na,na,na,na,na,na,na,na,na,na,na,na,na,na,na,na,na,na,na,na,na,na,na,na,na,na,na,na,na,na,na,na,na,na,na,na,na,na,na,na,na,na,na,na,na,na,na,na,na,na,na,na,na,na,na,na,na,na,na,na,na,na,na,na,na,na,na,na,na,na,na,na,na,na,na,na,na,na,na,na,na,na,na,na,na,na,na,na,na,na,na,na,na,na,na,na,na,na,na,na,na,na,na,na,na,na,na,na,na,na,na,na,na,na,na,na,na,na,na,na,na,na,na,na,na,na,na,na,na,na,na,na,na,na,na,na,na,na,na,na,na,na,na,na,na,na,na,na,na,na,na,na,na,na,na,na,na,na,na,na,na,na,na,na,na,na,na,na,na,na,na,na,na,na,na,na,na,na,na,na,na,na,na,na,na,na,na,na,na,na,na,na,na,na,na,na,na,na,na,na,na,na,na,na,na,na,na,na,na,na,na,na,na,na,na,na,na,na,na,na,na,na,na,na,na,na,na,na,na,na,na,na,na,na,na,na,na,na,na,na,na,na,na,na,na,na,na,na,na,na,na,na,na,na,na,na,na
100,            Medicines & Health Supplements,99.112,99.828,100.466,100.554,98.35,99.445,99.073,99.909,97.241,99.005,97.693,97.138,99.059,100.698,100.162,100.766,99.749,101.991,102.42,100.463,99.297,100.566,97.899,98.105,100.547,99.22,99.096,98.731,98.437,96.701,97.993,96.485,97.234,96.805,97.916,97.664,97.484,97.985,96.662,97.271,96.697,93.486,96.26,94.73,95.32,95.133,93.647,95.046,95.42,95.844,96.075,96.265,93.962,93.587,95.771,95.374,94.321,93.978,93.347,94.53,94.182,94.323,94.423,94.615,94.1,95.488,96.399,95.477,95.274,93.104,93.827,96.321,95.314,95.518,95.576,95.954,95.456,97.942,97.712,97.363,98.144,97.517,96.233,95.152,96.535,96.956,98.883,98.513,97.711,97.572,97.647,98.129,98.298,98.359,97.329,96.675,97.396,96.628,98.01,98.031,96.199,96.647,98.377,98.082,96.668,97.19,97.962,97.568,97.723,97.54,98.327,97.333,96.812,97.487,97.238,96.54,96.618,98.069,96.999,97.681,97.536,97.711,97.462,98.23,98.151,97.93,97.041,97.206,97.539,98.174,na,na,na,na,na,na,na,na,na,na,na,na,na,na,na,na,na,na,na,na,na,na,na,na,na,na,na,na,na,na,na,na,na,na,na,na,na,na,na,na,na,na,na,na,na,na,na,na,na,na,na,na,na,na,na,na,na,na,na,na,na,na,na,na,na,na,na,na,na,na,na,na,na,na,na,na,na,na,na,na,na,na,na,na,na,na,na,na,na,na,na,na,na,na,na,na,na,na,na,na,na,na,na,na,na,na,na,na,na,na,na,na,na,na,na,na,na,na,na,na,na,na,na,na,na,na,na,na,na,na,na,na,na,na,na,na,na,na,na,na,na,na,na,na,na,na,na,na,na,na,na,na,na,na,na,na,na,na,na,na,na,na,na,na,na,na,na,na,na,na,na,na,na,na,na,na,na,na,na,na,na,na,na,na,na,na,na,na,na,na,na,na,na,na,na,na,na,na,na,na,na,na,na,na,na,na,na,na,na,na,na,na,na,na,na,na,na,na,na,na,na,na,na,na,na,na,na,na,na,na,na,na,na,na,na,na,na,na,na,na,na,na,na,na,na,na,na,na,na,na,na,na,na,na,na,na,na,na,na,na,na,na,na,na,na,na,na,na,na,na,na,na,na,na,na,na,na,na,na,na,na,na,na,na,na,na,na,na,na,na,na,na,na,na,na,na,na,na,na,na,na,na,na,na,na,na,na,na,na,na,na,na,na,na,na,na,na,na,na,na,na,na,na,na,na,na,na,na,na,na,na,na,na,na,na,na,na,na,na,na,na,na,na,na,na,na,na,na,na,na,na,na,na,na,na,na,na,na,na,na,na,na,na,na,na,na,na,na,na,na,na,na,na,na,na,na,na,na,na,na,na,na,na,na,na,na,na,na,na,na,na,na,na,na,na,na,na,na,na,na,na,na,na,na,na,na,na,na,na,na,na,na,na,na,na,na,na,na,na,na,na,na,na,na,na,na,na,na,na,na,na,na,na,na,na,na,na,na,na,na,na,na,na,na,na,na,na,na,na,na,na,na,na,na,na,na,na,na,na,na,na,na,na,na,na,na,na,na,na,na,na,na,na,na,na,na,na,na,na,na,na,na,na,na,na,na,na,na,na,na,na,na,na,na,na,na,na,na,na,na,na,na,na,na,na,na,na,na,na,na,na,na,na,na,na,na,na,na,na,na,na,na,na,na,na,na,na,na,na,na,na,na,na,na,na,na,na,na,na,na,na,na,na,na,na,na,na,na,na,na,na,na,na,na,na,na,na,na,na,na,na,na,na,na,na,na,na,na,na,na,na,na,na,na,na,na,na,na,na,na,na,na,na,na,na,na,na,na,na,na,na,na,na,na,na,na,na,na,na,na,na,na,na,na,na,na,na,na,na,na,na,na,na,na,na,na,na,na,na,na,na,na,na,na,na,na,na,na,na,na,na,na,na,na,na,na,na,na,na,na,na,na,na,na,na,na,na,na
101,            Medical Products,96.186,96.502,96.053,97.279,95.235,96.224,95.719,97.284,97.963,98.636,98.105,98.866,99.59,99.051,98.691,99.558,98.023,100.004,98.445,102.58,102.65,104.44,na,na,na,na,na,na,na,na,na,na,na,na,na,na,na,na,na,na,na,na,na,na,na,na,na,na,na,na,na,na,na,na,na,na,na,na,na,na,na,na,na,na,na,na,na,na,na,na,na,na,na,na,na,na,na,na,na,na,na,na,na,na,na,na,na,na,na,na,na,na,na,na,na,na,na,na,na,na,na,na,na,na,na,na,na,na,na,na,na,na,na,na,na,na,na,na,na,na,na,na,na,na,na,na,na,na,na,na,na,na,na,na,na,na,na,na,na,na,na,na,na,na,na,na,na,na,na,na,na,na,na,na,na,na,na,na,na,na,na,na,na,na,na,na,na,na,na,na,na,na,na,na,na,na,na,na,na,na,na,na,na,na,na,na,na,na,na,na,na,na,na,na,na,na,na,na,na,na,na,na,na,na,na,na,na,na,na,na,na,na,na,na,na,na,na,na,na,na,na,na,na,na,na,na,na,na,na,na,na,na,na,na,na,na,na,na,na,na,na,na,na,na,na,na,na,na,na,na,na,na,na,na,na,na,na,na,na,na,na,na,na,na,na,na,na,na,na,na,na,na,na,na,na,na,na,na,na,na,na,na,na,na,na,na,na,na,na,na,na,na,na,na,na,na,na,na,na,na,na,na,na,na,na,na,na,na,na,na,na,na,na,na,na,na,na,na,na,na,na,na,na,na,na,na,na,na,na,na,na,na,na,na,na,na,na,na,na,na,na,na,na,na,na,na,na,na,na,na,na,na,na,na,na,na,na,na,na,na,na,na,na,na,na,na,na,na,na,na,na,na,na,na,na,na,na,na,na,na,na,na,na,na,na,na,na,na,na,na,na,na,na,na,na,na,na,na,na,na,na,na,na,na,na,na,na,na,na,na,na,na,na,na,na,na,na,na,na,na,na,na,na,na,na,na,na,na,na,na,na,na,na,na,na,na,na,na,na,na,na,na,na,na,na,na,na,na,na,na,na,na,na,na,na,na,na,na,na,na,na,na,na,na,na,na,na,na,na,na,na,na,na,na,na,na,na,na,na,na,na,na,na,na,na,na,na,na,na,na,na,na,na,na,na,na,na,na,na,na,na,na,na,na,na,na,na,na,na,na,na,na,na,na,na,na,na,na,na,na,na,na,na,na,na,na,na,na,na,na,na,na,na,na,na,na,na,na,na,na,na,na,na,na,na,na,na,na,na,na,na,na,na,na,na,na,na,na,na,na,na,na,na,na,na,na,na,na,na,na,na,na,na,na,na,na,na,na,na,na,na,na,na,na,na,na,na,na,na,na,na,na,na,na,na,na,na,na,na,na,na,na,na,na,na,na,na,na,na,na,na,na,na,na,na,na,na,na,na,na,na,na,na,na,na,na,na,na,na,na,na,na,na,na,na,na,na,na,na,na,na,na,na,na,na,na,na,na,na,na,na,na,na,na,na,na,na,na,na,na,na,na,na,na,na,na,na,na,na,na,na,na,na,na,na,na,na,na,na,na,na,na,na,na,na,na,na,na,na,na,na,na,na,na,na,na,na,na,na,na,na,na,na,na,na,na,na,na,na,na,na,na,na,na,na,na,na,na,na,na,na,na,na,na,na,na,na,na,na,na,na,na,na,na,na,na,na,na,na,na,na,na,na,na,na,na,na,na,na,na,na,na,na,na,na,na,na,na,na,na,na,na,na,na,na,na,na,na,na,na,na,na,na,na,na,na,na,na
102,            Assistive Products,97.8,99.938,100.53,100.09,99.533,100.111,99.639,99.875,100.445,99.877,101.461,101.704,98.635,99.034,99.02,98.85,100.189,100.577,100.556,99.767,100.197,100.012,na,na,na,na,na,na,na,na,na,na,na,na,na,na,na,na,na,na,na,na,na,na,na,na,na,na,na,na,na,na,na,na,na,na,na,na,na,na,na,na,na,na,na,na,na,na,na,na,na,na,na,na,na,na,na,na,na,na,na,na,na,na,na,na,na,na,na,na,na,na,na,na,na,na,na,na,na,na,na,na,na,na,na,na,na,na,na,na,na,na,na,na,na,na,na,na,na,na,na,na,na,na,na,na,na,na,na,na,na,na,na,na,na,na,na,na,na,na,na,na,na,na,na,na,na,na,na,na,na,na,na,na,na,na,na,na,na,na,na,na,na,na,na,na,na,na,na,na,na,na,na,na,na,na,na,na,na,na,na,na,na,na,na,na,na,na,na,na,na,na,na,na,na,na,na,na,na,na,na,na,na,na,na,na,na,na,na,na,na,na,na,na,na,na,na,na,na,na,na,na,na,na,na,na,na,na,na,na,na,na,na,na,na,na,na,na,na,na,na,na,na,na,na,na,na,na,na,na,na,na,na,na,na,na,na,na,na,na,na,na,na,na,na,na,na,na,na,na,na,na,na,na,na,na,na,na,na,na,na,na,na,na,na,na,na,na,na,na,na,na,na,na,na,na,na,na,na,na,na,na,na,na,na,na,na,na,na,na,na,na,na,na,na,na,na,na,na,na,na,na,na,na,na,na,na,na,na,na,na,na,na,na,na,na,na,na,na,na,na,na,na,na,na,na,na,na,na,na,na,na,na,na,na,na,na,na,na,na,na,na,na,na,na,na,na,na,na,na,na,na,na,na,na,na,na,na,na,na,na,na,na,na,na,na,na,na,na,na,na,na,na,na,na,na,na,na,na,na,na,na,na,na,na,na,na,na,na,na,na,na,na,na,na,na,na,na,na,na,na,na,na,na,na,na,na,na,na,na,na,na,na,na,na,na,na,na,na,na,na,na,na,na,na,na,na,na,na,na,na,na,na,na,na,na,na,na,na,na,na,na,na,na,na,na,na,na,na,na,na,na,na,na,na,na,na,na,na,na,na,na,na,na,na,na,na,na,na,na,na,na,na,na,na,na,na,na,na,na,na,na,na,na,na,na,na,na,na,na,na,na,na,na,na,na,na,na,na,na,na,na,na,na,na,na,na,na,na,na,na,na,na,na,na,na,na,na,na,na,na,na,na,na,na,na,na,na,na,na,na,na,na,na,na,na,na,na,na,na,na,na,na,na,na,na,na,na,na,na,na,na,na,na,na,na,na,na,na,na,na,na,na,na,na,na,na,na,na,na,na,na,na,na,na,na,na,na,na,na,na,na,na,na,na,na,na,na,na,na,na,na,na,na,na,na,na,na,na,na,na,na,na,na,na,na,na,na,na,na,na,na,na,na,na,na,na,na,na,na,na,na,na,na,na,na,na,na,na,na,na,na,na,na,na,na,na,na,na,na,na,na,na,na,na,na,na,na,na,na,na,na,na,na,na,na,na,na,na,na,na,na,na,na,na,na,na,na,na,na,na,na,na,na,na,na,na,na,na,na,na,na,na,na,na,na,na,na,na,na,na,na,na,na,na,na,na,na,na,na,na,na,na,na,na,na,na,na,na,na,na,na,na,na,na,na,na,na,na,na,na,na,na,na,na,na,na,na,na,na,na,na,na,na,na,na,na,na,na,na,na,na,na,na,na,na,na,na,na,na,na,na,na,na,na,na,na,na
103,        Outpatient Care Services,99.685,99.789,99.499,99.275,100.067,99.904,99.902,99.798,99.767,99.636,99.516,99.392,99.315,100.889,100.542,100.33,100.258,100.119,100.07,99.929,99.701,99.941,98.148,97.932,97.788,97.105,96.422,96.059,95.707,95.389,95.151,94.812,94.591,94.307,92.04,91.943,92.895,92.729,92.532,92.285,89.574,89.294,89.317,89.267,89.067,88.897,88.743,88.606,88.54,88.506,88.403,88.195,87.999,88.118,88.18,88.092,87.974,88.233,88.169,88.088,87.998,87.903,87.86,87.814,87.84,87.836,87.653,87.65,88.702,89.42,89.35,89.314,92.143,92.444,92.394,92.309,92.28,92.233,92.25,92.157,92.106,92.012,91.074,90.805,90.755,90.943,90.736,90.627,90.533,90.469,90.407,89.977,89.813,89.677,89.543,89.47,89.382,89.23,89.152,89.13,88.97,88.822,89.102,88.606,88.498,88.443,88.135,88.086,87.92,87.366,87.314,87.064,86.826,86.633,86.498,86.074,85.888,85.673,85.371,85.143,85.274,85.22,85.274,85.008,84.657,84.54,84.248,83.91,83.484,83.418,87.177,87.161,87.214,87.111,90.137,90.086,89.585,89.051,88.811,88.561,88.467,88.575,87.587,87.494,87.389,87.221,87.137,87.087,86.704,86.532,86.265,86.132,86.128,85.762,85.142,84.95,84.866,84.491,84.483,84.447,83.659,83.611,83.617,82.81,82.539,82.363,80.523,80.245,80.175,79.98,79.984,79.981,79.8,79.754,79.709,79.367,79.356,79.366,79,78.959,78.953,78.856,78.837,78.777,77.864,77.691,77.535,77.179,77.096,76.976,76.324,76.292,76.266,76.192,76.16,76.163,75.956,75.967,75.961,75.915,75.939,75.969,74.67,74.641,74.634,74.491,74.475,74.385,74.134,73.831,73.774,72.96,72.953,72.935,71.954,71.574,71.576,71.246,71.234,71.183,69.708,69.476,68.977,68.252,67.853,67.816,67.695,67.695,67.643,67.451,67.451,67.451,67.179,67.179,67.117,66.903,66.903,67.263,67.149,67.149,67.133,66.885,66.918,66.918,66.767,66.729,66.791,66.628,66.628,66.628,na,na,na,na,na,na,na,na,na,na,na,na,na,na,na,na,na,na,na,na,na,na,na,na,na,na,na,na,na,na,na,na,na,na,na,na,na,na,na,na,na,na,na,na,na,na,na,na,na,na,na,na,na,na,na,na,na,na,na,na,na,na,na,na,na,na,na,na,na,na,na,na,na,na,na,na,na,na,na,na,na,na,na,na,na,na,na,na,na,na,na,na,na,na,na,na,na,na,na,na,na,na,na,na,na,na,na,na,na,na,na,na,na,na,na,na,na,na,na,na,na,na,na,na,na,na,na,na,na,na,na,na,na,na,na,na,na,na,na,na,na,na,na,na,na,na,na,na,na,na,na,na,na,na,na,na,na,na,na,na,na,na,na,na,na,na,na,na,na,na,na,na,na,na,na,na,na,na,na,na,na,na,na,na,na,na,na,na,na,na,na,na,na,na,na,na,na,na,na,na,na,na,na,na,na,na,na,na,na,na,na,na,na,na,na,na,na,na,na,na,na,na,na,na,na,na,na,na,na,na,na,na,na,na,na,na,na,na,na,na,na,na,na,na,na,na,na,na,na,na,na,na,na,na,na,na,na,na,na,na,na,na,na,na,na,na,na,na,na,na,na,na,na,na,na,na,na,na,na,na,na,na,na,na,na,na,na,na,na,na,na,na,na,na,na,na,na,na,na,na,na,na,na,na,na,na,na,na,na,na,na,na,na,na,na,na,na,na,na,na,na,na,na,na,na,na,na,na,na,na,na,na,na,na,na,na,na,na,na,na,na,na,na,na,na,na,na,na,na,na,na,na,na,na,na,na,na,na,na,na,na,na,na,na,na,na,na,na,na,na,na,na,na,na,na,na,na,na,na,na,na,na,na,na,na,na,na,na,na,na,na,na,na,na,na,na,na,na,na,na,na,na,na,na,na,na,na,na,na,na,na,na,na,na,na,na,na,na,na,na,na,na,na,na,na,na,na,na,na,na,na,na,na,na,na,na,na,na,na,na,na,na,na,na,na,na,na,na,na,na,na,na,na,na,na,na,na,na,na,na,na,na,na,na,na,na,na,na,na,na,na,na,na,na,na,na,na,na,na,na,na,na,na,na,na,na,na,na,na,na,na,na,na,na,na,na,na,na,na,na,na,na,na,na,na,na,na,na,na,na,na,na,na,na,na,na,na,na,na,na,na,na,na,na,na,na,na,na
104,            Fees At Polyclinics,105.376,104.763,103.977,103.083,103.083,103.083,103.083,101.407,101.407,101.407,100.444,100.444,100.444,101.271,99.81,99.81,99.81,99.81,99.81,99.803,99.315,99.227,99.094,99.094,99.094,92.229,90.874,90.874,90.878,90.878,90.211,89.026,89.026,89.026,88.195,88.195,87.074,84.273,83.333,83.185,76.806,76.806,76.806,76.806,76.806,76.806,76.806,76.806,76.806,76.806,76.627,75.893,75.893,75.893,75.893,75.895,75.895,75.895,75.895,75.895,75.895,75.895,75.895,75.895,75.895,75.895,75.895,75.853,79.192,81.549,81.549,81.549,86.436,87.011,87.011,87.011,87.011,87.011,87.011,87.011,87.011,87.011,86.922,86.377,86.121,86.121,86.121,86.121,86.121,86.121,86.121,86.121,86.121,86.121,86.121,86.121,86.121,86.121,86.121,85.727,85.25,85.25,85.25,85.25,85.25,85.25,85.25,85.25,85.25,84.401,84.307,83.848,83.291,83.291,83.291,83.291,83.291,83.291,83.291,83.291,83.194,83.194,83.291,83.291,82.242,82.242,82.242,81.118,81.118,81.118,na,na,na,na,na,na,na,na,na,na,na,na,na,na,na,na,na,na,na,na,na,na,na,na,na,na,na,na,na,na,na,na,na,na,na,na,na,na,na,na,na,na,na,na,na,na,na,na,na,na,na,na,na,na,na,na,na,na,na,na,na,na,na,na,na,na,na,na,na,na,na,na,na,na,na,na,na,na,na,na,na,na,na,na,na,na,na,na,na,na,na,na,na,na,na,na,na,na,na,na,na,na,na,na,na,na,na,na,na,na,na,na,na,na,na,na,na,na,na,na,na,na,na,na,na,na,na,na,na,na,na,na,na,na,na,na,na,na,na,na,na,na,na,na,na,na,na,na,na,na,na,na,na,na,na,na,na,na,na,na,na,na,na,na,na,na,na,na,na,na,na,na,na,na,na,na,na,na,na,na,na,na,na,na,na,na,na,na,na,na,na,na,na,na,na,na,na,na,na,na,na,na,na,na,na,na,na,na,na,na,na,na,na,na,na,na,na,na,na,na,na,na,na,na,na,na,na,na,na,na,na,na,na,na,na,na,na,na,na,na,na,na,na,na,na,na,na,na,na,na,na,na,na,na,na,na,na,na,na,na,na,na,na,na,na,na,na,na,na,na,na,na,na,na,na,na,na,na,na,na,na,na,na,na,na,na,na,na,na,na,na,na,na,na,na,na,na,na,na,na,na,na,na,na,na,na,na,na,na,na,na,na,na,na,na,na,na,na,na,na,na,na,na,na,na,na,na,na,na,na,na,na,na,na,na,na,na,na,na,na,na,na,na,na,na,na,na,na,na,na,na,na,na,na,na,na,na,na,na,na,na,na,na,na,na,na,na,na,na,na,na,na,na,na,na,na,na,na,na,na,na,na,na,na,na,na,na,na,na,na,na,na,na,na,na,na,na,na,na,na,na,na,na,na,na,na,na,na,na,na,na,na,na,na,na,na,na,na,na,na,na,na,na,na,na,na,na,na,na,na,na,na,na,na,na,na,na,na,na,na,na,na,na,na,na,na,na,na,na,na,na,na,na,na,na,na,na,na,na,na,na,na,na,na,na,na,na,na,na,na,na,na,na,na,na,na,na,na,na,na,na,na,na,na,na,na,na,na,na,na,na,na,na,na,na,na,na,na,na,na,na,na,na,na,na,na,na,na,na,na,na,na,na,na,na,na,na,na,na,na,na,na,na,na,na,na,na,na,na,na,na,na,na,na,na,na,na,na,na,na,na,na,na,na,na,na,na,na,na,na,na,na,na,na,na,na,na,na,na,na,na,na,na,na,na,na,na,na,na,na,na,na,na,na,na,na,na,na,na,na,na,na,na,na,na,na,na,na,na,na,na,na,na,na,na,na,na,na,na,na,na,na,na,na,na,na,na,na,na,na,na,na,na,na,na,na,na,na,na,na,na,na,na,na,na,na,na,na,na,na,na,na,na,na,na,na,na,na,na,na,na,na,na,na,na,na,na,na
105,            Fees At General Practitioners (GP) Clinics,101.245,101.226,101.215,100.86,100.86,100.649,100.425,100.322,100.181,99.88,99.692,99.56,99.554,100.792,100.409,100.075,99.855,99.617,99.621,99.488,98.776,102.559,98.112,97.483,97.259,97.081,96.961,96.645,96.047,95.927,94.905,94.836,93.415,93.191,92.733,92.525,91.13,90.833,90.783,89.931,69.613,69.58,69.58,69.556,69.549,70.198,70.143,70.886,70.39,70.205,70.201,69.956,69.941,71.125,72.708,72.73,72.658,74.134,73.989,73.825,73.893,73.763,73.642,73.304,73.163,73.123,72.937,72.81,82.399,87.838,87.731,87.612,98.681,99.67,99.587,99.481,99.479,99.28,98.865,98.808,98.636,98.636,97.645,96.93,96.949,96.853,96.544,96.325,96.26,96.077,96.074,95.963,95.577,95.26,94.966,94.924,94.924,94.924,94.768,94.71,94.468,94.375,94.18,94.013,93.604,93.546,93.44,93.317,93.057,93.023,92.846,92.399,92.327,91.777,91.67,91.543,91.303,91.268,91.232,90.226,89.981,90.624,91.222,91.123,90.88,90.882,90.524,89.57,89.57,89.57,na,na,na,na,na,na,na,na,na,na,na,na,na,na,na,na,na,na,na,na,na,na,na,na,na,na,na,na,na,na,na,na,na,na,na,na,na,na,na,na,na,na,na,na,na,na,na,na,na,na,na,na,na,na,na,na,na,na,na,na,na,na,na,na,na,na,na,na,na,na,na,na,na,na,na,na,na,na,na,na,na,na,na,na,na,na,na,na,na,na,na,na,na,na,na,na,na,na,na,na,na,na,na,na,na,na,na,na,na,na,na,na,na,na,na,na,na,na,na,na,na,na,na,na,na,na,na,na,na,na,na,na,na,na,na,na,na,na,na,na,na,na,na,na,na,na,na,na,na,na,na,na,na,na,na,na,na,na,na,na,na,na,na,na,na,na,na,na,na,na,na,na,na,na,na,na,na,na,na,na,na,na,na,na,na,na,na,na,na,na,na,na,na,na,na,na,na,na,na,na,na,na,na,na,na,na,na,na,na,na,na,na,na,na,na,na,na,na,na,na,na,na,na,na,na,na,na,na,na,na,na,na,na,na,na,na,na,na,na,na,na,na,na,na,na,na,na,na,na,na,na,na,na,na,na,na,na,na,na,na,na,na,na,na,na,na,na,na,na,na,na,na,na,na,na,na,na,na,na,na,na,na,na,na,na,na,na,na,na,na,na,na,na,na,na,na,na,na,na,na,na,na,na,na,na,na,na,na,na,na,na,na,na,na,na,na,na,na,na,na,na,na,na,na,na,na,na,na,na,na,na,na,na,na,na,na,na,na,na,na,na,na,na,na,na,na,na,na,na,na,na,na,na,na,na,na,na,na,na,na,na,na,na,na,na,na,na,na,na,na,na,na,na,na,na,na,na,na,na,na,na,na,na,na,na,na,na,na,na,na,na,na,na,na,na,na,na,na,na,na,na,na,na,na,na,na,na,na,na,na,na,na,na,na,na,na,na,na,na,na,na,na,na,na,na,na,na,na,na,na,na,na,na,na,na,na,na,na,na,na,na,na,na,na,na,na,na,na,na,na,na,na,na,na,na,na,na,na,na,na,na,na,na,na,na,na,na,na,na,na,na,na,na,na,na,na,na,na,na,na,na,na,na,na,na,na,na,na,na,na,na,na,na,na,na,na,na,na,na,na,na,na,na,na,na,na,na,na,na,na,na,na,na,na,na,na,na,na,na,na,na,na,na,na,na,na,na,na,na,na,na,na,na,na,na,na,na,na,na,na,na,na,na,na,na,na,na,na,na,na,na,na,na,na,na,na,na,na,na,na,na,na,na,na,na,na,na,na,na,na,na,na,na,na,na,na,na,na,na,na,na,na,na,na,na,na,na,na,na,na,na,na,na,na,na,na,na,na,na,na,na,na,na,na,na,na,na,na,na,na,na,na,na,na,na,na,na,na,na,na,na,na,na,na,na,na,na,na,na,na,na,na,na,na,na,na,na,na,na,na,na,na,na,na,na,na,na,na
106,            Fees At Specialist Outpatient Clinics,98.508,98.286,98.025,98.028,99.037,98.884,98.953,99.088,99.061,98.904,99.007,98.822,98.82,100.75,100.55,100.431,100.525,100.387,100.408,100.21,100.05,100.038,98.362,98.274,98.214,98.024,97.057,96.644,96.374,95.841,95.727,95.544,95.407,95.27,92.346,92.269,94.592,94.904,94.707,94.553,94.547,94.358,94.399,94.354,94.264,94.206,93.975,93.612,93.716,93.689,93.687,93.599,93.151,93.193,93.094,92.935,93,93.225,93.198,93.188,93.016,92.929,92.874,92.859,93.052,93.052,92.782,92.775,92.551,92.551,92.536,92.5,93.156,93.371,93.305,93.216,93.211,93.191,93.185,93.087,93.026,92.858,91.538,91.388,91.314,91.314,91.279,91.188,91.093,91.057,91,90.175,90.03,89.935,89.809,89.726,89.529,89.202,89.172,89.207,88.916,88.629,89.364,88.979,88.943,88.847,88.671,88.612,88.484,87.611,87.592,87.327,87.092,87.045,86.918,86.066,85.767,85.711,85.354,85.351,86.061,85.632,85.491,85.113,84.654,84.48,84.172,84.065,83.325,83.227,na,na,na,na,na,na,na,na,na,na,na,na,na,na,na,na,na,na,na,na,na,na,na,na,na,na,na,na,na,na,na,na,na,na,na,na,na,na,na,na,na,na,na,na,na,na,na,na,na,na,na,na,na,na,na,na,na,na,na,na,na,na,na,na,na,na,na,na,na,na,na,na,na,na,na,na,na,na,na,na,na,na,na,na,na,na,na,na,na,na,na,na,na,na,na,na,na,na,na,na,na,na,na,na,na,na,na,na,na,na,na,na,na,na,na,na,na,na,na,na,na,na,na,na,na,na,na,na,na,na,na,na,na,na,na,na,na,na,na,na,na,na,na,na,na,na,na,na,na,na,na,na,na,na,na,na,na,na,na,na,na,na,na,na,na,na,na,na,na,na,na,na,na,na,na,na,na,na,na,na,na,na,na,na,na,na,na,na,na,na,na,na,na,na,na,na,na,na,na,na,na,na,na,na,na,na,na,na,na,na,na,na,na,na,na,na,na,na,na,na,na,na,na,na,na,na,na,na,na,na,na,na,na,na,na,na,na,na,na,na,na,na,na,na,na,na,na,na,na,na,na,na,na,na,na,na,na,na,na,na,na,na,na,na,na,na,na,na,na,na,na,na,na,na,na,na,na,na,na,na,na,na,na,na,na,na,na,na,na,na,na,na,na,na,na,na,na,na,na,na,na,na,na,na,na,na,na,na,na,na,na,na,na,na,na,na,na,na,na,na,na,na,na,na,na,na,na,na,na,na,na,na,na,na,na,na,na,na,na,na,na,na,na,na,na,na,na,na,na,na,na,na,na,na,na,na,na,na,na,na,na,na,na,na,na,na,na,na,na,na,na,na,na,na,na,na,na,na,na,na,na,na,na,na,na,na,na,na,na,na,na,na,na,na,na,na,na,na,na,na,na,na,na,na,na,na,na,na,na,na,na,na,na,na,na,na,na,na,na,na,na,na,na,na,na,na,na,na,na,na,na,na,na,na,na,na,na,na,na,na,na,na,na,na,na,na,na,na,na,na,na,na,na,na,na,na,na,na,na,na,na,na,na,na,na,na,na,na,na,na,na,na,na,na,na,na,na,na,na,na,na,na,na,na,na,na,na,na,na,na,na,na,na,na,na,na,na,na,na,na,na,na,na,na,na,na,na,na,na,na,na,na,na,na,na,na,na,na,na,na,na,na,na,na,na,na,na,na,na,na,na,na,na,na,na,na,na,na,na,na,na,na,na,na,na,na,na,na,na,na,na,na,na,na,na,na,na,na,na,na,na,na,na,na,na,na,na,na,na,na,na,na,na,na,na,na,na,na,na,na,na,na,na,na,na,na,na,na,na,na,na,na,na,na,na,na,na,na,na,na,na,na,na,na,na,na,na,na,na,na,na,na,na,na,na,na,na,na,na,na,na,na,na,na,na,na,na,na,na,na,na,na,na,na,na,na,na,na,na,na,na,na,na,na,na,na,na,na
107,            Outpatient Dental Services,100.673,103.521,103.053,102.29,101.679,101.393,101.253,101.253,101.253,101.253,101.054,101.054,100.792,101.46,101.033,100.344,99.463,99.237,99.051,99.012,99.012,98.486,98.011,97.422,97.424,97.317,97.161,96.587,95.839,95.792,95.682,95.012,94.999,93.916,91.958,91.78,91.1,90.946,90.894,90.519,90.47,89.871,89.871,89.871,89.187,88.076,88.076,88.18,87.755,87.755,87.443,86.993,87.297,87.178,86.939,86.939,86.089,86.024,85.951,85.609,85.609,85.483,85.483,85.483,85.075,85.075,84.992,84.992,84.757,84.708,84.698,84.677,90.362,90.526,90.526,90.383,90.536,90.392,90.824,90.665,90.665,90.665,90.417,90.351,90.252,90.241,89.475,89.358,89.358,89.352,89.096,89.096,89.006,88.869,88.856,88.685,88.685,88.644,88.457,88.402,88.297,88.296,88.277,87.543,87.543,87.543,87.544,87.621,87.345,87.343,87.343,87.242,86.907,86.907,86.645,86.643,86.642,86.261,86.199,86.17,86.144,86.17,86.055,86.017,85.917,85.69,85.471,85.471,84.868,84.728,na,na,na,na,na,na,na,na,na,na,na,na,na,na,na,na,na,na,na,na,na,na,na,na,na,na,na,na,na,na,na,na,na,na,na,na,na,na,na,na,na,na,na,na,na,na,na,na,na,na,na,na,na,na,na,na,na,na,na,na,na,na,na,na,na,na,na,na,na,na,na,na,na,na,na,na,na,na,na,na,na,na,na,na,na,na,na,na,na,na,na,na,na,na,na,na,na,na,na,na,na,na,na,na,na,na,na,na,na,na,na,na,na,na,na,na,na,na,na,na,na,na,na,na,na,na,na,na,na,na,na,na,na,na,na,na,na,na,na,na,na,na,na,na,na,na,na,na,na,na,na,na,na,na,na,na,na,na,na,na,na,na,na,na,na,na,na,na,na,na,na,na,na,na,na,na,na,na,na,na,na,na,na,na,na,na,na,na,na,na,na,na,na,na,na,na,na,na,na,na,na,na,na,na,na,na,na,na,na,na,na,na,na,na,na,na,na,na,na,na,na,na,na,na,na,na,na,na,na,na,na,na,na,na,na,na,na,na,na,na,na,na,na,na,na,na,na,na,na,na,na,na,na,na,na,na,na,na,na,na,na,na,na,na,na,na,na,na,na,na,na,na,na,na,na,na,na,na,na,na,na,na,na,na,na,na,na,na,na,na,na,na,na,na,na,na,na,na,na,na,na,na,na,na,na,na,na,na,na,na,na,na,na,na,na,na,na,na,na,na,na,na,na,na,na,na,na,na,na,na,na,na,na,na,na,na,na,na,na,na,na,na,na,na,na,na,na,na,na,na,na,na,na,na,na,na,na,na,na,na,na,na,na,na,na,na,na,na,na,na,na,na,na,na,na,na,na,na,na,na,na,na,na,na,na,na,na,na,na,na,na,na,na,na,na,na,na,na,na,na,na,na,na,na,na,na,na,na,na,na,na,na,na,na,na,na,na,na,na,na,na,na,na,na,na,na,na,na,na,na,na,na,na,na,na,na,na,na,na,na,na,na,na,na,na,na,na,na,na,na,na,na,na,na,na,na,na,na,na,na,na,na,na,na,na,na,na,na,na,na,na,na,na,na,na,na,na,na,na,na,na,na,na,na,na,na,na,na,na,na,na,na,na,na,na,na,na,na,na,na,na,na,na,na,na,na,na,na,na,na,na,na,na,na,na,na,na,na,na,na,na,na,na,na,na,na,na,na,na,na,na,na,na,na,na,na,na,na,na,na,na,na,na,na,na,na,na,na,na,na,na,na,na,na,na,na,na,na,na,na,na,na,na,na,na,na,na,na,na,na,na,na,na,na,na,na,na,na,na,na,na,na,na,na,na,na,na,na,na,na,na,na,na,na,na,na,na,na,na,na,na,na,na,na,na,na,na,na,na,na,na,na,na,na,na,na,na,na,na,na,na,na,na,na,na,na,na,na,na,na,na,na,na,na,na,na,na,na,na,na,na,na,na,na,na,na,na,na
108,            Outpatient Care Services Nec,98.649,97.505,97.442,97.316,100.763,100.634,100.634,100.239,100.239,100.181,99.52,99.52,99.008,100.689,100.607,100.451,100.618,100.618,100.145,100.103,99.934,98.787,96.347,96.317,95.359,95.301,95.301,95.277,95.136,95.109,95.101,94.867,94.863,94.863,92.82,92.809,92.799,92.081,92.078,92.078,90.224,89.476,89.476,89.232,88.896,88.773,88.558,88.268,88.268,88.261,87.875,87.89,87.91,87.901,87.894,87.879,87.879,87.84,87.597,87.597,87.597,87.462,87.462,87.417,87.453,87.453,87.453,87.626,87.632,87.632,87.085,87.085,87.085,87.186,87.126,87.126,86.567,86.659,86.525,86.47,86.47,86.47,84.734,84.641,84.672,86.309,86.309,86.301,86,85.954,85.992,85.69,85.69,85.675,85.591,85.591,85.591,85.585,85.585,85.584,86.034,86.034,86.034,84.704,84.696,84.696,83.097,83.043,82.971,82.008,82.008,82.008,81.686,81.286,81.189,81.06,81.06,80.12,79.141,79.141,78.193,78.117,78.117,77.572,77.3,77.267,76.946,76.674,76.674,76.674,na,na,na,na,na,na,na,na,na,na,na,na,na,na,na,na,na,na,na,na,na,na,na,na,na,na,na,na,na,na,na,na,na,na,na,na,na,na,na,na,na,na,na,na,na,na,na,na,na,na,na,na,na,na,na,na,na,na,na,na,na,na,na,na,na,na,na,na,na,na,na,na,na,na,na,na,na,na,na,na,na,na,na,na,na,na,na,na,na,na,na,na,na,na,na,na,na,na,na,na,na,na,na,na,na,na,na,na,na,na,na,na,na,na,na,na,na,na,na,na,na,na,na,na,na,na,na,na,na,na,na,na,na,na,na,na,na,na,na,na,na,na,na,na,na,na,na,na,na,na,na,na,na,na,na,na,na,na,na,na,na,na,na,na,na,na,na,na,na,na,na,na,na,na,na,na,na,na,na,na,na,na,na,na,na,na,na,na,na,na,na,na,na,na,na,na,na,na,na,na,na,na,na,na,na,na,na,na,na,na,na,na,na,na,na,na,na,na,na,na,na,na,na,na,na,na,na,na,na,na,na,na,na,na,na,na,na,na,na,na,na,na,na,na,na,na,na,na,na,na,na,na,na,na,na,na,na,na,na,na,na,na,na,na,na,na,na,na,na,na,na,na,na,na,na,na,na,na,na,na,na,na,na,na,na,na,na,na,na,na,na,na,na,na,na,na,na,na,na,na,na,na,na,na,na,na,na,na,na,na,na,na,na,na,na,na,na,na,na,na,na,na,na,na,na,na,na,na,na,na,na,na,na,na,na,na,na,na,na,na,na,na,na,na,na,na,na,na,na,na,na,na,na,na,na,na,na,na,na,na,na,na,na,na,na,na,na,na,na,na,na,na,na,na,na,na,na,na,na,na,na,na,na,na,na,na,na,na,na,na,na,na,na,na,na,na,na,na,na,na,na,na,na,na,na,na,na,na,na,na,na,na,na,na,na,na,na,na,na,na,na,na,na,na,na,na,na,na,na,na,na,na,na,na,na,na,na,na,na,na,na,na,na,na,na,na,na,na,na,na,na,na,na,na,na,na,na,na,na,na,na,na,na,na,na,na,na,na,na,na,na,na,na,na,na,na,na,na,na,na,na,na,na,na,na,na,na,na,na,na,na,na,na,na,na,na,na,na,na,na,na,na,na,na,na,na,na,na,na,na,na,na,na,na,na,na,na,na,na,na,na,na,na,na,na,na,na,na,na,na,na,na,na,na,na,na,na,na,na,na,na,na,na,na,na,na,na,na,na,na,na,na,na,na,na,na,na,na,na,na,na,na,na,na,na,na,na,na,na,na,na,na,na,na,na,na,na,na,na,na,na,na,na,na,na,na,na,na,na,na,na,na,na,na,na,na,na,na,na,na,na,na,na,na,na,na,na,na,na,na,na,na,na,na,na,na,na,na,na,na,na,na,na,na,na,na,na,na,na,na,na,na,na,na,na,na,na,na,na,na,na,na,na,na,na,na,na,na
109,        Inpatient Care Services,100.593,99.972,99.62,99.661,99.711,99.7,99.734,99.65,99.634,99.277,98.861,98.449,98.354,101.665,101.119,100.627,100.213,100.279,100.281,100.113,100.021,100.021,98.009,97.924,97.812,97.466,96.988,96.25,95.702,93.534,93.337,92.64,92.587,92.569,91.568,91.121,91.015,91.461,91.876,91.736,91.649,91.816,91.59,90.721,90.609,90.361,89.846,89.819,90.016,90.136,89.949,89.953,89.29,89.471,89.27,89.186,89.325,89.195,88.538,88.544,88.433,88.406,88.413,88.397,88.359,88.239,88.197,88.036,88.06,88.038,87.507,87.487,87.05,87.528,87.616,87.468,86.742,86.738,86.668,86.513,86.47,86.364,86.197,85.996,85.698,85.495,85.5,85.47,85.292,85.203,85.196,84.168,84.14,83.807,83.211,82.998,82.562,82.568,82.569,82.41,81.867,81.623,81.616,80.836,80.718,80.608,80.404,79.791,79.276,78.672,78.653,78.398,78.147,78.105,77.804,77.567,77.3,77.111,77.015,76.827,79.665,79.42,79.42,79.277,78.724,78.35,78.026,78.056,77.961,77.874,77.473,77.108,77.093,77.019,76.898,76.817,76.026,75.664,75.347,75.147,74.042,73.814,73.603,72.993,72.712,72.725,72.721,72.584,72.209,72.035,71.604,71.137,70.805,70.214,70.151,70.127,69.921,69.748,69.804,69.608,68.858,68.444,68.385,67.751,67.657,66.91,66.387,65.264,64.627,64.552,64.344,64.288,64.269,64.193,64.094,64.064,64.008,64.001,63.106,63.116,63.165,63.151,63.066,63.003,62.878,62.192,62.163,62.03,61.747,61.576,61.373,61.387,61.441,61.441,61.387,61.389,61.371,61.368,61.344,61.469,61.387,61.379,61.115,61.104,60.963,60.869,60.845,60.461,59.724,59.742,59.63,59.481,59.436,59.309,58.819,57.517,57.326,57.344,57.415,57.291,56.261,56.08,55.458,54.652,54.657,53.923,53.731,53.591,53.459,53.46,53.397,53.397,53.394,53.396,53.398,53.352,53.357,53.338,53.329,53.337,53.337,53.18,53.092,53.08,53.08,53.078,53.075,52.931,52.658,52.652,na,na,na,na,na,na,na,na,na,na,na,na,na,na,na,na,na,na,na,na,na,na,na,na,na,na,na,na,na,na,na,na,na,na,na,na,na,na,na,na,na,na,na,na,na,na,na,na,na,na,na,na,na,na,na,na,na,na,na,na,na,na,na,na,na,na,na,na,na,na,na,na,na,na,na,na,na,na,na,na,na,na,na,na,na,na,na,na,na,na,na,na,na,na,na,na,na,na,na,na,na,na,na,na,na,na,na,na,na,na,na,na,na,na,na,na,na,na,na,na,na,na,na,na,na,na,na,na,na,na,na,na,na,na,na,na,na,na,na,na,na,na,na,na,na,na,na,na,na,na,na,na,na,na,na,na,na,na,na,na,na,na,na,na,na,na,na,na,na,na,na,na,na,na,na,na,na,na,na,na,na,na,na,na,na,na,na,na,na,na,na,na,na,na,na,na,na,na,na,na,na,na,na,na,na,na,na,na,na,na,na,na,na,na,na,na,na,na,na,na,na,na,na,na,na,na,na,na,na,na,na,na,na,na,na,na,na,na,na,na,na,na,na,na,na,na,na,na,na,na,na,na,na,na,na,na,na,na,na,na,na,na,na,na,na,na,na,na,na,na,na,na,na,na,na,na,na,na,na,na,na,na,na,na,na,na,na,na,na,na,na,na,na,na,na,na,na,na,na,na,na,na,na,na,na,na,na,na,na,na,na,na,na,na,na,na,na,na,na,na,na,na,na,na,na,na,na,na,na,na,na,na,na,na,na,na,na,na,na,na,na,na,na,na,na,na,na,na,na,na,na,na,na,na,na,na,na,na,na,na,na,na,na,na,na,na,na,na,na,na,na,na,na,na,na,na,na,na,na,na,na,na,na,na,na,na,na,na,na,na,na,na,na,na,na,na,na,na,na,na,na,na,na,na,na,na,na,na,na,na,na,na,na,na,na,na,na,na,na,na,na,na,na,na,na,na,na,na,na,na,na,na,na,na,na,na,na,na,na,na,na,na,na,na,na,na,na,na,na,na,na,na,na,na,na,na,na,na,na,na,na,na,na,na,na,na,na,na,na,na,na,na,na,na,na,na,na,na,na,na,na,na,na,na,na,na,na,na,na,na,na,na,na,na,na,na,na,na,na,na,na,na,na,na,na,na,na,na,na,na,na,na,na,na,na,na,na,na,na,na,na,na,na,na,na,na,na,na
110,        Other Health Services,102.665,102.327,102.125,102.015,101.992,101.711,101.711,101.662,101.596,101.448,100.695,100.635,100.635,101.154,100.547,100.005,99.636,99.533,99.533,99.252,99.242,99.137,98.321,98.234,98.116,97.923,97.537,96.812,96.792,96.654,95.631,95.286,95.26,95.26,91.824,91.689,91.112,90.591,90.238,90.146,89.886,89.797,89.845,89.572,89.524,89.42,89.271,89.179,89.177,89.131,89.06,88.563,88.238,88.152,87.894,87.749,87.747,87.742,87.615,87.615,87.615,87.615,87.615,87.615,87.626,87.626,87.332,87.321,87.229,87.196,87.034,87.034,87.025,86.523,86.416,86.416,86.414,86.276,86.145,85.996,85.996,85.666,84.68,84.639,84.625,84.451,84.317,84.158,84.192,84.094,83.99,83.6,83.637,83.219,82.926,82.926,82.857,82.711,82.69,82.665,82.35,82.302,82.242,81.759,81.558,81.503,81.261,81.078,80.969,81.573,81.573,80.858,80.446,80.117,79.878,79.288,78.957,78.761,77.991,77.899,76.733,76.556,76.556,76.485,75.508,75.158,75.158,75.114,75.113,75.092,74.84,74.803,74.736,74.662,76.258,76.223,75.906,75.665,75.386,75.418,75.412,74.901,73.332,73.286,73.192,73.192,73.125,73.125,72.95,72.909,72.884,72.673,72.414,72.328,72.186,72.239,72.083,71.94,71.94,71.94,71.933,71.765,71.347,70.912,70.776,69.585,69.283,68.357,68.174,67.528,67.512,67.512,67.512,67.512,67.512,67.508,67.508,67.495,65.359,65.359,65.359,65.359,65.28,65.229,65.184,65.091,64.998,64.93,64.883,64.879,64.865,64.814,64.814,64.814,64.734,64.734,64.656,64.656,64.656,64.009,63.999,63.999,64,64,63.846,63.846,63.846,63.702,63.547,63.335,63.149,62.51,62.079,60.085,59.918,60.238,60.238,60.238,60.238,60.16,58.931,58.107,58.107,58.107,58.107,58.107,57.697,57.632,57.417,57.417,57.137,57.137,57.374,57.374,57.374,57.084,57.084,56.972,56.68,56.68,56.68,56.68,56.739,56.739,56.54,56.54,56.488,56.488,56.488,56.285,na,na,na,na,na,na,na,na,na,na,na,na,na,na,na,na,na,na,na,na,na,na,na,na,na,na,na,na,na,na,na,na,na,na,na,na,na,na,na,na,na,na,na,na,na,na,na,na,na,na,na,na,na,na,na,na,na,na,na,na,na,na,na,na,na,na,na,na,na,na,na,na,na,na,na,na,na,na,na,na,na,na,na,na,na,na,na,na,na,na,na,na,na,na,na,na,na,na,na,na,na,na,na,na,na,na,na,na,na,na,na,na,na,na,na,na,na,na,na,na,na,na,na,na,na,na,na,na,na,na,na,na,na,na,na,na,na,na,na,na,na,na,na,na,na,na,na,na,na,na,na,na,na,na,na,na,na,na,na,na,na,na,na,na,na,na,na,na,na,na,na,na,na,na,na,na,na,na,na,na,na,na,na,na,na,na,na,na,na,na,na,na,na,na,na,na,na,na,na,na,na,na,na,na,na,na,na,na,na,na,na,na,na,na,na,na,na,na,na,na,na,na,na,na,na,na,na,na,na,na,na,na,na,na,na,na,na,na,na,na,na,na,na,na,na,na,na,na,na,na,na,na,na,na,na,na,na,na,na,na,na,na,na,na,na,na,na,na,na,na,na,na,na,na,na,na,na,na,na,na,na,na,na,na,na,na,na,na,na,na,na,na,na,na,na,na,na,na,na,na,na,na,na,na,na,na,na,na,na,na,na,na,na,na,na,na,na,na,na,na,na,na,na,na,na,na,na,na,na,na,na,na,na,na,na,na,na,na,na,na,na,na,na,na,na,na,na,na,na,na,na,na,na,na,na,na,na,na,na,na,na,na,na,na,na,na,na,na,na,na,na,na,na,na,na,na,na,na,na,na,na,na,na,na,na,na,na,na,na,na,na,na,na,na,na,na,na,na,na,na,na,na,na,na,na,na,na,na,na,na,na,na,na,na,na,na,na,na,na,na,na,na,na,na,na,na,na,na,na,na,na,na,na,na,na,na,na,na,na,na,na,na,na,na,na,na,na,na,na,na,na,na,na,na,na,na,na,na,na,na,na,na,na,na,na,na,na,na,na,na,na,na,na,na,na,na,na,na,na,na,na,na,na,na,na,na,na,na,na,na,na,na,na,na,na,na,na,na,na,na,na,na,na,na,na,na,na,na,na,na,na,na,na,na,na,na,na,na,na,na,na,na,na,na,na,na,na,na
111,            Diagnostic Imaging Services & Medical Laboratory Services,102.509,102.27,102.19,102.063,102.037,101.714,101.714,101.658,101.582,101.411,100.545,100.476,100.476,101.073,100.614,100.105,99.68,99.562,99.562,99.355,99.344,99.21,na,na,na,na,na,na,na,na,na,na,na,na,na,na,na,na,na,na,na,na,na,na,na,na,na,na,na,na,na,na,na,na,na,na,na,na,na,na,na,na,na,na,na,na,na,na,na,na,na,na,na,na,na,na,na,na,na,na,na,na,na,na,na,na,na,na,na,na,na,na,na,na,na,na,na,na,na,na,na,na,na,na,na,na,na,na,na,na,na,na,na,na,na,na,na,na,na,na,na,na,na,na,na,na,na,na,na,na,na,na,na,na,na,na,na,na,na,na,na,na,na,na,na,na,na,na,na,na,na,na,na,na,na,na,na,na,na,na,na,na,na,na,na,na,na,na,na,na,na,na,na,na,na,na,na,na,na,na,na,na,na,na,na,na,na,na,na,na,na,na,na,na,na,na,na,na,na,na,na,na,na,na,na,na,na,na,na,na,na,na,na,na,na,na,na,na,na,na,na,na,na,na,na,na,na,na,na,na,na,na,na,na,na,na,na,na,na,na,na,na,na,na,na,na,na,na,na,na,na,na,na,na,na,na,na,na,na,na,na,na,na,na,na,na,na,na,na,na,na,na,na,na,na,na,na,na,na,na,na,na,na,na,na,na,na,na,na,na,na,na,na,na,na,na,na,na,na,na,na,na,na,na,na,na,na,na,na,na,na,na,na,na,na,na,na,na,na,na,na,na,na,na,na,na,na,na,na,na,na,na,na,na,na,na,na,na,na,na,na,na,na,na,na,na,na,na,na,na,na,na,na,na,na,na,na,na,na,na,na,na,na,na,na,na,na,na,na,na,na,na,na,na,na,na,na,na,na,na,na,na,na,na,na,na,na,na,na,na,na,na,na,na,na,na,na,na,na,na,na,na,na,na,na,na,na,na,na,na,na,na,na,na,na,na,na,na,na,na,na,na,na,na,na,na,na,na,na,na,na,na,na,na,na,na,na,na,na,na,na,na,na,na,na,na,na,na,na,na,na,na,na,na,na,na,na,na,na,na,na,na,na,na,na,na,na,na,na,na,na,na,na,na,na,na,na,na,na,na,na,na,na,na,na,na,na,na,na,na,na,na,na,na,na,na,na,na,na,na,na,na,na,na,na,na,na,na,na,na,na,na,na,na,na,na,na,na,na,na,na,na,na,na,na,na,na,na,na,na,na,na,na,na,na,na,na,na,na,na,na,na,na,na,na,na,na,na,na,na,na,na,na,na,na,na,na,na,na,na,na,na,na,na,na,na,na,na,na,na,na,na,na,na,na,na,na,na,na,na,na,na,na,na,na,na,na,na,na,na,na,na,na,na,na,na,na,na,na,na,na,na,na,na,na,na,na,na,na,na,na,na,na,na,na,na,na,na,na,na,na,na,na,na,na,na,na,na,na,na,na,na,na,na,na,na,na,na,na,na,na,na,na,na,na,na,na,na,na,na,na,na,na,na,na,na,na,na,na,na,na,na,na,na,na,na,na,na,na,na,na,na,na,na,na,na,na,na,na,na,na,na,na,na,na,na,na,na,na,na,na,na,na,na,na,na,na,na,na,na,na,na,na,na,na,na,na,na,na,na,na,na,na,na,na,na,na,na,na,na,na,na,na,na,na,na,na,na,na,na,na,na,na,na,na,na,na,na,na,na,na,na,na,na,na,na,na,na,na,na,na,na,na,na,na,na,na,na,na,na,na,na,na,na,na,na,na,na,na,na,na,na,na,na,na,na,na,na
112,            Patient Emergency Transportation Services & Emergency Rescue,103.703,102.706,101.692,101.692,101.692,101.692,101.692,101.692,101.692,101.692,101.692,101.692,101.692,101.692,100.097,99.339,99.339,99.339,99.339,98.564,98.564,98.652,na,na,na,na,na,na,na,na,na,na,na,na,na,na,na,na,na,na,na,na,na,na,na,na,na,na,na,na,na,na,na,na,na,na,na,na,na,na,na,na,na,na,na,na,na,na,na,na,na,na,na,na,na,na,na,na,na,na,na,na,na,na,na,na,na,na,na,na,na,na,na,na,na,na,na,na,na,na,na,na,na,na,na,na,na,na,na,na,na,na,na,na,na,na,na,na,na,na,na,na,na,na,na,na,na,na,na,na,na,na,na,na,na,na,na,na,na,na,na,na,na,na,na,na,na,na,na,na,na,na,na,na,na,na,na,na,na,na,na,na,na,na,na,na,na,na,na,na,na,na,na,na,na,na,na,na,na,na,na,na,na,na,na,na,na,na,na,na,na,na,na,na,na,na,na,na,na,na,na,na,na,na,na,na,na,na,na,na,na,na,na,na,na,na,na,na,na,na,na,na,na,na,na,na,na,na,na,na,na,na,na,na,na,na,na,na,na,na,na,na,na,na,na,na,na,na,na,na,na,na,na,na,na,na,na,na,na,na,na,na,na,na,na,na,na,na,na,na,na,na,na,na,na,na,na,na,na,na,na,na,na,na,na,na,na,na,na,na,na,na,na,na,na,na,na,na,na,na,na,na,na,na,na,na,na,na,na,na,na,na,na,na,na,na,na,na,na,na,na,na,na,na,na,na,na,na,na,na,na,na,na,na,na,na,na,na,na,na,na,na,na,na,na,na,na,na,na,na,na,na,na,na,na,na,na,na,na,na,na,na,na,na,na,na,na,na,na,na,na,na,na,na,na,na,na,na,na,na,na,na,na,na,na,na,na,na,na,na,na,na,na,na,na,na,na,na,na,na,na,na,na,na,na,na,na,na,na,na,na,na,na,na,na,na,na,na,na,na,na,na,na,na,na,na,na,na,na,na,na,na,na,na,na,na,na,na,na,na,na,na,na,na,na,na,na,na,na,na,na,na,na,na,na,na,na,na,na,na,na,na,na,na,na,na,na,na,na,na,na,na,na,na,na,na,na,na,na,na,na,na,na,na,na,na,na,na,na,na,na,na,na,na,na,na,na,na,na,na,na,na,na,na,na,na,na,na,na,na,na,na,na,na,na,na,na,na,na,na,na,na,na,na,na,na,na,na,na,na,na,na,na,na,na,na,na,na,na,na,na,na,na,na,na,na,na,na,na,na,na,na,na,na,na,na,na,na,na,na,na,na,na,na,na,na,na,na,na,na,na,na,na,na,na,na,na,na,na,na,na,na,na,na,na,na,na,na,na,na,na,na,na,na,na,na,na,na,na,na,na,na,na,na,na,na,na,na,na,na,na,na,na,na,na,na,na,na,na,na,na,na,na,na,na,na,na,na,na,na,na,na,na,na,na,na,na,na,na,na,na,na,na,na,na,na,na,na,na,na,na,na,na,na,na,na,na,na,na,na,na,na,na,na,na,na,na,na,na,na,na,na,na,na,na,na,na,na,na,na,na,na,na,na,na,na,na,na,na,na,na,na,na,na,na,na,na,na,na,na,na,na,na,na,na,na,na,na,na,na,na,na,na,na,na,na,na,na,na,na,na,na,na,na,na,na,na,na,na,na,na,na,na,na,na,na,na,na,na,na,na,na,na,na,na,na,na,na,na,na,na,na,na,na,na,na,na,na,na,na,na,na,na,na,na,na,na,na,na,na,na,na,na,na,na,na,na,na
113,        Health Insurance,117.816,113.103,113.103,113.117,113.117,113.117,110.811,104.912,104.912,104.912,104.746,104.746,102.913,102.87,99.436,99.44,99.44,99.44,97.788,96.363,96.363,96.455,95.914,95.914,95.609,95.609,95.609,95.687,95.687,95.49,95.49,93.653,93.653,93.653,93.081,93.081,91.925,91.925,91.925,91.636,91.636,91.636,91.343,91.343,91.343,91.27,91.27,91.27,91.27,91.27,91.27,91.27,91.27,91.27,89.154,89.931,85.928,85.928,85.928,85.928,85.88,85.88,85.88,85.88,85.88,85.88,85.88,85.88,85.88,85.88,85.88,85.88,85.88,85.88,85.88,85.88,85.88,85.88,85.88,85.88,85.88,85.88,85.832,85.832,85.832,85.832,85.832,85.832,85.832,85.832,85.832,85.832,85.832,85.832,85.713,85.713,85.713,85.713,85.713,85.713,85.713,85.713,85.05,85.05,85.05,84.632,84.113,84.113,84.113,84.113,84.113,84.113,84.113,84.113,84.113,84.035,84.035,84.035,83.662,83.662,83.662,83.662,83.662,83.662,83.662,83.662,83.662,83.662,83.662,83.662,83.662,83.662,83.662,83.662,83.662,83.662,83.662,83.811,83.811,83.776,83.776,83.627,83.703,83.703,83.703,83.703,83.703,83.703,83.703,82.419,79.339,79.339,76.451,76.451,76.451,76.451,76.451,76.451,76.451,76.451,76.451,76.451,76.451,76.451,76.451,76.451,76.422,76.422,76.422,76.422,76.422,76.422,76.422,76.422,76.422,76.422,76.422,76.422,76.301,76.301,76.301,76.301,76.301,76.301,75.691,75.691,75.691,75.691,75.691,75.691,75.691,75.691,75.691,75.681,75.627,75.627,75.608,75.608,75.608,75.89,75.89,75.89,74.879,74.879,74.879,74.397,74.397,74.397,74.397,74.397,74.397,74.791,74.791,74.791,72.786,74.843,74.843,74.843,74.843,74.843,74.125,74.125,74.125,74.46,74.46,74.46,74.662,74.662,74.662,74.662,74.662,74.662,74.662,74.662,74.662,74.662,74.662,74.662,74.662,74.662,74.662,74.662,74.662,74.662,74.662,74.662,74.662,74.662,74.662,74.662,na,na,na,na,na,na,na,na,na,na,na,na,na,na,na,na,na,na,na,na,na,na,na,na,na,na,na,na,na,na,na,na,na,na,na,na,na,na,na,na,na,na,na,na,na,na,na,na,na,na,na,na,na,na,na,na,na,na,na,na,na,na,na,na,na,na,na,na,na,na,na,na,na,na,na,na,na,na,na,na,na,na,na,na,na,na,na,na,na,na,na,na,na,na,na,na,na,na,na,na,na,na,na,na,na,na,na,na,na,na,na,na,na,na,na,na,na,na,na,na,na,na,na,na,na,na,na,na,na,na,na,na,na,na,na,na,na,na,na,na,na,na,na,na,na,na,na,na,na,na,na,na,na,na,na,na,na,na,na,na,na,na,na,na,na,na,na,na,na,na,na,na,na,na,na,na,na,na,na,na,na,na,na,na,na,na,na,na,na,na,na,na,na,na,na,na,na,na,na,na,na,na,na,na,na,na,na,na,na,na,na,na,na,na,na,na,na,na,na,na,na,na,na,na,na,na,na,na,na,na,na,na,na,na,na,na,na,na,na,na,na,na,na,na,na,na,na,na,na,na,na,na,na,na,na,na,na,na,na,na,na,na,na,na,na,na,na,na,na,na,na,na,na,na,na,na,na,na,na,na,na,na,na,na,na,na,na,na,na,na,na,na,na,na,na,na,na,na,na,na,na,na,na,na,na,na,na,na,na,na,na,na,na,na,na,na,na,na,na,na,na,na,na,na,na,na,na,na,na,na,na,na,na,na,na,na,na,na,na,na,na,na,na,na,na,na,na,na,na,na,na,na,na,na,na,na,na,na,na,na,na,na,na,na,na,na,na,na,na,na,na,na,na,na,na,na,na,na,na,na,na,na,na,na,na,na,na,na,na,na,na,na,na,na,na,na,na,na,na,na,na,na,na,na,na,na,na,na,na,na,na,na,na,na,na,na,na,na,na,na,na,na,na,na,na,na,na,na,na,na,na,na,na,na,na,na,na,na,na,na,na,na,na,na,na,na,na,na,na,na,na,na,na,na,na,na,na,na,na,na,na,na,na,na,na,na,na,na,na,na,na,na,na,na,na,na,na,na,na,na,na,na,na,na,na,na,na,na,na,na,na,na,na,na,na,na,na,na,na,na,na,na,na,na,na,na,na,na,na,na,na,na,na,na,na,na,na,na,na,na,na,na,na,na,na,na,na,na
114,    Transport,104.846,103.679,102.053,101.822,101.602,101.82,101.883,101.22,101.462,102.277,100.755,100.232,101.381,100.262,99.723,99.742,99.621,100.073,100.052,99.353,99.634,99.173,100.45,99.996,103.184,101.93,100.093,98.21,99.041,97.405,99.266,97.681,96.524,96.107,96.671,97.237,95.205,95.861,95.508,94.737,94.653,91.92,91.442,92.015,87.974,85.869,85.77,84.666,82.459,80.567,79.493,79.621,79.65,79.591,79.165,77.531,76.654,76.228,75.432,74.168,74.254,74.396,73.394,72.664,71.703,71.708,72.156,73.402,74.398,75.748,74.976,74.475,74.667,74.045,74.481,73.659,73.982,75.28,75.128,73.333,73.131,72.713,72.76,72.894,73.482,73.434,73.57,73.33,73.68,73.916,73.774,73.663,74.153,74.323,74.707,74.946,73.875,73.538,73.733,73.557,73.482,73.89,74.322,74.038,73.685,73.795,73.693,73.058,73.05,72.772,72.693,72.104,72.187,71.211,70.997,70.872,70.722,71.772,73.08,73.252,73.224,73.147,73.22,74.672,75.437,75.533,75.033,74.041,72.821,72.876,73.703,74.098,74.479,74.746,74.904,74.591,74.735,74.89,76.121,76.089,75.641,75.166,76.001,77.543,76.953,75.572,75.235,74.9,72.629,72.006,73.762,77.912,80.21,77.505,77.646,75.36,75.214,76.73,75.106,73.671,73.783,74.106,73.395,72.87,70.438,71.463,71.8,70.968,69.987,70.029,70.841,69.734,67.891,67.906,68.28,67.101,67.475,69.057,65.268,63.642,63.362,62.869,63.014,62.554,61.521,63.21,61.167,59.217,58.597,58.387,57.87,58.187,57.894,57.629,57.851,56.553,55.805,54.991,53.976,53.815,54.498,54.557,54.29,56.33,57.235,57.725,58.027,58.745,59.116,59.494,59.015,58.155,58.485,58.507,59.19,57.455,57.411,55.751,56.584,56.225,55.707,55.214,54.174,52.834,53.216,53.718,54.142,53.778,54.612,54.415,54.434,54.459,53.868,54.45,54.576,53.828,53.806,54.438,54.787,54.896,55.841,56.216,55.571,54.753,54.611,54.949,55.314,54.44,54.739,55.397,55.433,56.057,56.456,56.801,56.945,57.198,56.761,56.852,56.241,56.132,56.793,56.64,55.662,55.581,55.539,55.491,55.69,55.708,55.516,55.44,55.849,56.339,55.946,55.733,55.448,55.754,55.828,55.734,56.374,56.393,56.022,56.274,55.915,55.525,55.329,55.173,55.035,55.478,56.218,56.693,56.733,56.679,55.64,56.997,57.232,57.187,56.692,56.882,57.541,57.355,57.886,57.948,57.549,57.351,56.786,55.984,56.974,56.528,56.695,56.274,56.137,56.011,56.189,55.947,55.586,55.052,55.213,54.901,54.349,53.947,54.024,54.058,54.122,54.369,54.485,54.707,55.146,55.906,55.878,55.743,55.632,55.719,56.047,55.872,58.741,59.185,59.371,59.505,59.482,59.487,59.301,57.574,56.86,56.277,56.492,56.83,56.32,56.117,55.888,55.854,55.709,55.727,56.014,55.861,54.95,55.441,55.491,55.169,54.942,56.041,56.193,55.376,55.331,55.697,56.387,55.914,54.911,54.246,54.736,55.342,56.365,57.409,56.455,55.832,55.586,55.264,54.814,53.696,53.03,52.36,53.268,53.958,53.103,52.34,51.819,51.417,51.076,51.105,50.816,50.608,50.37,49.822,49.469,49.618,49.993,50.422,50.092,49.87,49.864,49.719,49.554,49.491,48.755,48.426,48.518,49.068,48.862,48.371,48.045,48.628,48.53,48.318,48.362,47.702,47.051,46.77,47.878,47.047,47.182,47.491,48.777,46.643,44.207,43.058,43.106,43.2,42.979,42.866,42.813,42.653,42.571,41.971,41.868,41.861,41.865,41.761,41.961,40.869,40.02,39.716,39.645,39.581,39.432,39.145,38.916,39.056,39.052,39.136,39.303,39.215,39.091,39.082,38.986,38.771,38.72,38.826,38.817,38.821,38.916,38.915,38.877,38.855,38.674,38.419,38.307,38.285,38.293,38.264,38.311,38.162,38.126,38.202,38.032,37.997,37.587,37.867,38.966,39.291,39.455,39.557,39.557,39.604,41.086,41.082,41.064,40.449,40.444,39.244,37.605,37.608,37.493,37.493,37.494,37.649,37.811,37.802,37.802,37.803,37.798,37.798,37.778,37.778,37.493,37.486,35.938,35.713,35.713,35.706,35.67,35.667,35.662,36.21,36.21,36.216,36.209,36.074,36.074,35.583,35.583,35.521,35.527,35.527,35.63,35.63,35.656,35.692,35.656,35.641,35.641,35.61,35.61,35.64,35.598,35.598,35.312,32.581,32.302,32.074,31.786,31.709,31.704,31.705,31.705,31.355,31.186,31.055,31.071,31.073,30.563,30.321,29.948,29.947,29.934,29.931,26.682,26.2,25.976,25.973,25.973,25.971,25.968,25.966,25.955,25.955,25.955,25.946,25.935,25.915,23.994,23.974,23.964,23.819,23.756,23.757,23.718,23.718,23.718,23.71,23.71,23.71,23.681,23.676,23.591,23.572,23.572,23.572,23.546,23.546,23.546,23.541,23.536,23.536,23.525,23.525,23.525,23.525,23.525,23.39,22.63,22.63,22.616,22.616,22.593,22.593,22.566,22.566,22.546,22.524,22.38,22.391,22.391,22.391,22.391,22.385,22.385,22.374,22.374,22.356,22.344,22.227,19.693,16.378,15.633,15.434,15.434,15.431,15.431,15.431,15.416,15.416,15.415,15.415,15.415,15.412,15.398,15.398,15.398,15.369,15.369,15.369,15.369,15.369,15.369,15.369,15.369,15.369,15.369,15.369,15.369,15.369,15.369,15.369,15.369,15.374,15.374,15.374,15.374,15.374,15.374,15.374,15.374,15.374,15.374,15.374,15.374,15.374,15.374,15.374,15.374,15.374,15.391,15.391,15.391,15.391,15.391,15.391,15.391,15.391,15.391,15.391,15.391,15.391,15.359,15.359,15.359,15.359,15.359,15.359,15.359,15.359,15.359,15.359,15.359,15.359,15.359,15.359,15.359,15.359,15.359,15.359,15.359,15.359,15.359,15.359,15.359,15.359,15.359,15.359,15.342,15.342,15.342,15.342,15.342,15.342,15.342,15.342,15.342,15.342,15.342,15.342,15.342,15.342,15.342,15.342,15.342,15.342,15.342,15.342,15.342,15.342,15.342,15.342,15.216,15.216,15.216,15.216,15.216,15.216,15.216,15.216,15.216,15.216,15.216,15.158,15.169,15.169,15.169,15.169,15.169,15.153,15.153,15.153,15.153,15.153,15.153,15.153,15.153,15.153,15.153,15.153,15.153,15.153,15.153,15.153,15.153,15.153,15.153,15.164,15.164,15.164,15.164,15.164,15.164,15.164,15.164,15.164,15.164,15.164
115,        Private Transport,105.786,104.506,102.449,102.382,101.46,101.702,101.669,100.741,100.688,101.528,99.842,100.315,101.904,100.734,100.035,100.245,99.513,100.579,100.324,98.659,99.074,98.777,100.746,101.31,105.641,103.985,101.572,98.976,99.895,97.951,100.162,98.193,96.458,94.979,95.967,97.269,94.579,95.83,95.511,94.477,94.385,91.332,90.715,90.393,86.045,83.132,83.117,82.98,80.613,78.336,76.968,77.301,77.43,77.076,76.658,74.387,73.404,72.903,71.985,70.381,70.557,70.701,69.443,68.646,67.389,67.34,67.931,69.418,70.45,71.574,71.155,71.281,71.483,70.805,71.117,70.135,70.46,72.222,71.871,69.594,68.795,68.411,68.85,69.498,70.362,70.305,70.421,70.186,70.429,70.927,70.653,70.544,70.839,71.477,71.465,72.106,70.762,70.368,70.567,70.347,70.152,70.868,71.206,70.951,70.393,70.322,69.668,69.286,69.256,68.9,68.777,67.987,68.114,66.828,66.539,66.367,65.71,67.55,68.511,69.167,69.283,69.137,69.497,71.083,72.185,72.331,71.625,70.537,68.395,68.776,69.272,70.382,70.911,71.407,71.571,71.159,71.311,71.592,73.127,73.501,72.598,72.374,73.138,75.004,74.348,72.736,72.321,71.934,69.217,68.483,70.578,75.54,78.248,75.059,75.227,72.546,72.385,74.202,72.246,70.54,70.666,71.064,70.216,69.606,66.709,67.929,68.823,68,66.873,66.999,67.955,66.648,64.437,64.458,64.91,63.548,63.994,65.91,61.384,59.466,59.186,58.592,58.78,58.232,57.03,59.068,56.639,54.307,53.569,53.26,52.686,53.137,52.802,52.487,52.762,51.185,50.288,49.317,48.091,47.443,48.226,48.28,47.976,50.397,51.442,52.092,52.442,53.314,53.83,54.298,53.741,52.727,53.123,53.149,53.994,53.099,53.067,50.98,52.104,51.632,50.947,50.295,48.922,47.143,47.649,48.316,48.924,48.454,49.567,49.499,49.52,49.865,49.685,50.464,50.648,49.653,49.624,50.469,50.982,51.133,52.395,52.892,52.026,50.926,51.008,51.46,51.948,50.774,51.212,52.096,na,na,na,na,na,na,na,na,na,na,na,na,na,na,na,na,na,na,na,na,na,na,na,na,na,na,na,na,na,na,na,na,na,na,na,na,na,na,na,na,na,na,na,na,na,na,na,na,na,na,na,na,na,na,na,na,na,na,na,na,na,na,na,na,na,na,na,na,na,na,na,na,na,na,na,na,na,na,na,na,na,na,na,na,na,na,na,na,na,na,na,na,na,na,na,na,na,na,na,na,na,na,na,na,na,na,na,na,na,na,na,na,na,na,na,na,na,na,na,na,na,na,na,na,na,na,na,na,na,na,na,na,na,na,na,na,na,na,na,na,na,na,na,na,na,na,na,na,na,na,na,na,na,na,na,na,na,na,na,na,na,na,na,na,na,na,na,na,na,na,na,na,na,na,na,na,na,na,na,na,na,na,na,na,na,na,na,na,na,na,na,na,na,na,na,na,na,na,na,na,na,na,na,na,na,na,na,na,na,na,na,na,na,na,na,na,na,na,na,na,na,na,na,na,na,na,na,na,na,na,na,na,na,na,na,na,na,na,na,na,na,na,na,na,na,na,na,na,na,na,na,na,na,na,na,na,na,na,na,na,na,na,na,na,na,na,na,na,na,na,na,na,na,na,na,na,na,na,na,na,na,na,na,na,na,na,na,na,na,na,na,na,na,na,na,na,na,na,na,na,na,na,na,na,na,na,na,na,na,na,na,na,na,na,na,na,na,na,na,na,na,na,na,na,na,na,na,na,na,na,na,na,na,na,na,na,na,na,na,na,na,na,na,na,na,na,na,na,na,na,na,na,na,na,na,na,na,na,na,na,na,na,na,na,na,na,na,na,na,na,na,na,na,na,na,na,na,na,na,na,na,na,na,na,na,na,na,na,na,na,na,na,na,na,na,na,na,na,na,na,na,na,na,na,na,na,na,na,na,na,na,na,na,na,na,na,na,na,na,na,na,na,na,na,na,na,na,na,na,na,na,na,na,na,na,na,na,na,na,na,na,na,na,na,na,na,na,na,na,na,na,na,na,na,na,na,na,na,na,na,na,na,na,na,na,na,na,na,na,na,na,na,na,na,na,na,na,na,na,na,na,na,na,na,na,na,na,na,na,na,na,na,na,na,na,na,na,na,na,na,na,na,na,na,na,na,na,na,na,na,na,na,na,na,na,na,na,na,na,na,na,na,na,na,na,na,na,na
116,            Motor Cars,111.316,108.516,104.821,103.673,102.345,103.517,102.752,101.393,100.02,102.42,99.705,99.925,102.754,101.093,100.238,99.52,99.703,101.17,100.043,97.987,98.75,99.112,102.192,102.499,108.391,105.738,102.774,99.804,101.392,98.94,101.354,98.773,96.24,94.504,96.302,97.475,93.748,95.358,94.689,92.603,90.752,87.68,87.841,87.268,82.941,79.586,80.12,79.671,76.576,73.677,71.646,71.577,72.215,71.765,71.444,68.238,67.927,68.185,67.254,65.235,65.525,65.775,63.971,62.855,61.521,61.512,61.575,62.025,62.426,63.793,63.384,63.61,64.035,63.101,63.688,62.301,62.928,65.029,64.702,61.715,60.999,60.424,60.895,60.992,60.989,61.462,62.294,61.575,62.372,63.243,63.155,63.441,63.979,65.087,66.054,67.034,65.194,64.695,65.692,65.303,65.009,66.271,66.603,65.891,64.983,65.888,65.031,66.084,66.118,66.3,66.735,66.939,66.97,65.078,64.85,64.489,63.801,66.304,67.577,68.121,67.729,68.24,68.504,68.853,70.594,71.297,71.215,69.535,68.229,70.188,na,na,na,na,na,na,na,na,na,na,na,na,na,na,na,na,na,na,na,na,na,na,na,na,na,na,na,na,na,na,na,na,na,na,na,na,na,na,na,na,na,na,na,na,na,na,na,na,na,na,na,na,na,na,na,na,na,na,na,na,na,na,na,na,na,na,na,na,na,na,na,na,na,na,na,na,na,na,na,na,na,na,na,na,na,na,na,na,na,na,na,na,na,na,na,na,na,na,na,na,na,na,na,na,na,na,na,na,na,na,na,na,na,na,na,na,na,na,na,na,na,na,na,na,na,na,na,na,na,na,na,na,na,na,na,na,na,na,na,na,na,na,na,na,na,na,na,na,na,na,na,na,na,na,na,na,na,na,na,na,na,na,na,na,na,na,na,na,na,na,na,na,na,na,na,na,na,na,na,na,na,na,na,na,na,na,na,na,na,na,na,na,na,na,na,na,na,na,na,na,na,na,na,na,na,na,na,na,na,na,na,na,na,na,na,na,na,na,na,na,na,na,na,na,na,na,na,na,na,na,na,na,na,na,na,na,na,na,na,na,na,na,na,na,na,na,na,na,na,na,na,na,na,na,na,na,na,na,na,na,na,na,na,na,na,na,na,na,na,na,na,na,na,na,na,na,na,na,na,na,na,na,na,na,na,na,na,na,na,na,na,na,na,na,na,na,na,na,na,na,na,na,na,na,na,na,na,na,na,na,na,na,na,na,na,na,na,na,na,na,na,na,na,na,na,na,na,na,na,na,na,na,na,na,na,na,na,na,na,na,na,na,na,na,na,na,na,na,na,na,na,na,na,na,na,na,na,na,na,na,na,na,na,na,na,na,na,na,na,na,na,na,na,na,na,na,na,na,na,na,na,na,na,na,na,na,na,na,na,na,na,na,na,na,na,na,na,na,na,na,na,na,na,na,na,na,na,na,na,na,na,na,na,na,na,na,na,na,na,na,na,na,na,na,na,na,na,na,na,na,na,na,na,na,na,na,na,na,na,na,na,na,na,na,na,na,na,na,na,na,na,na,na,na,na,na,na,na,na,na,na,na,na,na,na,na,na,na,na,na,na,na,na,na,na,na,na,na,na,na,na,na,na,na,na,na,na,na,na,na,na,na,na,na,na,na,na,na,na,na,na,na,na,na,na,na,na,na,na,na,na,na,na,na,na,na,na,na,na,na,na,na,na,na,na,na,na,na,na,na,na,na,na,na,na,na,na,na,na,na,na,na,na,na,na,na,na,na,na,na,na,na,na,na,na,na,na,na,na,na,na,na,na,na,na,na,na,na,na,na,na,na,na,na,na,na,na,na,na,na,na,na,na,na,na,na,na,na,na,na,na,na,na,na,na,na,na,na,na,na,na,na,na,na,na,na,na,na,na,na,na,na,na,na,na,na,na,na,na,na,na,na,na,na,na,na,na,na,na,na,na,na,na,na,na,na,na,na,na,na,na,na,na,na,na,na,na,na
117,            Motorcycles,102.607,100.387,99.564,101.901,98.454,97.907,102.625,100.996,96.578,95.563,94.202,97.733,102.609,103.022,101.264,98.499,98.473,100.62,103.61,101.383,99.001,99.586,100.359,105.758,108.82,107.614,111.13,104.854,107.891,91.5,114.636,115.189,113.557,108.697,112.576,118.11,114.753,110.18,107.841,106.998,102.753,99.098,102.938,107.259,103.798,101.172,99.291,98.6,97.482,98.667,97.591,94.223,94.265,93.295,91.489,90.195,88.668,88.911,89.356,87.05,87.606,87.49,88.701,86.167,70.46,70.46,70.46,70.416,70.132,69.679,66.585,68.135,67.161,67.078,70.103,64.155,62.605,63.89,65.138,65.47,66.267,63.801,65.755,59.26,67.791,69.531,76.372,83.952,87.997,89.303,89.017,92.283,93.866,92.199,86.316,79.395,74.944,77.808,72.223,81.026,81.933,81.839,88.414,91.429,83.451,79.513,79.76,80.866,81.406,82.188,80.942,80.208,81.139,81.145,82.563,82.876,82.14,83.629,82.345,79.757,79.962,80.644,79.442,80.864,80.997,81.208,81.137,75.216,75.477,69.378,na,na,na,na,na,na,na,na,na,na,na,na,na,na,na,na,na,na,na,na,na,na,na,na,na,na,na,na,na,na,na,na,na,na,na,na,na,na,na,na,na,na,na,na,na,na,na,na,na,na,na,na,na,na,na,na,na,na,na,na,na,na,na,na,na,na,na,na,na,na,na,na,na,na,na,na,na,na,na,na,na,na,na,na,na,na,na,na,na,na,na,na,na,na,na,na,na,na,na,na,na,na,na,na,na,na,na,na,na,na,na,na,na,na,na,na,na,na,na,na,na,na,na,na,na,na,na,na,na,na,na,na,na,na,na,na,na,na,na,na,na,na,na,na,na,na,na,na,na,na,na,na,na,na,na,na,na,na,na,na,na,na,na,na,na,na,na,na,na,na,na,na,na,na,na,na,na,na,na,na,na,na,na,na,na,na,na,na,na,na,na,na,na,na,na,na,na,na,na,na,na,na,na,na,na,na,na,na,na,na,na,na,na,na,na,na,na,na,na,na,na,na,na,na,na,na,na,na,na,na,na,na,na,na,na,na,na,na,na,na,na,na,na,na,na,na,na,na,na,na,na,na,na,na,na,na,na,na,na,na,na,na,na,na,na,na,na,na,na,na,na,na,na,na,na,na,na,na,na,na,na,na,na,na,na,na,na,na,na,na,na,na,na,na,na,na,na,na,na,na,na,na,na,na,na,na,na,na,na,na,na,na,na,na,na,na,na,na,na,na,na,na,na,na,na,na,na,na,na,na,na,na,na,na,na,na,na,na,na,na,na,na,na,na,na,na,na,na,na,na,na,na,na,na,na,na,na,na,na,na,na,na,na,na,na,na,na,na,na,na,na,na,na,na,na,na,na,na,na,na,na,na,na,na,na,na,na,na,na,na,na,na,na,na,na,na,na,na,na,na,na,na,na,na,na,na,na,na,na,na,na,na,na,na,na,na,na,na,na,na,na,na,na,na,na,na,na,na,na,na,na,na,na,na,na,na,na,na,na,na,na,na,na,na,na,na,na,na,na,na,na,na,na,na,na,na,na,na,na,na,na,na,na,na,na,na,na,na,na,na,na,na,na,na,na,na,na,na,na,na,na,na,na,na,na,na,na,na,na,na,na,na,na,na,na,na,na,na,na,na,na,na,na,na,na,na,na,na,na,na,na,na,na,na,na,na,na,na,na,na,na,na,na,na,na,na,na,na,na,na,na,na,na,na,na,na,na,na,na,na,na,na,na,na,na,na,na,na,na,na,na,na,na,na,na,na,na,na,na,na,na,na,na,na,na,na,na,na,na,na,na,na,na,na,na,na,na,na,na,na,na,na,na,na,na,na,na,na,na,na,na,na,na,na,na,na,na,na,na,na,na,na,na,na,na,na,na,na,na,na,na,na,na,na,na,na,na,na,na,na,na,na,na,na,na,na,na,na,na,na,na,na,na,na,na,na,na,na,na,na,na,na,na,na,na,na,na,na
118,            Bicycles,98.516,100.507,96.425,103.202,97.898,101.085,102.628,102.787,103.07,101.802,101.655,102.149,101.487,99.002,100.416,100.04,100.711,100.44,97.791,98.634,98.538,99.138,na,na,na,na,na,na,na,na,na,na,na,na,na,na,na,na,na,na,na,na,na,na,na,na,na,na,na,na,na,na,na,na,na,na,na,na,na,na,na,na,na,na,na,na,na,na,na,na,na,na,na,na,na,na,na,na,na,na,na,na,na,na,na,na,na,na,na,na,na,na,na,na,na,na,na,na,na,na,na,na,na,na,na,na,na,na,na,na,na,na,na,na,na,na,na,na,na,na,na,na,na,na,na,na,na,na,na,na,na,na,na,na,na,na,na,na,na,na,na,na,na,na,na,na,na,na,na,na,na,na,na,na,na,na,na,na,na,na,na,na,na,na,na,na,na,na,na,na,na,na,na,na,na,na,na,na,na,na,na,na,na,na,na,na,na,na,na,na,na,na,na,na,na,na,na,na,na,na,na,na,na,na,na,na,na,na,na,na,na,na,na,na,na,na,na,na,na,na,na,na,na,na,na,na,na,na,na,na,na,na,na,na,na,na,na,na,na,na,na,na,na,na,na,na,na,na,na,na,na,na,na,na,na,na,na,na,na,na,na,na,na,na,na,na,na,na,na,na,na,na,na,na,na,na,na,na,na,na,na,na,na,na,na,na,na,na,na,na,na,na,na,na,na,na,na,na,na,na,na,na,na,na,na,na,na,na,na,na,na,na,na,na,na,na,na,na,na,na,na,na,na,na,na,na,na,na,na,na,na,na,na,na,na,na,na,na,na,na,na,na,na,na,na,na,na,na,na,na,na,na,na,na,na,na,na,na,na,na,na,na,na,na,na,na,na,na,na,na,na,na,na,na,na,na,na,na,na,na,na,na,na,na,na,na,na,na,na,na,na,na,na,na,na,na,na,na,na,na,na,na,na,na,na,na,na,na,na,na,na,na,na,na,na,na,na,na,na,na,na,na,na,na,na,na,na,na,na,na,na,na,na,na,na,na,na,na,na,na,na,na,na,na,na,na,na,na,na,na,na,na,na,na,na,na,na,na,na,na,na,na,na,na,na,na,na,na,na,na,na,na,na,na,na,na,na,na,na,na,na,na,na,na,na,na,na,na,na,na,na,na,na,na,na,na,na,na,na,na,na,na,na,na,na,na,na,na,na,na,na,na,na,na,na,na,na,na,na,na,na,na,na,na,na,na,na,na,na,na,na,na,na,na,na,na,na,na,na,na,na,na,na,na,na,na,na,na,na,na,na,na,na,na,na,na,na,na,na,na,na,na,na,na,na,na,na,na,na,na,na,na,na,na,na,na,na,na,na,na,na,na,na,na,na,na,na,na,na,na,na,na,na,na,na,na,na,na,na,na,na,na,na,na,na,na,na,na,na,na,na,na,na,na,na,na,na,na,na,na,na,na,na,na,na,na,na,na,na,na,na,na,na,na,na,na,na,na,na,na,na,na,na,na,na,na,na,na,na,na,na,na,na,na,na,na,na,na,na,na,na,na,na,na,na,na,na,na,na,na,na,na,na,na,na,na,na,na,na,na,na,na,na,na,na,na,na,na,na,na,na,na,na,na,na,na,na,na,na,na,na,na,na,na,na,na,na,na,na,na,na,na,na,na,na,na,na,na,na,na,na,na,na,na,na,na,na,na,na,na,na,na,na,na,na,na,na,na,na,na,na,na,na,na,na,na,na,na,na,na,na,na,na,na,na,na,na,na,na,na,na,na,na,na,na,na,na,na,na,na,na,na,na,na,na,na,na,na
119,            Parts & Accessories For Personal Transport Equipment,102.685,102.458,102.451,102.252,102.569,102.484,102.288,101.788,101.297,100.584,100.24,100.341,100.102,100.315,100.421,99.838,100.253,99.848,99.876,100.343,99.103,99.323,na,na,na,na,na,na,na,na,na,na,na,na,na,na,na,na,na,na,na,na,na,na,na,na,na,na,na,na,na,na,na,na,na,na,na,na,na,na,na,na,na,na,na,na,na,na,na,na,na,na,na,na,na,na,na,na,na,na,na,na,na,na,na,na,na,na,na,na,na,na,na,na,na,na,na,na,na,na,na,na,na,na,na,na,na,na,na,na,na,na,na,na,na,na,na,na,na,na,na,na,na,na,na,na,na,na,na,na,na,na,na,na,na,na,na,na,na,na,na,na,na,na,na,na,na,na,na,na,na,na,na,na,na,na,na,na,na,na,na,na,na,na,na,na,na,na,na,na,na,na,na,na,na,na,na,na,na,na,na,na,na,na,na,na,na,na,na,na,na,na,na,na,na,na,na,na,na,na,na,na,na,na,na,na,na,na,na,na,na,na,na,na,na,na,na,na,na,na,na,na,na,na,na,na,na,na,na,na,na,na,na,na,na,na,na,na,na,na,na,na,na,na,na,na,na,na,na,na,na,na,na,na,na,na,na,na,na,na,na,na,na,na,na,na,na,na,na,na,na,na,na,na,na,na,na,na,na,na,na,na,na,na,na,na,na,na,na,na,na,na,na,na,na,na,na,na,na,na,na,na,na,na,na,na,na,na,na,na,na,na,na,na,na,na,na,na,na,na,na,na,na,na,na,na,na,na,na,na,na,na,na,na,na,na,na,na,na,na,na,na,na,na,na,na,na,na,na,na,na,na,na,na,na,na,na,na,na,na,na,na,na,na,na,na,na,na,na,na,na,na,na,na,na,na,na,na,na,na,na,na,na,na,na,na,na,na,na,na,na,na,na,na,na,na,na,na,na,na,na,na,na,na,na,na,na,na,na,na,na,na,na,na,na,na,na,na,na,na,na,na,na,na,na,na,na,na,na,na,na,na,na,na,na,na,na,na,na,na,na,na,na,na,na,na,na,na,na,na,na,na,na,na,na,na,na,na,na,na,na,na,na,na,na,na,na,na,na,na,na,na,na,na,na,na,na,na,na,na,na,na,na,na,na,na,na,na,na,na,na,na,na,na,na,na,na,na,na,na,na,na,na,na,na,na,na,na,na,na,na,na,na,na,na,na,na,na,na,na,na,na,na,na,na,na,na,na,na,na,na,na,na,na,na,na,na,na,na,na,na,na,na,na,na,na,na,na,na,na,na,na,na,na,na,na,na,na,na,na,na,na,na,na,na,na,na,na,na,na,na,na,na,na,na,na,na,na,na,na,na,na,na,na,na,na,na,na,na,na,na,na,na,na,na,na,na,na,na,na,na,na,na,na,na,na,na,na,na,na,na,na,na,na,na,na,na,na,na,na,na,na,na,na,na,na,na,na,na,na,na,na,na,na,na,na,na,na,na,na,na,na,na,na,na,na,na,na,na,na,na,na,na,na,na,na,na,na,na,na,na,na,na,na,na,na,na,na,na,na,na,na,na,na,na,na,na,na,na,na,na,na,na,na,na,na,na,na,na,na,na,na,na,na,na,na,na,na,na,na,na,na,na,na,na,na,na,na,na,na,na,na,na,na,na,na,na,na,na,na,na,na,na,na,na,na,na,na,na,na,na,na,na,na,na,na,na,na,na,na,na,na,na,na,na,na,na,na,na,na,na,na,na,na,na,na,na,na,na,na,na,na,na,na,na,na,na,na,na,na,na,na,na,na,na,na,na,na
120,            Petrol,96.781,97.577,97.186,99.472,99.438,97.823,98.841,97.704,101.506,100.296,99.259,100.354,100.637,99.023,98.183,101.322,99.779,101.528,102.52,99.673,100.036,97.687,97.324,99.017,100.554,101.938,99.383,96.115,95.379,94.769,96.193,95.28,95.494,94.32,93.841,96.836,96.379,98.044,99.415,106.517,115.505,109.501,104.312,104.446,95.709,91.823,90.017,91.025,89.546,87.689,87.562,87.452,85.073,84.17,82.965,82.839,78.004,73.453,71.599,70.247,70.075,69.934,69.727,69.742,69.35,69.507,72.131,74.884,78.845,80.433,80.466,79.377,78.762,78.225,77.485,77.534,77.848,79.491,78.612,76.705,75.26,75.075,75.78,78.634,81.472,80.036,78.691,78.375,78.261,77.985,76.695,75.833,76.12,76.162,75.126,75.749,74.205,73.408,72.437,71.594,71.77,72.21,72.378,72.31,72.883,71.623,71.11,69.737,69.327,67.382,65.86,66.763,67.351,65.777,64.585,64.87,63.736,66.193,68.246,69.878,70.891,70.714,71.852,73.324,74.593,73.29,70.242,69.534,62.713,60.039,na,na,na,na,na,na,na,na,na,na,na,na,na,na,na,na,na,na,na,na,na,na,na,na,na,na,na,na,na,na,na,na,na,na,na,na,na,na,na,na,na,na,na,na,na,na,na,na,na,na,na,na,na,na,na,na,na,na,na,na,na,na,na,na,na,na,na,na,na,na,na,na,na,na,na,na,na,na,na,na,na,na,na,na,na,na,na,na,na,na,na,na,na,na,na,na,na,na,na,na,na,na,na,na,na,na,na,na,na,na,na,na,na,na,na,na,na,na,na,na,na,na,na,na,na,na,na,na,na,na,na,na,na,na,na,na,na,na,na,na,na,na,na,na,na,na,na,na,na,na,na,na,na,na,na,na,na,na,na,na,na,na,na,na,na,na,na,na,na,na,na,na,na,na,na,na,na,na,na,na,na,na,na,na,na,na,na,na,na,na,na,na,na,na,na,na,na,na,na,na,na,na,na,na,na,na,na,na,na,na,na,na,na,na,na,na,na,na,na,na,na,na,na,na,na,na,na,na,na,na,na,na,na,na,na,na,na,na,na,na,na,na,na,na,na,na,na,na,na,na,na,na,na,na,na,na,na,na,na,na,na,na,na,na,na,na,na,na,na,na,na,na,na,na,na,na,na,na,na,na,na,na,na,na,na,na,na,na,na,na,na,na,na,na,na,na,na,na,na,na,na,na,na,na,na,na,na,na,na,na,na,na,na,na,na,na,na,na,na,na,na,na,na,na,na,na,na,na,na,na,na,na,na,na,na,na,na,na,na,na,na,na,na,na,na,na,na,na,na,na,na,na,na,na,na,na,na,na,na,na,na,na,na,na,na,na,na,na,na,na,na,na,na,na,na,na,na,na,na,na,na,na,na,na,na,na,na,na,na,na,na,na,na,na,na,na,na,na,na,na,na,na,na,na,na,na,na,na,na,na,na,na,na,na,na,na,na,na,na,na,na,na,na,na,na,na,na,na,na,na,na,na,na,na,na,na,na,na,na,na,na,na,na,na,na,na,na,na,na,na,na,na,na,na,na,na,na,na,na,na,na,na,na,na,na,na,na,na,na,na,na,na,na,na,na,na,na,na,na,na,na,na,na,na,na,na,na,na,na,na,na,na,na,na,na,na,na,na,na,na,na,na,na,na,na,na,na,na,na,na,na,na,na,na,na,na,na,na,na,na,na,na,na,na,na,na,na,na,na,na,na,na,na,na,na,na,na,na,na,na,na,na,na,na,na,na,na,na,na,na,na,na,na,na,na,na,na,na,na,na,na,na,na,na,na,na,na,na,na,na,na,na,na,na,na,na,na,na,na,na,na,na,na,na,na,na,na,na,na,na,na,na,na,na,na,na,na,na,na,na,na,na,na,na,na,na,na,na,na,na,na,na,na,na,na,na,na,na,na,na,na,na,na,na,na,na,na,na,na,na,na,na,na,na,na,na,na,na,na,na,na,na,na,na,na,na,na,na
121,            Other Fuel & Lubricants For Personal Transport Equipment,98.784,99.313,98.922,99.606,98.949,98.624,99.776,99.796,101.506,100.385,98.814,99.197,99.48,99.112,99.251,101.1,99.824,101.261,101.497,100.608,100.926,98.978,99.244,101.476,103.217,102.196,97.514,91.696,90.978,90.942,95.072,97.539,99.821,100.794,100.563,105.341,104.886,105.648,106.596,111.477,115.687,111.083,104.824,102.651,89.16,84.79,82.55,83.819,82.131,79.893,79.675,79.669,77.232,76.235,74.928,75.543,73.387,70.665,69.212,67.938,67.997,68.157,67.938,67.756,66.922,65.357,67.927,71.181,75.451,76.409,76,74.753,74.272,74.01,73.192,73.482,73.728,75.325,74.571,72.652,69.823,68.841,70.691,72.349,73.73,72.369,71.443,70.533,70.424,70.163,69.289,68.734,69.006,68.871,67.802,67.869,66.842,66.087,64.904,64.542,64.796,65.737,65.721,65.483,63.756,62.213,61.203,60.338,60.036,58.979,58.234,58.741,58.862,57.894,57.2,57.208,56.221,57.502,59.361,60.646,60.821,60.478,60.947,62.167,63.893,63.793,62.3,62.415,62.146,61.531,na,na,na,na,na,na,na,na,na,na,na,na,na,na,na,na,na,na,na,na,na,na,na,na,na,na,na,na,na,na,na,na,na,na,na,na,na,na,na,na,na,na,na,na,na,na,na,na,na,na,na,na,na,na,na,na,na,na,na,na,na,na,na,na,na,na,na,na,na,na,na,na,na,na,na,na,na,na,na,na,na,na,na,na,na,na,na,na,na,na,na,na,na,na,na,na,na,na,na,na,na,na,na,na,na,na,na,na,na,na,na,na,na,na,na,na,na,na,na,na,na,na,na,na,na,na,na,na,na,na,na,na,na,na,na,na,na,na,na,na,na,na,na,na,na,na,na,na,na,na,na,na,na,na,na,na,na,na,na,na,na,na,na,na,na,na,na,na,na,na,na,na,na,na,na,na,na,na,na,na,na,na,na,na,na,na,na,na,na,na,na,na,na,na,na,na,na,na,na,na,na,na,na,na,na,na,na,na,na,na,na,na,na,na,na,na,na,na,na,na,na,na,na,na,na,na,na,na,na,na,na,na,na,na,na,na,na,na,na,na,na,na,na,na,na,na,na,na,na,na,na,na,na,na,na,na,na,na,na,na,na,na,na,na,na,na,na,na,na,na,na,na,na,na,na,na,na,na,na,na,na,na,na,na,na,na,na,na,na,na,na,na,na,na,na,na,na,na,na,na,na,na,na,na,na,na,na,na,na,na,na,na,na,na,na,na,na,na,na,na,na,na,na,na,na,na,na,na,na,na,na,na,na,na,na,na,na,na,na,na,na,na,na,na,na,na,na,na,na,na,na,na,na,na,na,na,na,na,na,na,na,na,na,na,na,na,na,na,na,na,na,na,na,na,na,na,na,na,na,na,na,na,na,na,na,na,na,na,na,na,na,na,na,na,na,na,na,na,na,na,na,na,na,na,na,na,na,na,na,na,na,na,na,na,na,na,na,na,na,na,na,na,na,na,na,na,na,na,na,na,na,na,na,na,na,na,na,na,na,na,na,na,na,na,na,na,na,na,na,na,na,na,na,na,na,na,na,na,na,na,na,na,na,na,na,na,na,na,na,na,na,na,na,na,na,na,na,na,na,na,na,na,na,na,na,na,na,na,na,na,na,na,na,na,na,na,na,na,na,na,na,na,na,na,na,na,na,na,na,na,na,na,na,na,na,na,na,na,na,na,na,na,na,na,na,na,na,na,na,na,na,na,na,na,na,na,na,na,na,na,na,na,na,na,na,na,na,na,na,na,na,na,na,na,na,na,na,na,na,na,na,na,na,na,na,na,na,na,na,na,na,na,na,na,na,na,na,na,na,na,na,na,na,na,na,na,na,na,na,na,na,na,na,na,na,na,na,na,na,na,na,na,na,na,na,na,na,na,na,na,na,na,na,na,na,na,na,na,na,na,na,na,na,na,na,na,na,na,na,na,na,na,na,na,na,na,na,na,na,na,na,na,na,na,na,na,na,na
122,            Maintenance & Repair Of Personal Transport Equipment,105.727,105.691,105.691,105.691,104.14,104.059,104.048,103.703,103.532,104.027,103.532,103.469,103.469,103.469,103.469,103.469,97.517,96.3,96.27,96.27,96.468,96.301,na,na,na,na,na,na,na,na,na,na,na,na,na,na,na,na,na,na,na,na,na,na,na,na,na,na,na,na,na,na,na,na,na,na,na,na,na,na,na,na,na,na,na,na,na,na,na,na,na,na,na,na,na,na,na,na,na,na,na,na,na,na,na,na,na,na,na,na,na,na,na,na,na,na,na,na,na,na,na,na,na,na,na,na,na,na,na,na,na,na,na,na,na,na,na,na,na,na,na,na,na,na,na,na,na,na,na,na,na,na,na,na,na,na,na,na,na,na,na,na,na,na,na,na,na,na,na,na,na,na,na,na,na,na,na,na,na,na,na,na,na,na,na,na,na,na,na,na,na,na,na,na,na,na,na,na,na,na,na,na,na,na,na,na,na,na,na,na,na,na,na,na,na,na,na,na,na,na,na,na,na,na,na,na,na,na,na,na,na,na,na,na,na,na,na,na,na,na,na,na,na,na,na,na,na,na,na,na,na,na,na,na,na,na,na,na,na,na,na,na,na,na,na,na,na,na,na,na,na,na,na,na,na,na,na,na,na,na,na,na,na,na,na,na,na,na,na,na,na,na,na,na,na,na,na,na,na,na,na,na,na,na,na,na,na,na,na,na,na,na,na,na,na,na,na,na,na,na,na,na,na,na,na,na,na,na,na,na,na,na,na,na,na,na,na,na,na,na,na,na,na,na,na,na,na,na,na,na,na,na,na,na,na,na,na,na,na,na,na,na,na,na,na,na,na,na,na,na,na,na,na,na,na,na,na,na,na,na,na,na,na,na,na,na,na,na,na,na,na,na,na,na,na,na,na,na,na,na,na,na,na,na,na,na,na,na,na,na,na,na,na,na,na,na,na,na,na,na,na,na,na,na,na,na,na,na,na,na,na,na,na,na,na,na,na,na,na,na,na,na,na,na,na,na,na,na,na,na,na,na,na,na,na,na,na,na,na,na,na,na,na,na,na,na,na,na,na,na,na,na,na,na,na,na,na,na,na,na,na,na,na,na,na,na,na,na,na,na,na,na,na,na,na,na,na,na,na,na,na,na,na,na,na,na,na,na,na,na,na,na,na,na,na,na,na,na,na,na,na,na,na,na,na,na,na,na,na,na,na,na,na,na,na,na,na,na,na,na,na,na,na,na,na,na,na,na,na,na,na,na,na,na,na,na,na,na,na,na,na,na,na,na,na,na,na,na,na,na,na,na,na,na,na,na,na,na,na,na,na,na,na,na,na,na,na,na,na,na,na,na,na,na,na,na,na,na,na,na,na,na,na,na,na,na,na,na,na,na,na,na,na,na,na,na,na,na,na,na,na,na,na,na,na,na,na,na,na,na,na,na,na,na,na,na,na,na,na,na,na,na,na,na,na,na,na,na,na,na,na,na,na,na,na,na,na,na,na,na,na,na,na,na,na,na,na,na,na,na,na,na,na,na,na,na,na,na,na,na,na,na,na,na,na,na,na,na,na,na,na,na,na,na,na,na,na,na,na,na,na,na,na,na,na,na,na,na,na,na,na,na,na,na,na,na,na,na,na,na,na,na,na,na,na,na,na,na,na,na,na,na,na,na,na,na,na,na,na,na,na,na,na,na,na,na,na,na,na,na,na,na,na,na,na,na,na,na,na,na,na,na,na,na,na,na,na,na,na,na,na,na,na,na,na,na,na,na,na,na,na,na,na,na,na,na,na,na,na,na,na,na,na,na,na,na,na,na
123,            Other Services In Respect Of Personal Transport Equipment,100.986,101.205,100.856,100.721,100.31,100.295,100.504,100.649,100.873,100.14,99.933,100.311,100.278,100.509,100.087,100.289,99.475,99.551,99.971,99.87,99.949,99.777,na,na,na,na,na,na,na,na,na,na,na,na,na,na,na,na,na,na,na,na,na,na,na,na,na,na,na,na,na,na,na,na,na,na,na,na,na,na,na,na,na,na,na,na,na,na,na,na,na,na,na,na,na,na,na,na,na,na,na,na,na,na,na,na,na,na,na,na,na,na,na,na,na,na,na,na,na,na,na,na,na,na,na,na,na,na,na,na,na,na,na,na,na,na,na,na,na,na,na,na,na,na,na,na,na,na,na,na,na,na,na,na,na,na,na,na,na,na,na,na,na,na,na,na,na,na,na,na,na,na,na,na,na,na,na,na,na,na,na,na,na,na,na,na,na,na,na,na,na,na,na,na,na,na,na,na,na,na,na,na,na,na,na,na,na,na,na,na,na,na,na,na,na,na,na,na,na,na,na,na,na,na,na,na,na,na,na,na,na,na,na,na,na,na,na,na,na,na,na,na,na,na,na,na,na,na,na,na,na,na,na,na,na,na,na,na,na,na,na,na,na,na,na,na,na,na,na,na,na,na,na,na,na,na,na,na,na,na,na,na,na,na,na,na,na,na,na,na,na,na,na,na,na,na,na,na,na,na,na,na,na,na,na,na,na,na,na,na,na,na,na,na,na,na,na,na,na,na,na,na,na,na,na,na,na,na,na,na,na,na,na,na,na,na,na,na,na,na,na,na,na,na,na,na,na,na,na,na,na,na,na,na,na,na,na,na,na,na,na,na,na,na,na,na,na,na,na,na,na,na,na,na,na,na,na,na,na,na,na,na,na,na,na,na,na,na,na,na,na,na,na,na,na,na,na,na,na,na,na,na,na,na,na,na,na,na,na,na,na,na,na,na,na,na,na,na,na,na,na,na,na,na,na,na,na,na,na,na,na,na,na,na,na,na,na,na,na,na,na,na,na,na,na,na,na,na,na,na,na,na,na,na,na,na,na,na,na,na,na,na,na,na,na,na,na,na,na,na,na,na,na,na,na,na,na,na,na,na,na,na,na,na,na,na,na,na,na,na,na,na,na,na,na,na,na,na,na,na,na,na,na,na,na,na,na,na,na,na,na,na,na,na,na,na,na,na,na,na,na,na,na,na,na,na,na,na,na,na,na,na,na,na,na,na,na,na,na,na,na,na,na,na,na,na,na,na,na,na,na,na,na,na,na,na,na,na,na,na,na,na,na,na,na,na,na,na,na,na,na,na,na,na,na,na,na,na,na,na,na,na,na,na,na,na,na,na,na,na,na,na,na,na,na,na,na,na,na,na,na,na,na,na,na,na,na,na,na,na,na,na,na,na,na,na,na,na,na,na,na,na,na,na,na,na,na,na,na,na,na,na,na,na,na,na,na,na,na,na,na,na,na,na,na,na,na,na,na,na,na,na,na,na,na,na,na,na,na,na,na,na,na,na,na,na,na,na,na,na,na,na,na,na,na,na,na,na,na,na,na,na,na,na,na,na,na,na,na,na,na,na,na,na,na,na,na,na,na,na,na,na,na,na,na,na,na,na,na,na,na,na,na,na,na,na,na,na,na,na,na,na,na,na,na,na,na,na,na,na,na,na,na,na,na,na,na,na,na,na,na,na,na,na,na,na,na,na,na,na,na,na,na,na,na,na,na,na,na,na,na,na,na,na,na,na,na,na,na,na,na,na,na,na,na,na,na,na,na,na,na,na,na,na,na,na,na,na,na,na,na,na,na,na,na,na,na,na
124,            Insurance Connected With Transport,103.957,103.102,103.102,103.102,105.854,103.289,103.289,104.354,103.212,103.212,103.212,103.212,103.212,99.744,99.744,99.744,98.962,98.962,98.962,98.081,98.081,98.081,na,na,na,na,na,na,na,na,na,na,na,na,na,na,na,na,na,na,na,na,na,na,na,na,na,na,na,na,na,na,na,na,na,na,na,na,na,na,na,na,na,na,na,na,na,na,na,na,na,na,na,na,na,na,na,na,na,na,na,na,na,na,na,na,na,na,na,na,na,na,na,na,na,na,na,na,na,na,na,na,na,na,na,na,na,na,na,na,na,na,na,na,na,na,na,na,na,na,na,na,na,na,na,na,na,na,na,na,na,na,na,na,na,na,na,na,na,na,na,na,na,na,na,na,na,na,na,na,na,na,na,na,na,na,na,na,na,na,na,na,na,na,na,na,na,na,na,na,na,na,na,na,na,na,na,na,na,na,na,na,na,na,na,na,na,na,na,na,na,na,na,na,na,na,na,na,na,na,na,na,na,na,na,na,na,na,na,na,na,na,na,na,na,na,na,na,na,na,na,na,na,na,na,na,na,na,na,na,na,na,na,na,na,na,na,na,na,na,na,na,na,na,na,na,na,na,na,na,na,na,na,na,na,na,na,na,na,na,na,na,na,na,na,na,na,na,na,na,na,na,na,na,na,na,na,na,na,na,na,na,na,na,na,na,na,na,na,na,na,na,na,na,na,na,na,na,na,na,na,na,na,na,na,na,na,na,na,na,na,na,na,na,na,na,na,na,na,na,na,na,na,na,na,na,na,na,na,na,na,na,na,na,na,na,na,na,na,na,na,na,na,na,na,na,na,na,na,na,na,na,na,na,na,na,na,na,na,na,na,na,na,na,na,na,na,na,na,na,na,na,na,na,na,na,na,na,na,na,na,na,na,na,na,na,na,na,na,na,na,na,na,na,na,na,na,na,na,na,na,na,na,na,na,na,na,na,na,na,na,na,na,na,na,na,na,na,na,na,na,na,na,na,na,na,na,na,na,na,na,na,na,na,na,na,na,na,na,na,na,na,na,na,na,na,na,na,na,na,na,na,na,na,na,na,na,na,na,na,na,na,na,na,na,na,na,na,na,na,na,na,na,na,na,na,na,na,na,na,na,na,na,na,na,na,na,na,na,na,na,na,na,na,na,na,na,na,na,na,na,na,na,na,na,na,na,na,na,na,na,na,na,na,na,na,na,na,na,na,na,na,na,na,na,na,na,na,na,na,na,na,na,na,na,na,na,na,na,na,na,na,na,na,na,na,na,na,na,na,na,na,na,na,na,na,na,na,na,na,na,na,na,na,na,na,na,na,na,na,na,na,na,na,na,na,na,na,na,na,na,na,na,na,na,na,na,na,na,na,na,na,na,na,na,na,na,na,na,na,na,na,na,na,na,na,na,na,na,na,na,na,na,na,na,na,na,na,na,na,na,na,na,na,na,na,na,na,na,na,na,na,na,na,na,na,na,na,na,na,na,na,na,na,na,na,na,na,na,na,na,na,na,na,na,na,na,na,na,na,na,na,na,na,na,na,na,na,na,na,na,na,na,na,na,na,na,na,na,na,na,na,na,na,na,na,na,na,na,na,na,na,na,na,na,na,na,na,na,na,na,na,na,na,na,na,na,na,na,na,na,na,na,na,na,na,na,na,na,na,na,na,na,na,na,na,na,na,na,na,na,na,na,na,na,na,na,na,na,na,na,na,na,na,na,na,na,na,na,na,na,na,na,na,na,na,na,na,na,na,na,na,na,na,na,na,na,na,na,na,na,na,na,na,na,na,na,na
125,        Land Transport Services,105.43,105.852,104.754,103.68,104.49,104.909,104.384,105.392,105.271,103.822,101.323,100.295,101.6,100.482,99.261,98.946,99.397,99.205,99.452,101.149,99.886,99.007,95.406,92.98,93.628,93.447,93.037,92.87,93.053,92.866,93.091,94.014,94.746,94.503,93.114,92.256,92.386,92.014,91.275,91.07,91.786,90.999,89.169,88.683,87.296,87.537,85.586,84.466,84.947,84.784,84.674,84.179,83.707,84.957,84.599,84.964,84.223,84.159,83.521,83.306,83.175,83.155,82.942,82.413,82.197,82.427,82.753,83.17,84.34,84.224,81.533,80.652,80.461,80.43,80.242,80.366,80.243,80.547,80.58,81.17,80.805,80.83,78.896,78.691,78.668,78.668,78.681,78.668,78.725,78.668,78.663,78.668,78.822,78.658,79.523,79.52,79.527,79.52,79.529,79.516,79.557,79.521,79.558,79.505,79.531,79.619,81.265,81.285,81.294,81.331,81.322,81.293,81.29,81.305,81.256,81.31,81.419,81.297,81.817,81.898,81.883,81.901,80.588,81.907,81.882,81.81,81.622,80.407,80.497,80.414,80.135,80.131,80.126,80.108,80.108,80.108,80.108,80.108,79.898,78.707,78.707,78.736,78.322,78.284,78.284,78.118,78.118,78.118,78.098,78.098,78.098,78.098,78.138,78.098,77.883,77.883,77.883,77.887,77.887,77.887,77.887,77.887,77.887,77.866,77.866,77.756,75.234,74.653,74.557,74.24,74.24,74.24,74.182,74.191,74.178,74.05,73.926,73.928,73.689,73.68,73.679,73.68,73.68,73.68,73.491,73.491,73.491,73.497,73.497,73.485,73.331,73.343,73.331,73.331,73.331,73.331,73.331,73.331,73.339,75.25,75.252,75.254,75.073,75.073,75.073,74.719,74.716,74.716,74.659,74.659,74.659,74.644,74.644,74.644,74.513,70.779,70.779,70.399,70.399,70.399,70.389,70.376,70.376,70.373,70.373,70.373,70.248,70.248,70.234,69.633,69.633,68.617,66.683,66.683,66.683,66.675,66.641,66.641,66.497,66.497,66.504,66.49,66.49,66.49,65.603,65.603,65.603,65.595,65.47,65.47,na,na,na,na,na,na,na,na,na,na,na,na,na,na,na,na,na,na,na,na,na,na,na,na,na,na,na,na,na,na,na,na,na,na,na,na,na,na,na,na,na,na,na,na,na,na,na,na,na,na,na,na,na,na,na,na,na,na,na,na,na,na,na,na,na,na,na,na,na,na,na,na,na,na,na,na,na,na,na,na,na,na,na,na,na,na,na,na,na,na,na,na,na,na,na,na,na,na,na,na,na,na,na,na,na,na,na,na,na,na,na,na,na,na,na,na,na,na,na,na,na,na,na,na,na,na,na,na,na,na,na,na,na,na,na,na,na,na,na,na,na,na,na,na,na,na,na,na,na,na,na,na,na,na,na,na,na,na,na,na,na,na,na,na,na,na,na,na,na,na,na,na,na,na,na,na,na,na,na,na,na,na,na,na,na,na,na,na,na,na,na,na,na,na,na,na,na,na,na,na,na,na,na,na,na,na,na,na,na,na,na,na,na,na,na,na,na,na,na,na,na,na,na,na,na,na,na,na,na,na,na,na,na,na,na,na,na,na,na,na,na,na,na,na,na,na,na,na,na,na,na,na,na,na,na,na,na,na,na,na,na,na,na,na,na,na,na,na,na,na,na,na,na,na,na,na,na,na,na,na,na,na,na,na,na,na,na,na,na,na,na,na,na,na,na,na,na,na,na,na,na,na,na,na,na,na,na,na,na,na,na,na,na,na,na,na,na,na,na,na,na,na,na,na,na,na,na,na,na,na,na,na,na,na,na,na,na,na,na,na,na,na,na,na,na,na,na,na,na,na,na,na,na,na,na,na,na,na,na,na,na,na,na,na,na,na,na,na,na,na,na,na,na,na,na,na,na,na,na,na,na,na,na,na,na,na,na,na,na,na,na,na,na,na,na,na,na,na,na,na,na,na,na,na,na,na,na,na,na,na,na,na,na,na,na,na,na,na,na,na,na,na,na,na,na,na,na,na,na,na,na,na,na,na,na,na,na,na,na,na,na,na,na,na,na,na,na,na,na,na,na,na,na,na,na,na,na,na,na,na,na,na,na,na,na,na,na,na,na,na,na,na,na,na,na,na,na,na,na,na,na,na,na,na,na,na,na,na,na,na,na,na,na,na,na,na,na,na,na,na,na,na,na,na,na,na,na,na,na,na,na,na,na,na,na,na,na,na,na,na,na,na,na,na,na,na,na,na
126,            Bus & Train Fares,105.937,105.937,105.937,105.937,105.937,105.937,105.937,105.937,105.937,105.937,100.706,99.936,99.936,99.936,99.936,99.936,99.936,99.936,99.936,99.936,99.936,99.936,95.319,93.435,93.435,93.435,93.435,93.435,93.435,93.435,93.435,93.435,93.435,93.435,91.281,90.781,90.781,90.781,90.781,90.781,90.781,90.781,90.781,90.781,90.781,90.781,89.204,88.858,88.858,88.858,88.858,88.858,88.858,88.858,88.858,88.858,88.858,88.858,88.858,88.858,88.858,88.858,88.858,88.858,88.858,88.858,88.858,88.858,88.858,88.858,83.78,83.011,83.011,83.011,83.011,83.011,83.011,83.011,83.011,83.011,83.011,83.011,79.855,79.547,79.547,79.547,79.547,79.547,79.547,79.547,79.547,79.547,79.547,79.547,81.16,81.315,81.315,81.315,81.315,81.315,81.315,81.315,81.315,81.315,81.315,81.315,84.66,84.85,84.85,84.85,84.85,84.85,84.85,84.85,84.85,84.85,84.85,84.85,86.156,86.463,86.463,86.463,84.079,86.463,86.463,86.463,86.119,84.079,84.079,84.079,na,na,na,na,na,na,na,na,na,na,na,na,na,na,na,na,na,na,na,na,na,na,na,na,na,na,na,na,na,na,na,na,na,na,na,na,na,na,na,na,na,na,na,na,na,na,na,na,na,na,na,na,na,na,na,na,na,na,na,na,na,na,na,na,na,na,na,na,na,na,na,na,na,na,na,na,na,na,na,na,na,na,na,na,na,na,na,na,na,na,na,na,na,na,na,na,na,na,na,na,na,na,na,na,na,na,na,na,na,na,na,na,na,na,na,na,na,na,na,na,na,na,na,na,na,na,na,na,na,na,na,na,na,na,na,na,na,na,na,na,na,na,na,na,na,na,na,na,na,na,na,na,na,na,na,na,na,na,na,na,na,na,na,na,na,na,na,na,na,na,na,na,na,na,na,na,na,na,na,na,na,na,na,na,na,na,na,na,na,na,na,na,na,na,na,na,na,na,na,na,na,na,na,na,na,na,na,na,na,na,na,na,na,na,na,na,na,na,na,na,na,na,na,na,na,na,na,na,na,na,na,na,na,na,na,na,na,na,na,na,na,na,na,na,na,na,na,na,na,na,na,na,na,na,na,na,na,na,na,na,na,na,na,na,na,na,na,na,na,na,na,na,na,na,na,na,na,na,na,na,na,na,na,na,na,na,na,na,na,na,na,na,na,na,na,na,na,na,na,na,na,na,na,na,na,na,na,na,na,na,na,na,na,na,na,na,na,na,na,na,na,na,na,na,na,na,na,na,na,na,na,na,na,na,na,na,na,na,na,na,na,na,na,na,na,na,na,na,na,na,na,na,na,na,na,na,na,na,na,na,na,na,na,na,na,na,na,na,na,na,na,na,na,na,na,na,na,na,na,na,na,na,na,na,na,na,na,na,na,na,na,na,na,na,na,na,na,na,na,na,na,na,na,na,na,na,na,na,na,na,na,na,na,na,na,na,na,na,na,na,na,na,na,na,na,na,na,na,na,na,na,na,na,na,na,na,na,na,na,na,na,na,na,na,na,na,na,na,na,na,na,na,na,na,na,na,na,na,na,na,na,na,na,na,na,na,na,na,na,na,na,na,na,na,na,na,na,na,na,na,na,na,na,na,na,na,na,na,na,na,na,na,na,na,na,na,na,na,na,na,na,na,na,na,na,na,na,na,na,na,na,na,na,na,na,na,na,na,na,na,na,na,na,na,na,na,na,na,na,na,na,na,na,na,na,na,na,na,na,na,na,na,na,na,na,na,na,na,na,na,na,na,na,na,na,na,na,na,na,na,na,na,na,na,na,na,na,na,na,na,na,na,na,na,na,na,na,na,na,na,na,na,na,na,na,na,na,na,na,na,na,na,na,na,na,na,na,na,na,na,na,na,na,na,na,na,na,na,na,na,na,na,na,na,na,na,na,na,na,na,na,na,na,na,na,na,na,na,na,na,na,na,na,na,na,na,na,na,na,na,na,na,na,na,na,na,na,na
127,            Point-To-Point Transport Services,105.056,106.386,103.724,101.276,103.21,104.179,102.861,105.292,104.505,101.278,102.341,100.826,103.973,101.242,98.224,97.641,98.666,98.251,98.804,102.864,99.345,97.828,95.269,91.847,93.601,93.203,92.256,91.847,92.046,91.756,92.017,94.455,96.082,94.82,95.235,94.078,94.341,93.627,91.641,91.192,92.733,90.899,87.309,86.155,82.932,83.541,80.919,78.707,79.89,79.519,79.276,78.131,77.005,79.962,79.152,80.007,78.265,78.137,76.602,76.111,75.818,75.752,75.262,74.039,73.514,74.06,74.851,75.704,78.164,77.083,77.352,76.338,75.96,75.916,75.349,75.765,75.442,76.105,76.248,77.743,76.517,76.989,76.31,76.31,76.31,76.31,76.31,76.31,76.31,76.31,76.31,76.31,76.31,76.31,76.31,76.31,76.31,76.31,76.31,76.31,76.31,76.31,76.31,76.31,76.31,76.31,76.31,76.31,76.31,76.31,76.31,76.31,76.31,76.31,76.31,76.31,76.31,76.31,76.31,76.149,76.149,76.149,76.149,76.149,76.146,76.062,76.062,75.79,75.79,75.79,na,na,na,na,na,na,na,na,na,na,na,na,na,na,na,na,na,na,na,na,na,na,na,na,na,na,na,na,na,na,na,na,na,na,na,na,na,na,na,na,na,na,na,na,na,na,na,na,na,na,na,na,na,na,na,na,na,na,na,na,na,na,na,na,na,na,na,na,na,na,na,na,na,na,na,na,na,na,na,na,na,na,na,na,na,na,na,na,na,na,na,na,na,na,na,na,na,na,na,na,na,na,na,na,na,na,na,na,na,na,na,na,na,na,na,na,na,na,na,na,na,na,na,na,na,na,na,na,na,na,na,na,na,na,na,na,na,na,na,na,na,na,na,na,na,na,na,na,na,na,na,na,na,na,na,na,na,na,na,na,na,na,na,na,na,na,na,na,na,na,na,na,na,na,na,na,na,na,na,na,na,na,na,na,na,na,na,na,na,na,na,na,na,na,na,na,na,na,na,na,na,na,na,na,na,na,na,na,na,na,na,na,na,na,na,na,na,na,na,na,na,na,na,na,na,na,na,na,na,na,na,na,na,na,na,na,na,na,na,na,na,na,na,na,na,na,na,na,na,na,na,na,na,na,na,na,na,na,na,na,na,na,na,na,na,na,na,na,na,na,na,na,na,na,na,na,na,na,na,na,na,na,na,na,na,na,na,na,na,na,na,na,na,na,na,na,na,na,na,na,na,na,na,na,na,na,na,na,na,na,na,na,na,na,na,na,na,na,na,na,na,na,na,na,na,na,na,na,na,na,na,na,na,na,na,na,na,na,na,na,na,na,na,na,na,na,na,na,na,na,na,na,na,na,na,na,na,na,na,na,na,na,na,na,na,na,na,na,na,na,na,na,na,na,na,na,na,na,na,na,na,na,na,na,na,na,na,na,na,na,na,na,na,na,na,na,na,na,na,na,na,na,na,na,na,na,na,na,na,na,na,na,na,na,na,na,na,na,na,na,na,na,na,na,na,na,na,na,na,na,na,na,na,na,na,na,na,na,na,na,na,na,na,na,na,na,na,na,na,na,na,na,na,na,na,na,na,na,na,na,na,na,na,na,na,na,na,na,na,na,na,na,na,na,na,na,na,na,na,na,na,na,na,na,na,na,na,na,na,na,na,na,na,na,na,na,na,na,na,na,na,na,na,na,na,na,na,na,na,na,na,na,na,na,na,na,na,na,na,na,na,na,na,na,na,na,na,na,na,na,na,na,na,na,na,na,na,na,na,na,na,na,na,na,na,na,na,na,na,na,na,na,na,na,na,na,na,na,na,na,na,na,na,na,na,na,na,na,na,na,na,na,na,na,na,na,na,na,na,na,na,na,na,na,na,na,na,na,na,na,na,na,na,na,na,na,na,na,na,na,na,na,na,na,na,na,na,na,na,na,na,na,na,na,na,na,na,na,na,na,na,na,na,na,na,na,na,na,na,na,na,na,na,na,na,na,na,na,na,na,na,na,na,na,na,na,na,na
128,            Commuting Fares,104.111,104.111,104.111,104.111,104.111,104.111,104.111,104.111,104.111,104.111,100,100,100,100,100,100,100,100,100,100,100,100,94.545,94.545,94.545,94.545,94.545,94.545,94.545,94.545,94.545,94.545,94.545,94.545,90.658,90.658,90.658,90.121,90.121,90.121,90.121,90.121,90.121,90.121,90.121,90.121,89.224,89.224,89.224,89.224,89.224,89.224,89.224,89.224,89.224,89.224,89.224,89.224,89.452,89.452,89.452,89.452,89.452,89.452,89.452,89.452,89.452,90.299,90.299,90.299,89.809,89.809,89.809,89.809,89.809,89.809,89.809,89.809,89.809,89.809,89.809,89.809,89.352,89.352,89.352,89.352,89.352,89.352,89.352,89.352,89.352,89.352,89.352,89.352,88.258,88.258,88.258,88.258,88.258,88.258,88.258,88.258,88.258,88.258,88.258,88.118,86.032,86.032,86.032,86.032,86.032,86.032,86.032,86.032,86.032,86.032,86.032,86.032,82.903,82.903,82.903,82.903,82.903,82.903,82.903,82.903,82.903,82.903,82.903,82.409,na,na,na,na,na,na,na,na,na,na,na,na,na,na,na,na,na,na,na,na,na,na,na,na,na,na,na,na,na,na,na,na,na,na,na,na,na,na,na,na,na,na,na,na,na,na,na,na,na,na,na,na,na,na,na,na,na,na,na,na,na,na,na,na,na,na,na,na,na,na,na,na,na,na,na,na,na,na,na,na,na,na,na,na,na,na,na,na,na,na,na,na,na,na,na,na,na,na,na,na,na,na,na,na,na,na,na,na,na,na,na,na,na,na,na,na,na,na,na,na,na,na,na,na,na,na,na,na,na,na,na,na,na,na,na,na,na,na,na,na,na,na,na,na,na,na,na,na,na,na,na,na,na,na,na,na,na,na,na,na,na,na,na,na,na,na,na,na,na,na,na,na,na,na,na,na,na,na,na,na,na,na,na,na,na,na,na,na,na,na,na,na,na,na,na,na,na,na,na,na,na,na,na,na,na,na,na,na,na,na,na,na,na,na,na,na,na,na,na,na,na,na,na,na,na,na,na,na,na,na,na,na,na,na,na,na,na,na,na,na,na,na,na,na,na,na,na,na,na,na,na,na,na,na,na,na,na,na,na,na,na,na,na,na,na,na,na,na,na,na,na,na,na,na,na,na,na,na,na,na,na,na,na,na,na,na,na,na,na,na,na,na,na,na,na,na,na,na,na,na,na,na,na,na,na,na,na,na,na,na,na,na,na,na,na,na,na,na,na,na,na,na,na,na,na,na,na,na,na,na,na,na,na,na,na,na,na,na,na,na,na,na,na,na,na,na,na,na,na,na,na,na,na,na,na,na,na,na,na,na,na,na,na,na,na,na,na,na,na,na,na,na,na,na,na,na,na,na,na,na,na,na,na,na,na,na,na,na,na,na,na,na,na,na,na,na,na,na,na,na,na,na,na,na,na,na,na,na,na,na,na,na,na,na,na,na,na,na,na,na,na,na,na,na,na,na,na,na,na,na,na,na,na,na,na,na,na,na,na,na,na,na,na,na,na,na,na,na,na,na,na,na,na,na,na,na,na,na,na,na,na,na,na,na,na,na,na,na,na,na,na,na,na,na,na,na,na,na,na,na,na,na,na,na,na,na,na,na,na,na,na,na,na,na,na,na,na,na,na,na,na,na,na,na,na,na,na,na,na,na,na,na,na,na,na,na,na,na,na,na,na,na,na,na,na,na,na,na,na,na,na,na,na,na,na,na,na,na,na,na,na,na,na,na,na,na,na,na,na,na,na,na,na,na,na,na,na,na,na,na,na,na,na,na,na,na,na,na,na,na,na,na,na,na,na,na,na,na,na,na,na,na,na,na,na,na,na,na,na,na,na,na,na,na,na,na,na,na,na,na,na,na,na,na,na,na,na,na,na,na,na,na,na,na,na,na,na,na,na,na,na,na,na,na,na,na,na,na,na,na,na,na,na,na,na,na,na,na,na,na,na,na,na,na,na,na,na,na
129,            Other Land Transport Services,102.693,97.195,97.169,94.335,94.882,95.735,96.546,96.795,105.694,100.486,99.38,99.492,99.812,100.172,101.184,97.93,99.151,98.238,99.066,100.078,108.299,97.201,na,na,na,na,na,na,na,na,na,na,na,na,na,na,na,na,na,na,na,na,na,na,na,na,na,na,na,na,na,na,na,na,na,na,na,na,na,na,na,na,na,na,na,na,na,na,na,na,na,na,na,na,na,na,na,na,na,na,na,na,na,na,na,na,na,na,na,na,na,na,na,na,na,na,na,na,na,na,na,na,na,na,na,na,na,na,na,na,na,na,na,na,na,na,na,na,na,na,na,na,na,na,na,na,na,na,na,na,na,na,na,na,na,na,na,na,na,na,na,na,na,na,na,na,na,na,na,na,na,na,na,na,na,na,na,na,na,na,na,na,na,na,na,na,na,na,na,na,na,na,na,na,na,na,na,na,na,na,na,na,na,na,na,na,na,na,na,na,na,na,na,na,na,na,na,na,na,na,na,na,na,na,na,na,na,na,na,na,na,na,na,na,na,na,na,na,na,na,na,na,na,na,na,na,na,na,na,na,na,na,na,na,na,na,na,na,na,na,na,na,na,na,na,na,na,na,na,na,na,na,na,na,na,na,na,na,na,na,na,na,na,na,na,na,na,na,na,na,na,na,na,na,na,na,na,na,na,na,na,na,na,na,na,na,na,na,na,na,na,na,na,na,na,na,na,na,na,na,na,na,na,na,na,na,na,na,na,na,na,na,na,na,na,na,na,na,na,na,na,na,na,na,na,na,na,na,na,na,na,na,na,na,na,na,na,na,na,na,na,na,na,na,na,na,na,na,na,na,na,na,na,na,na,na,na,na,na,na,na,na,na,na,na,na,na,na,na,na,na,na,na,na,na,na,na,na,na,na,na,na,na,na,na,na,na,na,na,na,na,na,na,na,na,na,na,na,na,na,na,na,na,na,na,na,na,na,na,na,na,na,na,na,na,na,na,na,na,na,na,na,na,na,na,na,na,na,na,na,na,na,na,na,na,na,na,na,na,na,na,na,na,na,na,na,na,na,na,na,na,na,na,na,na,na,na,na,na,na,na,na,na,na,na,na,na,na,na,na,na,na,na,na,na,na,na,na,na,na,na,na,na,na,na,na,na,na,na,na,na,na,na,na,na,na,na,na,na,na,na,na,na,na,na,na,na,na,na,na,na,na,na,na,na,na,na,na,na,na,na,na,na,na,na,na,na,na,na,na,na,na,na,na,na,na,na,na,na,na,na,na,na,na,na,na,na,na,na,na,na,na,na,na,na,na,na,na,na,na,na,na,na,na,na,na,na,na,na,na,na,na,na,na,na,na,na,na,na,na,na,na,na,na,na,na,na,na,na,na,na,na,na,na,na,na,na,na,na,na,na,na,na,na,na,na,na,na,na,na,na,na,na,na,na,na,na,na,na,na,na,na,na,na,na,na,na,na,na,na,na,na,na,na,na,na,na,na,na,na,na,na,na,na,na,na,na,na,na,na,na,na,na,na,na,na,na,na,na,na,na,na,na,na,na,na,na,na,na,na,na,na,na,na,na,na,na,na,na,na,na,na,na,na,na,na,na,na,na,na,na,na,na,na,na,na,na,na,na,na,na,na,na,na,na,na,na,na,na,na,na,na,na,na,na,na,na,na,na,na,na,na,na,na,na,na,na,na,na,na,na,na,na,na,na,na,na,na,na,na,na,na,na,na,na,na,na,na,na,na,na,na,na,na,na,na,na,na,na,na,na,na,na,na,na,na,na,na,na,na,na,na,na,na,na,na,na,na
130,        Other Transport Services,97.534,93.869,94.125,94.435,96.963,96.603,98.486,96.314,99.218,104.51,106.075,99.649,97.457,96.653,98.607,97.892,100.433,98.506,99.349,100.317,102.961,102.103,108.159,102.323,100.252,100.572,101.109,102.244,103.619,101.789,103.856,100.644,100.907,109.988,110.711,107.399,106.934,104.208,104.307,104.825,103.166,99.315,102.91,113.985,107.274,107.792,110.733,100.635,94.324,92.395,92.029,91.54,91.665,91.685,91.009,91.128,90.934,90.446,90.445,90.128,89.777,90.155,89.895,89.347,89.629,89.608,88.998,89.761,90.08,96.574,96.539,90.982,91.868,90.539,93.419,92.114,93.344,92.419,93.738,91.448,97.102,95.453,97.55,92.297,91.226,91.14,91.887,90.941,93.457,91.301,92.387,91.92,95.802,91.149,95.071,91.009,90.21,89.617,90.31,90.215,91.277,89.16,91.889,90.574,91.675,94.081,95.7,90.025,90.241,90.016,90.279,90.566,90.351,90.347,90.577,90.525,95.909,90.568,98.447,92.876,91.032,91.534,92.123,92.245,91.092,91.084,92.249,93.129,99.55,95.973,104.119,96.801,96.469,94.816,95.358,95.356,95.828,94.875,96.527,94.852,98.772,93.71,100.612,99.109,94.09,93.817,95.072,93.83,95.356,94.243,94.608,94.768,97.603,94.209,99.417,94.58,93.228,92.435,94.177,93.32,94.092,92.868,92.784,92.85,92.022,94.709,99.109,94.631,92.291,91.137,92.606,92.056,94.177,94.28,94.001,92.035,93.88,91.185,96.979,94.744,89.219,89.688,88.26,88.174,88.883,86.841,85.622,85.733,85.695,91.81,90.546,83.078,81.972,81.654,80.739,83.456,83.357,83.206,84.477,90.173,93.389,94.999,97.341,98.364,99.654,100.858,102.081,100.496,96.527,94.862,93.81,92.69,92.582,92.562,92.313,90.4,88.633,87.705,86.983,86.45,86.384,86.091,84.956,84.096,84.579,84.876,85.195,84.578,84.955,84.574,84.841,85.311,85.133,85.064,83.975,83.872,84.508,84.547,84.466,84.197,84.179,84.682,84.999,85.419,85.942,85.956,85.938,86.292,86.316,85.99,na,na,na,na,na,na,na,na,na,na,na,na,na,na,na,na,na,na,na,na,na,na,na,na,na,na,na,na,na,na,na,na,na,na,na,na,na,na,na,na,na,na,na,na,na,na,na,na,na,na,na,na,na,na,na,na,na,na,na,na,na,na,na,na,na,na,na,na,na,na,na,na,na,na,na,na,na,na,na,na,na,na,na,na,na,na,na,na,na,na,na,na,na,na,na,na,na,na,na,na,na,na,na,na,na,na,na,na,na,na,na,na,na,na,na,na,na,na,na,na,na,na,na,na,na,na,na,na,na,na,na,na,na,na,na,na,na,na,na,na,na,na,na,na,na,na,na,na,na,na,na,na,na,na,na,na,na,na,na,na,na,na,na,na,na,na,na,na,na,na,na,na,na,na,na,na,na,na,na,na,na,na,na,na,na,na,na,na,na,na,na,na,na,na,na,na,na,na,na,na,na,na,na,na,na,na,na,na,na,na,na,na,na,na,na,na,na,na,na,na,na,na,na,na,na,na,na,na,na,na,na,na,na,na,na,na,na,na,na,na,na,na,na,na,na,na,na,na,na,na,na,na,na,na,na,na,na,na,na,na,na,na,na,na,na,na,na,na,na,na,na,na,na,na,na,na,na,na,na,na,na,na,na,na,na,na,na,na,na,na,na,na,na,na,na,na,na,na,na,na,na,na,na,na,na,na,na,na,na,na,na,na,na,na,na,na,na,na,na,na,na,na,na,na,na,na,na,na,na,na,na,na,na,na,na,na,na,na,na,na,na,na,na,na,na,na,na,na,na,na,na,na,na,na,na,na,na,na,na,na,na,na,na,na,na,na,na,na,na,na,na,na,na,na,na,na,na,na,na,na,na,na,na,na,na,na,na,na,na,na,na,na,na,na,na,na,na,na,na,na,na,na,na,na,na,na,na,na,na,na,na,na,na,na,na,na,na,na,na,na,na,na,na,na,na,na,na,na,na,na,na,na,na,na,na,na,na,na,na,na,na,na,na,na,na,na,na,na,na,na,na,na,na,na,na,na,na,na,na,na,na,na,na,na,na,na,na,na,na,na,na,na,na,na,na,na,na,na,na,na,na,na,na,na,na,na,na,na,na,na,na,na,na,na,na,na,na,na,na,na,na,na,na,na,na,na,na,na,na,na,na,na,na,na,na,na,na,na,na,na,na,na,na,na,na,na,na,na
131,            Airfares,97.516,93.791,94.054,94.371,96.945,96.531,98.486,96.28,99.281,104.65,106.286,99.741,97.441,96.587,98.555,97.878,100.473,98.369,99.262,100.344,103.04,102.026,108.419,102.412,100.126,100.522,101.213,102.288,103.701,101.807,103.94,100.714,100.9,110.336,110.96,107.626,107.155,104.433,104.601,104.939,103.161,99.047,100.816,110.034,108.502,109.037,111.93,101.471,94.949,92.968,92.58,92.074,92.248,92.258,91.525,91.682,91.48,90.962,90.989,90.662,90.301,90.691,90.393,89.828,90.115,90.097,89.676,90.508,90.924,97.544,97.525,91.893,92.73,91.358,94.343,93.038,94.334,93.302,94.619,92.253,98.101,96.421,98.635,93.156,92.039,91.949,92.695,91.72,94.392,92.129,93.222,92.798,96.857,91.979,96.101,91.884,90.977,90.328,91.051,90.919,92.075,89.867,92.711,91.377,92.498,95.003,96.802,90.882,91.077,90.823,91.098,91.423,91.181,91.2,91.409,91.348,96.919,91.353,99.661,93.848,91.838,92.327,92.942,93.068,91.861,91.904,93.213,94.059,100.668,96.935,na,na,na,na,na,na,na,na,na,na,na,na,na,na,na,na,na,na,na,na,na,na,na,na,na,na,na,na,na,na,na,na,na,na,na,na,na,na,na,na,na,na,na,na,na,na,na,na,na,na,na,na,na,na,na,na,na,na,na,na,na,na,na,na,na,na,na,na,na,na,na,na,na,na,na,na,na,na,na,na,na,na,na,na,na,na,na,na,na,na,na,na,na,na,na,na,na,na,na,na,na,na,na,na,na,na,na,na,na,na,na,na,na,na,na,na,na,na,na,na,na,na,na,na,na,na,na,na,na,na,na,na,na,na,na,na,na,na,na,na,na,na,na,na,na,na,na,na,na,na,na,na,na,na,na,na,na,na,na,na,na,na,na,na,na,na,na,na,na,na,na,na,na,na,na,na,na,na,na,na,na,na,na,na,na,na,na,na,na,na,na,na,na,na,na,na,na,na,na,na,na,na,na,na,na,na,na,na,na,na,na,na,na,na,na,na,na,na,na,na,na,na,na,na,na,na,na,na,na,na,na,na,na,na,na,na,na,na,na,na,na,na,na,na,na,na,na,na,na,na,na,na,na,na,na,na,na,na,na,na,na,na,na,na,na,na,na,na,na,na,na,na,na,na,na,na,na,na,na,na,na,na,na,na,na,na,na,na,na,na,na,na,na,na,na,na,na,na,na,na,na,na,na,na,na,na,na,na,na,na,na,na,na,na,na,na,na,na,na,na,na,na,na,na,na,na,na,na,na,na,na,na,na,na,na,na,na,na,na,na,na,na,na,na,na,na,na,na,na,na,na,na,na,na,na,na,na,na,na,na,na,na,na,na,na,na,na,na,na,na,na,na,na,na,na,na,na,na,na,na,na,na,na,na,na,na,na,na,na,na,na,na,na,na,na,na,na,na,na,na,na,na,na,na,na,na,na,na,na,na,na,na,na,na,na,na,na,na,na,na,na,na,na,na,na,na,na,na,na,na,na,na,na,na,na,na,na,na,na,na,na,na,na,na,na,na,na,na,na,na,na,na,na,na,na,na,na,na,na,na,na,na,na,na,na,na,na,na,na,na,na,na,na,na,na,na,na,na,na,na,na,na,na,na,na,na,na,na,na,na,na,na,na,na,na,na,na,na,na,na,na,na,na,na,na,na,na,na,na,na,na,na,na,na,na,na,na,na,na,na,na,na,na,na,na,na,na,na,na,na,na,na,na,na,na,na,na,na,na,na,na,na,na,na,na,na,na,na,na,na,na,na,na,na,na,na,na,na,na,na,na,na,na,na,na,na,na,na,na,na,na,na,na,na,na,na,na,na,na,na,na,na,na,na,na,na,na,na,na,na,na,na,na,na,na,na,na,na,na,na,na,na,na,na,na,na,na,na,na,na,na,na,na,na,na,na,na,na,na,na,na,na,na,na,na,na,na,na,na,na,na,na,na,na,na,na,na,na,na,na,na,na,na,na,na,na,na,na
132,            Seafares,99.495,99.404,99.477,99.404,99.76,99.603,99.486,99.513,99.486,99.44,99.396,99.69,99.477,99.477,99.602,99.683,100.642,100.447,100.356,100.429,100.447,100.356,100.799,100.629,100.342,100.342,97.616,97.846,97.903,97.616,98.516,97.846,97.846,97.846,98.948,97.846,94.805,94.805,94.805,94.805,103.894,110.05,185.009,270.577,63.623,63.623,63.623,63.623,63.623,63.623,63.623,63.623,63.623,63.623,63.623,63.623,63.623,63.623,63.623,63.623,63.623,63.623,63.623,63.623,63.623,63.623,63.623,63.623,63.623,66.909,63.623,63.623,63.623,63.623,63.623,63.623,63.623,63.623,63.623,63.623,63.623,63.623,63.623,63.623,63.623,63.623,63.623,63.623,63.623,63.623,63.623,63.623,63.623,63.98,63.623,63.623,64.96,64.96,64.96,64.96,64.96,64.96,64.96,63.585,63.585,63.585,62.28,62.28,62.28,62.28,62.28,62.28,62.28,62.28,62.28,62.28,62.28,62.28,62.28,62.28,62.28,62.28,62.28,62.28,62.28,60.979,60.979,60.979,60.979,60.979,na,na,na,na,na,na,na,na,na,na,na,na,na,na,na,na,na,na,na,na,na,na,na,na,na,na,na,na,na,na,na,na,na,na,na,na,na,na,na,na,na,na,na,na,na,na,na,na,na,na,na,na,na,na,na,na,na,na,na,na,na,na,na,na,na,na,na,na,na,na,na,na,na,na,na,na,na,na,na,na,na,na,na,na,na,na,na,na,na,na,na,na,na,na,na,na,na,na,na,na,na,na,na,na,na,na,na,na,na,na,na,na,na,na,na,na,na,na,na,na,na,na,na,na,na,na,na,na,na,na,na,na,na,na,na,na,na,na,na,na,na,na,na,na,na,na,na,na,na,na,na,na,na,na,na,na,na,na,na,na,na,na,na,na,na,na,na,na,na,na,na,na,na,na,na,na,na,na,na,na,na,na,na,na,na,na,na,na,na,na,na,na,na,na,na,na,na,na,na,na,na,na,na,na,na,na,na,na,na,na,na,na,na,na,na,na,na,na,na,na,na,na,na,na,na,na,na,na,na,na,na,na,na,na,na,na,na,na,na,na,na,na,na,na,na,na,na,na,na,na,na,na,na,na,na,na,na,na,na,na,na,na,na,na,na,na,na,na,na,na,na,na,na,na,na,na,na,na,na,na,na,na,na,na,na,na,na,na,na,na,na,na,na,na,na,na,na,na,na,na,na,na,na,na,na,na,na,na,na,na,na,na,na,na,na,na,na,na,na,na,na,na,na,na,na,na,na,na,na,na,na,na,na,na,na,na,na,na,na,na,na,na,na,na,na,na,na,na,na,na,na,na,na,na,na,na,na,na,na,na,na,na,na,na,na,na,na,na,na,na,na,na,na,na,na,na,na,na,na,na,na,na,na,na,na,na,na,na,na,na,na,na,na,na,na,na,na,na,na,na,na,na,na,na,na,na,na,na,na,na,na,na,na,na,na,na,na,na,na,na,na,na,na,na,na,na,na,na,na,na,na,na,na,na,na,na,na,na,na,na,na,na,na,na,na,na,na,na,na,na,na,na,na,na,na,na,na,na,na,na,na,na,na,na,na,na,na,na,na,na,na,na,na,na,na,na,na,na,na,na,na,na,na,na,na,na,na,na,na,na,na,na,na,na,na,na,na,na,na,na,na,na,na,na,na,na,na,na,na,na,na,na,na,na,na,na,na,na,na,na,na,na,na,na,na,na,na,na,na,na,na,na,na,na,na,na,na,na,na,na,na,na,na,na,na,na,na,na,na,na,na,na,na,na,na,na,na,na,na,na,na,na,na,na,na,na,na,na,na,na,na,na,na,na,na,na,na,na,na,na,na,na,na,na,na,na,na,na,na,na,na,na,na,na,na,na,na,na,na,na,na,na,na,na,na,na,na,na,na,na,na,na,na,na,na,na,na,na,na,na,na,na,na,na,na,na,na,na,na,na,na,na,na,na,na,na,na,na,na,na,na,na,na,na,na,na,na,na
133,            Travel Insurance,97.898,98.453,97.987,97.708,96.455,102.944,97.49,97.49,90.865,91.552,85.518,87.719,97.436,102.403,104.374,97.932,95.083,114.206,109.56,96.751,95.24,113.778,na,na,na,na,na,na,na,na,na,na,na,na,na,na,na,na,na,na,na,na,na,na,na,na,na,na,na,na,na,na,na,na,na,na,na,na,na,na,na,na,na,na,na,na,na,na,na,na,na,na,na,na,na,na,na,na,na,na,na,na,na,na,na,na,na,na,na,na,na,na,na,na,na,na,na,na,na,na,na,na,na,na,na,na,na,na,na,na,na,na,na,na,na,na,na,na,na,na,na,na,na,na,na,na,na,na,na,na,na,na,na,na,na,na,na,na,na,na,na,na,na,na,na,na,na,na,na,na,na,na,na,na,na,na,na,na,na,na,na,na,na,na,na,na,na,na,na,na,na,na,na,na,na,na,na,na,na,na,na,na,na,na,na,na,na,na,na,na,na,na,na,na,na,na,na,na,na,na,na,na,na,na,na,na,na,na,na,na,na,na,na,na,na,na,na,na,na,na,na,na,na,na,na,na,na,na,na,na,na,na,na,na,na,na,na,na,na,na,na,na,na,na,na,na,na,na,na,na,na,na,na,na,na,na,na,na,na,na,na,na,na,na,na,na,na,na,na,na,na,na,na,na,na,na,na,na,na,na,na,na,na,na,na,na,na,na,na,na,na,na,na,na,na,na,na,na,na,na,na,na,na,na,na,na,na,na,na,na,na,na,na,na,na,na,na,na,na,na,na,na,na,na,na,na,na,na,na,na,na,na,na,na,na,na,na,na,na,na,na,na,na,na,na,na,na,na,na,na,na,na,na,na,na,na,na,na,na,na,na,na,na,na,na,na,na,na,na,na,na,na,na,na,na,na,na,na,na,na,na,na,na,na,na,na,na,na,na,na,na,na,na,na,na,na,na,na,na,na,na,na,na,na,na,na,na,na,na,na,na,na,na,na,na,na,na,na,na,na,na,na,na,na,na,na,na,na,na,na,na,na,na,na,na,na,na,na,na,na,na,na,na,na,na,na,na,na,na,na,na,na,na,na,na,na,na,na,na,na,na,na,na,na,na,na,na,na,na,na,na,na,na,na,na,na,na,na,na,na,na,na,na,na,na,na,na,na,na,na,na,na,na,na,na,na,na,na,na,na,na,na,na,na,na,na,na,na,na,na,na,na,na,na,na,na,na,na,na,na,na,na,na,na,na,na,na,na,na,na,na,na,na,na,na,na,na,na,na,na,na,na,na,na,na,na,na,na,na,na,na,na,na,na,na,na,na,na,na,na,na,na,na,na,na,na,na,na,na,na,na,na,na,na,na,na,na,na,na,na,na,na,na,na,na,na,na,na,na,na,na,na,na,na,na,na,na,na,na,na,na,na,na,na,na,na,na,na,na,na,na,na,na,na,na,na,na,na,na,na,na,na,na,na,na,na,na,na,na,na,na,na,na,na,na,na,na,na,na,na,na,na,na,na,na,na,na,na,na,na,na,na,na,na,na,na,na,na,na,na,na,na,na,na,na,na,na,na,na,na,na,na,na,na,na,na,na,na,na,na,na,na,na,na,na,na,na,na,na,na,na,na,na,na,na,na,na,na,na,na,na,na,na,na,na,na,na,na,na,na,na,na,na,na,na,na,na,na,na,na,na,na,na,na,na,na,na,na,na,na,na,na,na,na,na,na,na,na,na,na,na,na,na,na,na,na,na,na,na,na,na,na,na,na,na,na,na,na,na,na,na,na,na,na,na,na,na,na,na,na,na,na,na,na,na,na,na,na
134,        Transport Services Of Goods,99.042,99.526,98.636,98.559,99.066,99.4,99.901,99.217,101.122,99.998,98.516,98.267,99.194,98.763,97.738,99.159,105.966,96.775,100.365,103.405,100.316,101.538,98.358,98.196,96.758,92.712,92.722,92.656,92.926,93.272,91.791,91.433,92.164,91.696,89.306,89.909,90.798,90.953,91.119,90.127,90.102,90.362,89.85,90.227,87.913,87.646,87.389,87.937,87.769,87.986,88.25,88.117,88.458,87.131,87.605,87.715,87.468,87.914,87.718,87.718,90.231,93.241,93.241,93.241,90.966,93.241,93.241,93.241,93.241,93.241,90.65,90.741,90.979,90.979,90.979,90.979,90.979,90.979,90.979,90.979,90.979,90.979,89.597,89.597,89.597,89.597,89.597,89.597,89.597,89.597,89.597,89.597,89.597,89.597,87.282,87.282,87.282,87.282,87.282,87.282,87.282,87.282,87.282,87.282,87.282,87.282,87.282,87.282,87.282,87.282,87.282,87.282,87.282,87.282,87.282,87.282,87.282,87.282,86.674,86.674,86.674,86.674,86.674,86.674,86.674,86.674,86.674,86.674,86.674,86.674,86.674,86.674,86.674,82.924,82.924,82.924,82.924,82.924,82.924,82.924,82.924,82.924,83.071,83.071,83.071,83.071,83.071,83.071,81.267,81.267,81.267,79.676,79.676,79.676,77.651,77.651,77.651,77.651,77.651,77.651,77.651,77.651,77.651,74.122,74.122,74.122,71.8,70.308,70.308,70.308,70.308,67.798,67.798,66.486,66.486,66.486,68.491,68.491,66.486,66.486,66.486,66.486,66.486,66.486,66.486,66.486,66.486,66.486,65.994,65.994,65.994,65.994,65.994,65.994,65.994,65.994,66.934,66.934,66.934,66.934,66.934,66.934,66.934,68.101,74.277,73.539,73.539,73.539,68.246,68.246,67.323,67.323,67.323,67.323,67.323,68.606,68.606,68.606,68.606,68.606,67.655,67.655,67.655,67.655,67.16,67.16,63.784,60.763,60.763,60.763,60.763,60.763,60.763,60.763,60.763,60.763,60.763,60.763,60.34,60.34,60.34,60.34,60.299,60.34,59.71,59.71,59.71,60.403,60.609,60.701,na,na,na,na,na,na,na,na,na,na,na,na,na,na,na,na,na,na,na,na,na,na,na,na,na,na,na,na,na,na,na,na,na,na,na,na,na,na,na,na,na,na,na,na,na,na,na,na,na,na,na,na,na,na,na,na,na,na,na,na,na,na,na,na,na,na,na,na,na,na,na,na,na,na,na,na,na,na,na,na,na,na,na,na,na,na,na,na,na,na,na,na,na,na,na,na,na,na,na,na,na,na,na,na,na,na,na,na,na,na,na,na,na,na,na,na,na,na,na,na,na,na,na,na,na,na,na,na,na,na,na,na,na,na,na,na,na,na,na,na,na,na,na,na,na,na,na,na,na,na,na,na,na,na,na,na,na,na,na,na,na,na,na,na,na,na,na,na,na,na,na,na,na,na,na,na,na,na,na,na,na,na,na,na,na,na,na,na,na,na,na,na,na,na,na,na,na,na,na,na,na,na,na,na,na,na,na,na,na,na,na,na,na,na,na,na,na,na,na,na,na,na,na,na,na,na,na,na,na,na,na,na,na,na,na,na,na,na,na,na,na,na,na,na,na,na,na,na,na,na,na,na,na,na,na,na,na,na,na,na,na,na,na,na,na,na,na,na,na,na,na,na,na,na,na,na,na,na,na,na,na,na,na,na,na,na,na,na,na,na,na,na,na,na,na,na,na,na,na,na,na,na,na,na,na,na,na,na,na,na,na,na,na,na,na,na,na,na,na,na,na,na,na,na,na,na,na,na,na,na,na,na,na,na,na,na,na,na,na,na,na,na,na,na,na,na,na,na,na,na,na,na,na,na,na,na,na,na,na,na,na,na,na,na,na,na,na,na,na,na,na,na,na,na,na,na,na,na,na,na,na,na,na,na,na,na,na,na,na,na,na,na,na,na,na,na,na,na,na,na,na,na,na,na,na,na,na,na,na,na,na,na,na,na,na,na,na,na,na,na,na,na,na,na,na,na,na,na,na,na,na,na,na,na,na,na,na,na,na,na,na,na,na,na,na,na,na,na,na,na,na,na,na,na,na,na,na,na,na,na,na,na,na,na,na,na,na,na,na,na,na,na,na,na,na,na,na,na,na,na,na,na,na,na,na,na,na,na,na,na,na,na,na,na,na,na,na,na,na,na,na,na,na,na,na,na,na,na,na,na,na,na,na,na,na,na,na,na,na,na,na,na,na,na,na,na,na,na
135,    Information & Communication,98.004,97.56,97.527,97.229,97.278,98.347,97.847,97.91,99.679,99.902,100.103,100.168,100.467,99.939,99.642,99.853,99.648,100.276,99.856,99.815,100.14,100.095,100.134,100.312,100.223,100.149,98.33,98.836,98.521,99.462,99.298,98.786,99.194,97.786,96.809,96.855,97.12,96.909,96.459,96.051,96.115,96.585,96.783,96.331,96.396,97.086,97.372,97.5,97.232,96.832,97.444,96.64,96.497,96.828,97.146,98.156,98.956,98.701,98.38,98.335,98.622,98.977,99.36,98.276,96.897,96.894,97.731,97.73,98.478,97.672,97.704,97.814,97.887,97.25,97.702,97.375,97.276,97.749,98.497,98.286,98.235,97.712,97.665,97.662,99.15,98.821,98.917,100.403,99.581,99.369,99.091,98.993,100.18,100.118,99.951,100.488,100.483,100.474,100.062,100.144,99.456,99.969,100.245,99.216,100.214,99.405,99.52,99.235,99.82,99.429,100.165,100.091,100.115,99.854,99.819,99.955,99.852,100.102,100.615,100.129,100.35,99.271,99.309,99.337,99.774,99.874,101.354,101.397,100.389,100.393,100.462,100.587,100.646,100.438,99.433,99.476,99.352,99.661,99.671,99.392,99.709,99.728,99.242,99.758,99.728,100.06,100.179,99.26,99.394,99.365,99.455,99.503,99.503,99.315,99.004,99.932,100.073,100.152,100.185,100.181,100.112,100.083,100.142,100.116,100.283,100.428,100.485,100.499,100.403,100.404,100.502,100.15,100.173,100.279,100.291,100.368,100.66,100.745,107.154,107.249,107.154,107.857,107.747,107.008,107.024,107.372,108.111,109.291,109.057,107.401,108.345,108.544,110.422,110.745,110.744,110.828,110.909,110.924,110.993,111.096,110.928,111.083,110.645,110.46,110.779,110.712,110.887,110.909,111.124,111.521,111.695,111.897,111.856,111.861,112.083,112.112,112.139,112.019,112.274,112.177,110.852,111.096,110.767,111.11,111.192,111.088,111.064,111.076,111.112,111.154,111.265,111.546,111.398,112.28,112.284,112.561,113.355,113.673,113.741,113.624,113.437,113.618,113.908,114.167,114.209,114.141,114.171,114.529,114.818,115.114,115.22,115.457,115.163,115.157,115.27,115.408,115.493,115.685,115.821,115.907,115.946,115.915,115.365,115.567,116.254,116.344,116.421,116.217,116.226,116.213,116.509,116.571,116.593,116.82,115.252,115.391,115.656,115.803,116.009,116.237,116.553,116.483,116.518,116.536,116.252,116.224,116.379,116.514,116.645,116.793,117.064,117.606,117.851,118.053,117.991,118.158,118.288,118.441,118.74,119.143,119.252,119.595,119.811,120.024,120.448,121.048,123.307,123.511,123.39,123.326,124.018,123.909,124.297,124.361,124.985,125.314,125.314,125.336,125.196,125.854,126.004,126.216,127.33,127.545,128.385,128.806,129.314,129.385,129.491,128.98,129.319,129.476,129.76,130.293,130.258,130.398,132.484,132.732,132.674,133.056,133.355,133.652,133.776,133.919,134.082,134.179,134.964,134.99,135.372,135.383,135.433,135.191,135.177,135.412,135.884,136.262,136.581,136.867,137.197,137.44,137.729,138.224,138.571,138.562,138.985,139.289,140.425,140.805,141.147,141.471,141.981,142.624,143.431,144.139,145.503,145.628,145.778,146.094,146.131,143.665,143.693,143.728,142.844,143.154,143.181,143.199,143.206,143.206,143.153,142.811,142.811,142.778,142.678,142.678,143.352,143.358,143.391,143.446,143.577,143.551,143.631,143.786,143.819,144.081,144.113,144.043,144.234,144.326,144.328,144.672,145.242,145.277,145.387,145.498,145.746,146.213,146.369,146.347,145.628,138.821,139.179,139.283,139.304,139.444,139.449,140.046,141.443,141.486,141.521,141.598,141.201,141.237,141.985,142.937,143.016,143.029,141.867,141.913,141.914,139.041,139.028,139.041,139.029,139.039,138.963,139.462,139.408,139.39,139.392,139.421,139.322,139.291,139.352,139.316,139.269,139.316,139.325,139.335,139.381,139.472,139.539,139.589,138.661,138.543,138.57,138.667,138.722,138.698,138.698,138.758,138.496,138.441,138.423,138.414,138.421,138.784,138.742,139.023,139.123,139.419,139.437,139.539,139.626,140.084,140.425,141.09,141.398,152.034,152.202,152.391,152.413,152.65,153.015,153.077,153.366,153.733,153.767,153.893,153.943,154.133,154.408,153.888,148.803,149.297,149.474,149.531,149.903,150.372,150.847,151.15,151.22,151.371,151.403,151.447,153.29,153.369,153.425,153.668,153.844,154.582,154.763,155.559,158.67,158.404,159.621,159.638,160.575,162.272,163.326,164.349,165.738,166.088,166.026,166.181,166.2,166.22,166.173,166.173,166.578,166.757,166.851,166.804,166.785,166.785,167.706,167.706,168.116,169.398,169.231,169.01,169.221,169.221,169.221,169.221,169.221,169.221,169.236,169.236,169.259,169.252,169.246,169.246,169.274,169.274,169.287,169.287,169.328,169.272,169.592,169.641,169.713,166.752,166.804,167.057,167.869,167.869,167.869,166.307,166.307,166.307,162.412,162.412,166.307,166.307,166.307,166.307,166.307,166.307,166.307,166.307,166.307,166.307,166.307,166.307,166.307,166.307,166.307,164.646,166.307,166.307,166.307,166.307,166.307,166.307,166.307,166.307,166.307,163.967,163.967,163.967,163.967,163.967,163.967,163.967,163.967,163.967,163.967,163.98,163.98,163.98,161.154,160.02,158.186,158.186,158.186,157.27,157.27,157.27,157.27,157.27,155.665,155.665,153.546,153.546,153.546,153.546,153.546,153.546,153.546,153.546,153.546,153.546,153.546,153.546,153.546,153.546,153.546,153.546,153.546,153.546,153.546,153.546,153.546,153.546,153.546,153.546,153.546,153.546,153.546,153.546,153.546,153.546,153.546,153.546,153.546,153.546,153.546,153.546,153.546,153.546,153.546,153.546,153.546,153.546,153.546,153.546,153.546,153.546,153.546,153.546,153.546,153.546,153.546,153.546,153.546,153.546,153.546,153.546,153.546,153.546,153.546,153.546,153.546,153.546,153.546,153.546,153.546,153.546,153.546,153.546,153.546,153.546,153.546,153.546,153.546,153.546,153.546,153.546,153.546,153.546,153.546,153.546,153.546,153.546,153.546,153.546,153.546,153.546,153.546,153.546,153.546,153.546,153.546,153.546,153.546,153.546,153.546,153.546,153.546,153.546,153.546,153.546,153.546,153.546,153.546,153.546,153.546,153.546,153.546,153.546,153.546,153.546,153.546,153.546,153.546,153.546,153.546,153.546,153.546,153.546,153.546,153.546,153.546,153.546,153.546,153.546,153.546,153.546,153.546,153.546,153.546,153.546,153.546,153.546,153.546,153.546,153.546,153.546,153.546,153.546,153.546,153.546,153.546,153.546,153.546,153.546,153.546,153.546
136,        Information & Communication Equipment,98.501,97.697,97.16,96.242,95.606,95.364,96.371,96.294,98.278,99.389,100.038,100.791,101.324,100.408,99.704,100.607,99.099,99.725,99.783,99.611,99.746,99.164,98.868,99.401,98.736,99.015,97.256,99.498,99.453,99.935,101.348,100.862,101.345,99.996,98.894,100.109,100.807,100.208,97.751,97.61,99.627,101.057,102.902,102.922,99.312,100.265,100.209,99.111,98.524,97.112,97.508,94.344,92.863,96.571,97.717,98.443,100.315,101.352,101.056,101.128,99.612,100.896,101.359,97.999,96.166,97.083,98.702,102.675,100.707,100.994,101.053,103.919,104.625,102.084,100.394,98.477,100.559,104.101,105.213,105.213,104.684,103.5,106.045,106.067,109.22,108.199,111.493,110.741,111.879,110.869,110.623,110.532,111.36,112.608,111.008,112.793,113.198,113.643,111.966,112.765,113.528,111.215,111.751,111.275,112.949,111.939,112.245,112.696,113.855,113.732,113.654,114.374,114.627,114.872,115.175,114.806,115.193,115.146,115.606,116.118,115.841,114.69,114.834,115.04,115.091,114.886,114.752,114.843,115.255,115.284,115.965,116.218,116.225,114.878,115.109,115.045,116.782,116.614,116.812,116.614,116.995,117.146,117.587,117.433,117.201,116.018,115.748,114.912,115.883,115.647,116.18,116.697,116.697,117.313,117.43,116.953,118.045,118.665,119.069,119.037,118.517,118.279,118.746,119.66,120.911,121.741,122.175,122.292,121.652,121.51,122.273,123.227,124.842,125.231,125.326,125.414,126.369,127.034,127.974,128.72,127.967,127.496,127.727,129.165,129.005,129.228,134.99,130.796,131.802,131.978,131.733,133.212,133.325,134.591,134.547,135.199,135.837,135.945,136.493,137.272,135.972,137.17,139.453,138.007,140.495,139.934,141.361,141.534,141.453,144.546,145.895,146.504,146.183,146.216,148.013,147.523,147.732,149.495,149.685,150.994,154.357,156.311,156.302,159.058,159.716,158.88,158.687,158.9,159.186,159.52,160.412,162.666,164.777,167.448,171.085,173.304,176.047,178.6,179.148,178.207,176.703,178.162,180.49,182.555,182.893,182.345,182.584,185.562,187.89,189.363,na,na,na,na,na,na,na,na,na,na,na,na,na,na,na,na,na,na,na,na,na,na,na,na,na,na,na,na,na,na,na,na,na,na,na,na,na,na,na,na,na,na,na,na,na,na,na,na,na,na,na,na,na,na,na,na,na,na,na,na,na,na,na,na,na,na,na,na,na,na,na,na,na,na,na,na,na,na,na,na,na,na,na,na,na,na,na,na,na,na,na,na,na,na,na,na,na,na,na,na,na,na,na,na,na,na,na,na,na,na,na,na,na,na,na,na,na,na,na,na,na,na,na,na,na,na,na,na,na,na,na,na,na,na,na,na,na,na,na,na,na,na,na,na,na,na,na,na,na,na,na,na,na,na,na,na,na,na,na,na,na,na,na,na,na,na,na,na,na,na,na,na,na,na,na,na,na,na,na,na,na,na,na,na,na,na,na,na,na,na,na,na,na,na,na,na,na,na,na,na,na,na,na,na,na,na,na,na,na,na,na,na,na,na,na,na,na,na,na,na,na,na,na,na,na,na,na,na,na,na,na,na,na,na,na,na,na,na,na,na,na,na,na,na,na,na,na,na,na,na,na,na,na,na,na,na,na,na,na,na,na,na,na,na,na,na,na,na,na,na,na,na,na,na,na,na,na,na,na,na,na,na,na,na,na,na,na,na,na,na,na,na,na,na,na,na,na,na,na,na,na,na,na,na,na,na,na,na,na,na,na,na,na,na,na,na,na,na,na,na,na,na,na,na,na,na,na,na,na,na,na,na,na,na,na,na,na,na,na,na,na,na,na,na,na,na,na,na,na,na,na,na,na,na,na,na,na,na,na,na,na,na,na,na,na,na,na,na,na,na,na,na,na,na,na,na,na,na,na,na,na,na,na,na,na,na,na,na,na,na,na,na,na,na,na,na,na,na,na,na,na,na,na,na,na,na,na,na,na,na,na,na,na,na,na,na,na,na,na,na,na,na,na,na,na,na,na,na,na,na,na,na,na,na,na,na,na,na,na,na,na,na,na,na,na,na,na,na,na,na,na,na,na,na,na,na,na,na,na,na,na,na,na,na,na,na,na,na,na,na,na,na,na,na,na,na,na,na,na,na,na,na,na,na,na,na,na,na,na,na,na,na,na,na,na,na,na,na,na,na,na,na,na,na,na,na,na,na,na,na,na,na,na,na,na,na,na,na,na,na,na,na,na,na,na,na,na,na
137,            Mobile Telephone Equipment,94.876,93.004,90.475,87.358,85.889,84.77,87.639,88.208,93.263,97.43,99.302,100.939,101.462,99.315,97.381,99.912,99.371,99.504,100.26,100.374,100.81,101.37,na,na,na,na,na,na,na,na,na,na,na,na,na,na,na,na,na,na,na,na,na,na,na,na,na,na,na,na,na,na,na,na,na,na,na,na,na,na,na,na,na,na,na,na,na,na,na,na,na,na,na,na,na,na,na,na,na,na,na,na,na,na,na,na,na,na,na,na,na,na,na,na,na,na,na,na,na,na,na,na,na,na,na,na,na,na,na,na,na,na,na,na,na,na,na,na,na,na,na,na,na,na,na,na,na,na,na,na,na,na,na,na,na,na,na,na,na,na,na,na,na,na,na,na,na,na,na,na,na,na,na,na,na,na,na,na,na,na,na,na,na,na,na,na,na,na,na,na,na,na,na,na,na,na,na,na,na,na,na,na,na,na,na,na,na,na,na,na,na,na,na,na,na,na,na,na,na,na,na,na,na,na,na,na,na,na,na,na,na,na,na,na,na,na,na,na,na,na,na,na,na,na,na,na,na,na,na,na,na,na,na,na,na,na,na,na,na,na,na,na,na,na,na,na,na,na,na,na,na,na,na,na,na,na,na,na,na,na,na,na,na,na,na,na,na,na,na,na,na,na,na,na,na,na,na,na,na,na,na,na,na,na,na,na,na,na,na,na,na,na,na,na,na,na,na,na,na,na,na,na,na,na,na,na,na,na,na,na,na,na,na,na,na,na,na,na,na,na,na,na,na,na,na,na,na,na,na,na,na,na,na,na,na,na,na,na,na,na,na,na,na,na,na,na,na,na,na,na,na,na,na,na,na,na,na,na,na,na,na,na,na,na,na,na,na,na,na,na,na,na,na,na,na,na,na,na,na,na,na,na,na,na,na,na,na,na,na,na,na,na,na,na,na,na,na,na,na,na,na,na,na,na,na,na,na,na,na,na,na,na,na,na,na,na,na,na,na,na,na,na,na,na,na,na,na,na,na,na,na,na,na,na,na,na,na,na,na,na,na,na,na,na,na,na,na,na,na,na,na,na,na,na,na,na,na,na,na,na,na,na,na,na,na,na,na,na,na,na,na,na,na,na,na,na,na,na,na,na,na,na,na,na,na,na,na,na,na,na,na,na,na,na,na,na,na,na,na,na,na,na,na,na,na,na,na,na,na,na,na,na,na,na,na,na,na,na,na,na,na,na,na,na,na,na,na,na,na,na,na,na,na,na,na,na,na,na,na,na,na,na,na,na,na,na,na,na,na,na,na,na,na,na,na,na,na,na,na,na,na,na,na,na,na,na,na,na,na,na,na,na,na,na,na,na,na,na,na,na,na,na,na,na,na,na,na,na,na,na,na,na,na,na,na,na,na,na,na,na,na,na,na,na,na,na,na,na,na,na,na,na,na,na,na,na,na,na,na,na,na,na,na,na,na,na,na,na,na,na,na,na,na,na,na,na,na,na,na,na,na,na,na,na,na,na,na,na,na,na,na,na,na,na,na,na,na,na,na,na,na,na,na,na,na,na,na,na,na,na,na,na,na,na,na,na,na,na,na,na,na,na,na,na,na,na,na,na,na,na,na,na,na,na,na,na,na,na,na,na,na,na,na,na,na,na,na,na,na,na,na,na,na,na,na,na,na,na,na,na,na,na,na,na,na,na,na,na,na,na,na,na,na,na,na,na,na,na,na,na,na,na,na,na,na,na,na,na,na,na,na,na,na,na,na,na,na,na,na,na,na,na,na,na,na,na,na,na,na,na,na,na,na,na,na,na,na,na
138,            Information Processing Equipment,100.258,100.258,100.366,100.366,100.642,100.642,100.642,100.751,100.751,100.751,100.914,101.228,101.228,101.228,100.575,100.575,99.973,99.307,98.771,99.264,99.264,97.673,97.315,97.538,97.538,96.97,96.296,95.953,95.879,96.293,96.089,95.85,97.535,96.744,95.957,95.957,96.744,96.465,98.508,97.995,97.953,98.637,99.615,99.177,95.767,96.034,97.344,97.812,99.716,100.598,100.819,98.404,97.356,98.715,97.217,97.777,99.193,100.674,99.929,100.995,100.887,101.951,103.144,102.815,103.014,102.001,102.652,101.606,100.779,100.567,101.265,103.436,102.919,102.984,102.583,102.26,103.767,103.223,103.533,103.571,103.029,104.312,102.984,101.871,101.872,103.693,104.072,104.256,104.152,105.045,105.16,103.913,104.88,103.306,101.836,102.915,103.189,106.137,104.532,105.139,104.841,104.777,103.877,102.411,105.259,101.927,102.288,102.966,104.245,104.326,104.292,104.923,105.064,105.218,105.218,105.488,105.488,105.488,105.488,105.488,105.488,105.488,105.488,105.488,105.488,105.49,105.49,105.49,105.49,105.49,na,na,na,na,na,na,na,na,na,na,na,na,na,na,na,na,na,na,na,na,na,na,na,na,na,na,na,na,na,na,na,na,na,na,na,na,na,na,na,na,na,na,na,na,na,na,na,na,na,na,na,na,na,na,na,na,na,na,na,na,na,na,na,na,na,na,na,na,na,na,na,na,na,na,na,na,na,na,na,na,na,na,na,na,na,na,na,na,na,na,na,na,na,na,na,na,na,na,na,na,na,na,na,na,na,na,na,na,na,na,na,na,na,na,na,na,na,na,na,na,na,na,na,na,na,na,na,na,na,na,na,na,na,na,na,na,na,na,na,na,na,na,na,na,na,na,na,na,na,na,na,na,na,na,na,na,na,na,na,na,na,na,na,na,na,na,na,na,na,na,na,na,na,na,na,na,na,na,na,na,na,na,na,na,na,na,na,na,na,na,na,na,na,na,na,na,na,na,na,na,na,na,na,na,na,na,na,na,na,na,na,na,na,na,na,na,na,na,na,na,na,na,na,na,na,na,na,na,na,na,na,na,na,na,na,na,na,na,na,na,na,na,na,na,na,na,na,na,na,na,na,na,na,na,na,na,na,na,na,na,na,na,na,na,na,na,na,na,na,na,na,na,na,na,na,na,na,na,na,na,na,na,na,na,na,na,na,na,na,na,na,na,na,na,na,na,na,na,na,na,na,na,na,na,na,na,na,na,na,na,na,na,na,na,na,na,na,na,na,na,na,na,na,na,na,na,na,na,na,na,na,na,na,na,na,na,na,na,na,na,na,na,na,na,na,na,na,na,na,na,na,na,na,na,na,na,na,na,na,na,na,na,na,na,na,na,na,na,na,na,na,na,na,na,na,na,na,na,na,na,na,na,na,na,na,na,na,na,na,na,na,na,na,na,na,na,na,na,na,na,na,na,na,na,na,na,na,na,na,na,na,na,na,na,na,na,na,na,na,na,na,na,na,na,na,na,na,na,na,na,na,na,na,na,na,na,na,na,na,na,na,na,na,na,na,na,na,na,na,na,na,na,na,na,na,na,na,na,na,na,na,na,na,na,na,na,na,na,na,na,na,na,na,na,na,na,na,na,na,na,na,na,na,na,na,na,na,na,na,na,na,na,na,na,na,na,na,na,na,na,na,na,na,na,na,na,na,na,na,na,na,na,na,na,na,na,na,na,na,na,na,na,na,na,na,na,na,na,na,na,na,na,na,na,na,na,na,na,na,na,na,na,na,na,na,na,na,na,na,na,na,na,na,na,na,na,na,na,na,na,na,na,na,na,na,na,na,na,na,na,na,na,na,na,na,na,na,na,na,na,na,na,na,na,na,na,na,na,na,na,na,na,na,na,na,na,na,na,na,na,na,na,na,na,na,na,na,na,na,na,na,na,na,na,na,na,na,na,na,na,na,na,na,na,na,na,na,na,na,na,na,na,na,na,na,na,na,na,na,na,na,na,na,na,na,na,na,na
139,"            Equipment For The Reception, Recording & Reproduction Of Sound & Vision",102.043,101.103,101.882,101.882,101.926,102.063,102.191,101.305,102.111,101.857,102.2,102.007,101.799,100.688,101.138,101.288,97.052,98.973,98.891,99.043,99.089,97.832,na,na,na,na,na,na,na,na,na,na,na,na,na,na,na,na,na,na,na,na,na,na,na,na,na,na,na,na,na,na,na,na,na,na,na,na,na,na,na,na,na,na,na,na,na,na,na,na,na,na,na,na,na,na,na,na,na,na,na,na,na,na,na,na,na,na,na,na,na,na,na,na,na,na,na,na,na,na,na,na,na,na,na,na,na,na,na,na,na,na,na,na,na,na,na,na,na,na,na,na,na,na,na,na,na,na,na,na,na,na,na,na,na,na,na,na,na,na,na,na,na,na,na,na,na,na,na,na,na,na,na,na,na,na,na,na,na,na,na,na,na,na,na,na,na,na,na,na,na,na,na,na,na,na,na,na,na,na,na,na,na,na,na,na,na,na,na,na,na,na,na,na,na,na,na,na,na,na,na,na,na,na,na,na,na,na,na,na,na,na,na,na,na,na,na,na,na,na,na,na,na,na,na,na,na,na,na,na,na,na,na,na,na,na,na,na,na,na,na,na,na,na,na,na,na,na,na,na,na,na,na,na,na,na,na,na,na,na,na,na,na,na,na,na,na,na,na,na,na,na,na,na,na,na,na,na,na,na,na,na,na,na,na,na,na,na,na,na,na,na,na,na,na,na,na,na,na,na,na,na,na,na,na,na,na,na,na,na,na,na,na,na,na,na,na,na,na,na,na,na,na,na,na,na,na,na,na,na,na,na,na,na,na,na,na,na,na,na,na,na,na,na,na,na,na,na,na,na,na,na,na,na,na,na,na,na,na,na,na,na,na,na,na,na,na,na,na,na,na,na,na,na,na,na,na,na,na,na,na,na,na,na,na,na,na,na,na,na,na,na,na,na,na,na,na,na,na,na,na,na,na,na,na,na,na,na,na,na,na,na,na,na,na,na,na,na,na,na,na,na,na,na,na,na,na,na,na,na,na,na,na,na,na,na,na,na,na,na,na,na,na,na,na,na,na,na,na,na,na,na,na,na,na,na,na,na,na,na,na,na,na,na,na,na,na,na,na,na,na,na,na,na,na,na,na,na,na,na,na,na,na,na,na,na,na,na,na,na,na,na,na,na,na,na,na,na,na,na,na,na,na,na,na,na,na,na,na,na,na,na,na,na,na,na,na,na,na,na,na,na,na,na,na,na,na,na,na,na,na,na,na,na,na,na,na,na,na,na,na,na,na,na,na,na,na,na,na,na,na,na,na,na,na,na,na,na,na,na,na,na,na,na,na,na,na,na,na,na,na,na,na,na,na,na,na,na,na,na,na,na,na,na,na,na,na,na,na,na,na,na,na,na,na,na,na,na,na,na,na,na,na,na,na,na,na,na,na,na,na,na,na,na,na,na,na,na,na,na,na,na,na,na,na,na,na,na,na,na,na,na,na,na,na,na,na,na,na,na,na,na,na,na,na,na,na,na,na,na,na,na,na,na,na,na,na,na,na,na,na,na,na,na,na,na,na,na,na,na,na,na,na,na,na,na,na,na,na,na,na,na,na,na,na,na,na,na,na,na,na,na,na,na,na,na,na,na,na,na,na,na,na,na,na,na,na,na,na,na,na,na,na,na,na,na,na,na,na,na,na,na,na,na,na,na,na,na,na,na,na,na,na,na,na,na,na,na,na,na,na,na,na,na,na,na,na,na,na,na,na,na,na,na,na,na,na,na,na,na,na,na,na,na,na,na,na,na,na,na,na,na,na,na,na,na,na,na
140,            Unrecorded Recording Media,100,100,100,100,100,100,100,100,100,100,100,100,100,100,100,100,100,100,100,100,100,100,83.616,83.616,83.616,83.616,83.616,83.616,83.616,87.284,87.284,87.284,87.284,87.284,86.611,86.611,86.611,86.611,86.611,86.611,86.611,86.611,86.611,86.611,86.611,86.611,82.957,82.957,82.957,83.232,73.329,73.329,81.787,89.936,84.281,84.281,94.214,96.545,92.185,94.516,96.545,96.545,96.545,96.545,96.545,91.504,97.775,97.775,89.4,89.4,89.4,89.4,89.4,89.4,89.4,81.583,90.212,90.212,90.212,91.241,91.241,93.599,95.853,101.41,102.689,119.723,119.723,119.723,119.723,119.723,119.723,119.723,120.103,120.103,120.103,120.103,120.103,120.103,120.103,120.103,119.112,119.112,116.907,114.546,114.546,114.546,115.399,115.399,115.399,115.399,115.399,116.727,117.844,117.844,117.844,117.844,117.842,117.842,115.388,115.388,115.388,115.388,116.874,116.874,118.834,118.834,118.834,121.722,121.722,121.722,na,na,na,na,na,na,na,na,na,na,na,na,na,na,na,na,na,na,na,na,na,na,na,na,na,na,na,na,na,na,na,na,na,na,na,na,na,na,na,na,na,na,na,na,na,na,na,na,na,na,na,na,na,na,na,na,na,na,na,na,na,na,na,na,na,na,na,na,na,na,na,na,na,na,na,na,na,na,na,na,na,na,na,na,na,na,na,na,na,na,na,na,na,na,na,na,na,na,na,na,na,na,na,na,na,na,na,na,na,na,na,na,na,na,na,na,na,na,na,na,na,na,na,na,na,na,na,na,na,na,na,na,na,na,na,na,na,na,na,na,na,na,na,na,na,na,na,na,na,na,na,na,na,na,na,na,na,na,na,na,na,na,na,na,na,na,na,na,na,na,na,na,na,na,na,na,na,na,na,na,na,na,na,na,na,na,na,na,na,na,na,na,na,na,na,na,na,na,na,na,na,na,na,na,na,na,na,na,na,na,na,na,na,na,na,na,na,na,na,na,na,na,na,na,na,na,na,na,na,na,na,na,na,na,na,na,na,na,na,na,na,na,na,na,na,na,na,na,na,na,na,na,na,na,na,na,na,na,na,na,na,na,na,na,na,na,na,na,na,na,na,na,na,na,na,na,na,na,na,na,na,na,na,na,na,na,na,na,na,na,na,na,na,na,na,na,na,na,na,na,na,na,na,na,na,na,na,na,na,na,na,na,na,na,na,na,na,na,na,na,na,na,na,na,na,na,na,na,na,na,na,na,na,na,na,na,na,na,na,na,na,na,na,na,na,na,na,na,na,na,na,na,na,na,na,na,na,na,na,na,na,na,na,na,na,na,na,na,na,na,na,na,na,na,na,na,na,na,na,na,na,na,na,na,na,na,na,na,na,na,na,na,na,na,na,na,na,na,na,na,na,na,na,na,na,na,na,na,na,na,na,na,na,na,na,na,na,na,na,na,na,na,na,na,na,na,na,na,na,na,na,na,na,na,na,na,na,na,na,na,na,na,na,na,na,na,na,na,na,na,na,na,na,na,na,na,na,na,na,na,na,na,na,na,na,na,na,na,na,na,na,na,na,na,na,na,na,na,na,na,na,na,na,na,na,na,na,na,na,na,na,na,na,na,na,na,na,na,na,na,na,na,na,na,na,na,na,na,na,na,na,na,na,na,na,na,na,na,na,na,na,na,na,na,na,na,na,na,na,na,na,na,na,na,na,na,na,na,na,na,na,na,na,na,na,na,na,na,na,na,na,na,na,na,na,na,na,na,na,na,na,na,na,na,na,na,na,na,na,na,na,na,na,na,na,na,na,na,na,na,na,na,na,na,na,na,na,na,na,na,na,na,na,na,na,na,na,na,na,na,na,na,na,na,na,na,na,na,na,na,na,na,na,na,na,na,na,na,na,na,na,na,na,na,na,na,na,na,na,na,na,na,na,na,na,na,na,na,na,na,na,na,na,na,na,na,na,na
141,            Information & Communication Equipment & Accessories Nec,96.698,97.312,98.35,99.811,97.473,98.541,98.53,97.614,98.302,95.798,94.564,96.04,100.131,100.983,101.46,101.508,100.345,103.59,103.445,99.41,99.156,99.371,na,na,na,na,na,na,na,na,na,na,na,na,na,na,na,na,na,na,na,na,na,na,na,na,na,na,na,na,na,na,na,na,na,na,na,na,na,na,na,na,na,na,na,na,na,na,na,na,na,na,na,na,na,na,na,na,na,na,na,na,na,na,na,na,na,na,na,na,na,na,na,na,na,na,na,na,na,na,na,na,na,na,na,na,na,na,na,na,na,na,na,na,na,na,na,na,na,na,na,na,na,na,na,na,na,na,na,na,na,na,na,na,na,na,na,na,na,na,na,na,na,na,na,na,na,na,na,na,na,na,na,na,na,na,na,na,na,na,na,na,na,na,na,na,na,na,na,na,na,na,na,na,na,na,na,na,na,na,na,na,na,na,na,na,na,na,na,na,na,na,na,na,na,na,na,na,na,na,na,na,na,na,na,na,na,na,na,na,na,na,na,na,na,na,na,na,na,na,na,na,na,na,na,na,na,na,na,na,na,na,na,na,na,na,na,na,na,na,na,na,na,na,na,na,na,na,na,na,na,na,na,na,na,na,na,na,na,na,na,na,na,na,na,na,na,na,na,na,na,na,na,na,na,na,na,na,na,na,na,na,na,na,na,na,na,na,na,na,na,na,na,na,na,na,na,na,na,na,na,na,na,na,na,na,na,na,na,na,na,na,na,na,na,na,na,na,na,na,na,na,na,na,na,na,na,na,na,na,na,na,na,na,na,na,na,na,na,na,na,na,na,na,na,na,na,na,na,na,na,na,na,na,na,na,na,na,na,na,na,na,na,na,na,na,na,na,na,na,na,na,na,na,na,na,na,na,na,na,na,na,na,na,na,na,na,na,na,na,na,na,na,na,na,na,na,na,na,na,na,na,na,na,na,na,na,na,na,na,na,na,na,na,na,na,na,na,na,na,na,na,na,na,na,na,na,na,na,na,na,na,na,na,na,na,na,na,na,na,na,na,na,na,na,na,na,na,na,na,na,na,na,na,na,na,na,na,na,na,na,na,na,na,na,na,na,na,na,na,na,na,na,na,na,na,na,na,na,na,na,na,na,na,na,na,na,na,na,na,na,na,na,na,na,na,na,na,na,na,na,na,na,na,na,na,na,na,na,na,na,na,na,na,na,na,na,na,na,na,na,na,na,na,na,na,na,na,na,na,na,na,na,na,na,na,na,na,na,na,na,na,na,na,na,na,na,na,na,na,na,na,na,na,na,na,na,na,na,na,na,na,na,na,na,na,na,na,na,na,na,na,na,na,na,na,na,na,na,na,na,na,na,na,na,na,na,na,na,na,na,na,na,na,na,na,na,na,na,na,na,na,na,na,na,na,na,na,na,na,na,na,na,na,na,na,na,na,na,na,na,na,na,na,na,na,na,na,na,na,na,na,na,na,na,na,na,na,na,na,na,na,na,na,na,na,na,na,na,na,na,na,na,na,na,na,na,na,na,na,na,na,na,na,na,na,na,na,na,na,na,na,na,na,na,na,na,na,na,na,na,na,na,na,na,na,na,na,na,na,na,na,na,na,na,na,na,na,na,na,na,na,na,na,na,na,na,na,na,na,na,na,na,na,na,na,na,na,na,na,na,na,na,na,na,na,na,na,na,na,na,na,na,na,na,na,na,na,na,na,na,na,na,na,na,na,na,na,na,na,na,na,na,na,na,na,na,na,na,na,na,na,na,na,na,na,na,na,na,na,na,na,na,na,na,na,na,na
142,        Software Excl Games,100,100,100,100,100,100,100,100,100,100,100,100,100,100,100,100,100,100,100,100,100,100,103.031,103.031,103.031,103.031,103.031,103.031,103.031,103.031,103.031,103.031,103.031,103.031,103.031,103.031,103.031,103.031,103.031,103.031,103.031,103.031,103.031,103.031,103.031,103.031,103.031,103.031,103.031,103.031,103.031,103.031,103.031,103.031,103.031,103.031,103.031,103.031,103.031,103.031,103.031,103.031,103.031,103.031,103.031,103.031,103.031,103.031,103.031,103.031,103.031,103.031,103.031,103.031,103.031,103.031,103.031,103.031,103.031,103.031,103.031,103.031,103.334,101.012,101.012,101.012,101.012,101.012,101.012,101.012,101.012,101.012,101.012,101.012,101.012,101.012,101.012,101.012,101.012,101.012,101.012,101.012,101.012,101.012,101.012,101.012,101.012,101.012,101.012,101.012,101.012,101.012,101.012,101.012,101.012,101.012,101.012,101.012,101.012,101.012,101.012,101.012,101.012,101.012,101.012,101.012,101.012,101.012,101.012,101.012,101.012,101.012,101.012,101.012,101.012,101.012,101.012,101.012,101.012,101.012,101.012,101.012,101.012,101.012,101.012,101.012,101.012,101.012,101.012,101.012,101.012,101.012,101.012,101.012,101.012,101.012,101.012,101.012,101.012,101.012,101.012,101.012,101.012,101.012,101.012,101.012,101.012,101.012,101.012,101.012,101.012,101.012,101.012,101.012,101.012,101.012,101.012,101.012,101.012,101.012,101.012,101.012,101.012,101.012,101.012,101.012,101.012,110.754,110.754,110.754,110.754,110.754,110.754,110.754,110.754,110.754,110.754,110.754,110.754,110.754,110.754,110.754,110.754,110.754,110.754,110.754,110.754,110.754,110.754,110.754,110.754,109.201,109.201,109.201,109.201,111.368,111.368,111.368,111.368,111.368,111.368,111.368,111.368,111.368,111.368,111.368,111.368,105.469,105.469,105.469,105.469,105.469,120.387,120.387,122.143,122.143,122.143,122.143,122.143,122.143,122.143,122.143,122.143,122.806,122.806,122.806,122.806,122.806,122.806,122.806,na,na,na,na,na,na,na,na,na,na,na,na,na,na,na,na,na,na,na,na,na,na,na,na,na,na,na,na,na,na,na,na,na,na,na,na,na,na,na,na,na,na,na,na,na,na,na,na,na,na,na,na,na,na,na,na,na,na,na,na,na,na,na,na,na,na,na,na,na,na,na,na,na,na,na,na,na,na,na,na,na,na,na,na,na,na,na,na,na,na,na,na,na,na,na,na,na,na,na,na,na,na,na,na,na,na,na,na,na,na,na,na,na,na,na,na,na,na,na,na,na,na,na,na,na,na,na,na,na,na,na,na,na,na,na,na,na,na,na,na,na,na,na,na,na,na,na,na,na,na,na,na,na,na,na,na,na,na,na,na,na,na,na,na,na,na,na,na,na,na,na,na,na,na,na,na,na,na,na,na,na,na,na,na,na,na,na,na,na,na,na,na,na,na,na,na,na,na,na,na,na,na,na,na,na,na,na,na,na,na,na,na,na,na,na,na,na,na,na,na,na,na,na,na,na,na,na,na,na,na,na,na,na,na,na,na,na,na,na,na,na,na,na,na,na,na,na,na,na,na,na,na,na,na,na,na,na,na,na,na,na,na,na,na,na,na,na,na,na,na,na,na,na,na,na,na,na,na,na,na,na,na,na,na,na,na,na,na,na,na,na,na,na,na,na,na,na,na,na,na,na,na,na,na,na,na,na,na,na,na,na,na,na,na,na,na,na,na,na,na,na,na,na,na,na,na,na,na,na,na,na,na,na,na,na,na,na,na,na,na,na,na,na,na,na,na,na,na,na,na,na,na,na,na,na,na,na,na,na,na,na,na,na,na,na,na,na,na,na,na,na,na,na,na,na,na,na,na,na,na,na,na,na,na,na,na,na,na,na,na,na,na,na,na,na,na,na,na,na,na,na,na,na,na,na,na,na,na,na,na,na,na,na,na,na,na,na,na,na,na,na,na,na,na,na,na,na,na,na,na,na,na,na,na,na,na,na,na,na,na,na,na,na,na,na,na,na,na,na,na,na,na,na,na,na,na,na,na,na,na,na,na,na,na,na,na,na,na,na,na,na,na,na,na,na,na,na,na,na,na,na,na,na,na,na,na,na,na,na,na,na,na,na,na,na,na,na,na,na,na,na,na,na,na,na,na,na,na,na,na,na,na,na,na,na,na,na,na,na,na,na,na,na,na,na,na,na,na
143,        Information & Communication Services,97.825,97.491,97.618,97.513,97.78,99.275,98.292,98.401,100.12,100.064,100.125,99.972,100.2,99.79,99.619,99.612,99.818,100.453,99.878,99.878,100.266,100.391,100.344,100.461,100.473,100.336,98.5,98.704,98.34,99.365,98.924,98.405,98.802,97.377,96.418,96.26,96.45,96.307,96.207,95.749,95.472,95.776,95.686,95.15,95.859,96.506,96.852,97.196,96.983,96.758,97.411,97.017,97.107,96.848,97.023,98.086,98.703,98.219,97.893,97.828,98.431,98.624,98.996,98.305,96.999,96.836,97.54,96.843,98.07,97.069,97.097,96.724,96.687,96.38,97.209,97.159,96.679,96.616,97.303,97.055,97.086,96.678,96.232,96.233,97.46,97.241,96.831,98.674,97.54,97.454,97.171,97.071,98.318,98.048,98.108,98.447,98.378,98.297,98.084,98.053,97.134,98.095,98.33,97.212,98.106,97.326,97.411,97.009,97.505,97.071,97.937,97.737,97.725,97.384,97.295,97.511,97.331,97.628,98.15,97.505,97.805,96.735,96.757,96.757,97.256,97.405,99.143,99.178,97.944,97.944,97.916,98.02,98.087,98.059,96.858,96.917,96.498,96.884,96.864,96.572,96.878,96.878,96.269,96.882,96.882,97.437,97.613,96.683,96.695,96.695,96.72,96.699,96.699,96.392,96.02,97.153,97.153,97.153,97.131,97.131,97.129,97.129,97.129,96.964,96.972,97.016,97.016,97.016,97,97.023,97.023,96.478,96.267,96.331,96.331,96.405,96.6,96.6,103.802,103.802,103.803,104.678,104.519,103.46,103.502,103.868,103.865,105.826,105.409,103.486,104.605,104.614,106.749,106.932,106.937,106.937,106.937,106.937,106.937,106.939,106.939,106.939,106.102,106.102,106.102,106.107,106.098,106.098,106.355,106.355,106.355,106.499,106.499,106.499,106.489,106.613,106.613,106.226,106.491,106.194,104.206,104.206,103.831,103.831,103.831,103.831,103.831,103.831,103.831,103.831,103.831,103.831,103.323,103.95,103.433,103.433,103.95,103.95,103.95,103.95,103.95,103.95,103.95,103.95,103.95,103.95,103.95,103.936,103.934,104.063,na,na,na,na,na,na,na,na,na,na,na,na,na,na,na,na,na,na,na,na,na,na,na,na,na,na,na,na,na,na,na,na,na,na,na,na,na,na,na,na,na,na,na,na,na,na,na,na,na,na,na,na,na,na,na,na,na,na,na,na,na,na,na,na,na,na,na,na,na,na,na,na,na,na,na,na,na,na,na,na,na,na,na,na,na,na,na,na,na,na,na,na,na,na,na,na,na,na,na,na,na,na,na,na,na,na,na,na,na,na,na,na,na,na,na,na,na,na,na,na,na,na,na,na,na,na,na,na,na,na,na,na,na,na,na,na,na,na,na,na,na,na,na,na,na,na,na,na,na,na,na,na,na,na,na,na,na,na,na,na,na,na,na,na,na,na,na,na,na,na,na,na,na,na,na,na,na,na,na,na,na,na,na,na,na,na,na,na,na,na,na,na,na,na,na,na,na,na,na,na,na,na,na,na,na,na,na,na,na,na,na,na,na,na,na,na,na,na,na,na,na,na,na,na,na,na,na,na,na,na,na,na,na,na,na,na,na,na,na,na,na,na,na,na,na,na,na,na,na,na,na,na,na,na,na,na,na,na,na,na,na,na,na,na,na,na,na,na,na,na,na,na,na,na,na,na,na,na,na,na,na,na,na,na,na,na,na,na,na,na,na,na,na,na,na,na,na,na,na,na,na,na,na,na,na,na,na,na,na,na,na,na,na,na,na,na,na,na,na,na,na,na,na,na,na,na,na,na,na,na,na,na,na,na,na,na,na,na,na,na,na,na,na,na,na,na,na,na,na,na,na,na,na,na,na,na,na,na,na,na,na,na,na,na,na,na,na,na,na,na,na,na,na,na,na,na,na,na,na,na,na,na,na,na,na,na,na,na,na,na,na,na,na,na,na,na,na,na,na,na,na,na,na,na,na,na,na,na,na,na,na,na,na,na,na,na,na,na,na,na,na,na,na,na,na,na,na,na,na,na,na,na,na,na,na,na,na,na,na,na,na,na,na,na,na,na,na,na,na,na,na,na,na,na,na,na,na,na,na,na,na,na,na,na,na,na,na,na,na,na,na,na,na,na,na,na,na,na,na,na,na,na,na,na,na,na,na,na,na,na,na,na,na,na,na,na,na,na,na,na,na,na,na,na,na,na,na,na,na,na,na,na,na,na,na,na,na,na,na,na,na,na,na,na,na,na,na,na
144,            Fixed Communication Services,100,100,100,100,100,100,100,100,100,100,100,100,100,100,100,100,100,100,100,100,100,100,na,na,na,na,na,na,na,na,na,na,na,na,na,na,na,na,na,na,na,na,na,na,na,na,na,na,na,na,na,na,na,na,na,na,na,na,na,na,na,na,na,na,na,na,na,na,na,na,na,na,na,na,na,na,na,na,na,na,na,na,na,na,na,na,na,na,na,na,na,na,na,na,na,na,na,na,na,na,na,na,na,na,na,na,na,na,na,na,na,na,na,na,na,na,na,na,na,na,na,na,na,na,na,na,na,na,na,na,na,na,na,na,na,na,na,na,na,na,na,na,na,na,na,na,na,na,na,na,na,na,na,na,na,na,na,na,na,na,na,na,na,na,na,na,na,na,na,na,na,na,na,na,na,na,na,na,na,na,na,na,na,na,na,na,na,na,na,na,na,na,na,na,na,na,na,na,na,na,na,na,na,na,na,na,na,na,na,na,na,na,na,na,na,na,na,na,na,na,na,na,na,na,na,na,na,na,na,na,na,na,na,na,na,na,na,na,na,na,na,na,na,na,na,na,na,na,na,na,na,na,na,na,na,na,na,na,na,na,na,na,na,na,na,na,na,na,na,na,na,na,na,na,na,na,na,na,na,na,na,na,na,na,na,na,na,na,na,na,na,na,na,na,na,na,na,na,na,na,na,na,na,na,na,na,na,na,na,na,na,na,na,na,na,na,na,na,na,na,na,na,na,na,na,na,na,na,na,na,na,na,na,na,na,na,na,na,na,na,na,na,na,na,na,na,na,na,na,na,na,na,na,na,na,na,na,na,na,na,na,na,na,na,na,na,na,na,na,na,na,na,na,na,na,na,na,na,na,na,na,na,na,na,na,na,na,na,na,na,na,na,na,na,na,na,na,na,na,na,na,na,na,na,na,na,na,na,na,na,na,na,na,na,na,na,na,na,na,na,na,na,na,na,na,na,na,na,na,na,na,na,na,na,na,na,na,na,na,na,na,na,na,na,na,na,na,na,na,na,na,na,na,na,na,na,na,na,na,na,na,na,na,na,na,na,na,na,na,na,na,na,na,na,na,na,na,na,na,na,na,na,na,na,na,na,na,na,na,na,na,na,na,na,na,na,na,na,na,na,na,na,na,na,na,na,na,na,na,na,na,na,na,na,na,na,na,na,na,na,na,na,na,na,na,na,na,na,na,na,na,na,na,na,na,na,na,na,na,na,na,na,na,na,na,na,na,na,na,na,na,na,na,na,na,na,na,na,na,na,na,na,na,na,na,na,na,na,na,na,na,na,na,na,na,na,na,na,na,na,na,na,na,na,na,na,na,na,na,na,na,na,na,na,na,na,na,na,na,na,na,na,na,na,na,na,na,na,na,na,na,na,na,na,na,na,na,na,na,na,na,na,na,na,na,na,na,na,na,na,na,na,na,na,na,na,na,na,na,na,na,na,na,na,na,na,na,na,na,na,na,na,na,na,na,na,na,na,na,na,na,na,na,na,na,na,na,na,na,na,na,na,na,na,na,na,na,na,na,na,na,na,na,na,na,na,na,na,na,na,na,na,na,na,na,na,na,na,na,na,na,na,na,na,na,na,na,na,na,na,na,na,na,na,na,na,na,na,na,na,na,na,na,na,na,na,na,na,na,na,na,na,na,na,na,na,na,na,na,na,na,na,na,na,na,na,na,na,na,na,na,na,na,na,na,na,na,na,na,na,na,na,na,na,na,na,na,na,na,na,na,na,na,na,na,na,na,na
145,            Mobile Communication Services,99.779,99.844,99.78,99.598,99.993,99.84,99.33,99.484,99.679,99.69,99.895,99.761,100.694,100.694,100.443,100.443,100.443,99.526,99.526,99.526,99.526,99.526,na,na,na,na,na,na,na,na,na,na,na,na,na,na,na,na,na,na,na,na,na,na,na,na,na,na,na,na,na,na,na,na,na,na,na,na,na,na,na,na,na,na,na,na,na,na,na,na,na,na,na,na,na,na,na,na,na,na,na,na,na,na,na,na,na,na,na,na,na,na,na,na,na,na,na,na,na,na,na,na,na,na,na,na,na,na,na,na,na,na,na,na,na,na,na,na,na,na,na,na,na,na,na,na,na,na,na,na,na,na,na,na,na,na,na,na,na,na,na,na,na,na,na,na,na,na,na,na,na,na,na,na,na,na,na,na,na,na,na,na,na,na,na,na,na,na,na,na,na,na,na,na,na,na,na,na,na,na,na,na,na,na,na,na,na,na,na,na,na,na,na,na,na,na,na,na,na,na,na,na,na,na,na,na,na,na,na,na,na,na,na,na,na,na,na,na,na,na,na,na,na,na,na,na,na,na,na,na,na,na,na,na,na,na,na,na,na,na,na,na,na,na,na,na,na,na,na,na,na,na,na,na,na,na,na,na,na,na,na,na,na,na,na,na,na,na,na,na,na,na,na,na,na,na,na,na,na,na,na,na,na,na,na,na,na,na,na,na,na,na,na,na,na,na,na,na,na,na,na,na,na,na,na,na,na,na,na,na,na,na,na,na,na,na,na,na,na,na,na,na,na,na,na,na,na,na,na,na,na,na,na,na,na,na,na,na,na,na,na,na,na,na,na,na,na,na,na,na,na,na,na,na,na,na,na,na,na,na,na,na,na,na,na,na,na,na,na,na,na,na,na,na,na,na,na,na,na,na,na,na,na,na,na,na,na,na,na,na,na,na,na,na,na,na,na,na,na,na,na,na,na,na,na,na,na,na,na,na,na,na,na,na,na,na,na,na,na,na,na,na,na,na,na,na,na,na,na,na,na,na,na,na,na,na,na,na,na,na,na,na,na,na,na,na,na,na,na,na,na,na,na,na,na,na,na,na,na,na,na,na,na,na,na,na,na,na,na,na,na,na,na,na,na,na,na,na,na,na,na,na,na,na,na,na,na,na,na,na,na,na,na,na,na,na,na,na,na,na,na,na,na,na,na,na,na,na,na,na,na,na,na,na,na,na,na,na,na,na,na,na,na,na,na,na,na,na,na,na,na,na,na,na,na,na,na,na,na,na,na,na,na,na,na,na,na,na,na,na,na,na,na,na,na,na,na,na,na,na,na,na,na,na,na,na,na,na,na,na,na,na,na,na,na,na,na,na,na,na,na,na,na,na,na,na,na,na,na,na,na,na,na,na,na,na,na,na,na,na,na,na,na,na,na,na,na,na,na,na,na,na,na,na,na,na,na,na,na,na,na,na,na,na,na,na,na,na,na,na,na,na,na,na,na,na,na,na,na,na,na,na,na,na,na,na,na,na,na,na,na,na,na,na,na,na,na,na,na,na,na,na,na,na,na,na,na,na,na,na,na,na,na,na,na,na,na,na,na,na,na,na,na,na,na,na,na,na,na,na,na,na,na,na,na,na,na,na,na,na,na,na,na,na,na,na,na,na,na,na,na,na,na,na,na,na,na,na,na,na,na,na,na,na,na,na,na,na,na,na,na,na,na,na,na,na,na,na,na,na,na,na,na,na,na,na,na,na,na,na,na,na,na,na,na,na,na,na,na,na,na,na,na,na,na,na,na,na,na,na,na,na,na,na,na,na,na,na
146,"            Internet, Bundled & Other Telecommunication Services",95.81,95.113,95.411,95.625,95.472,98.476,97.562,97.299,100.451,100.334,100.284,100.099,99.902,99.114,98.884,98.87,99.266,101.241,100.134,100.134,100.882,101.193,na,na,na,na,na,na,na,na,na,na,na,na,na,na,na,na,na,na,na,na,na,na,na,na,na,na,na,na,na,na,na,na,na,na,na,na,na,na,na,na,na,na,na,na,na,na,na,na,na,na,na,na,na,na,na,na,na,na,na,na,na,na,na,na,na,na,na,na,na,na,na,na,na,na,na,na,na,na,na,na,na,na,na,na,na,na,na,na,na,na,na,na,na,na,na,na,na,na,na,na,na,na,na,na,na,na,na,na,na,na,na,na,na,na,na,na,na,na,na,na,na,na,na,na,na,na,na,na,na,na,na,na,na,na,na,na,na,na,na,na,na,na,na,na,na,na,na,na,na,na,na,na,na,na,na,na,na,na,na,na,na,na,na,na,na,na,na,na,na,na,na,na,na,na,na,na,na,na,na,na,na,na,na,na,na,na,na,na,na,na,na,na,na,na,na,na,na,na,na,na,na,na,na,na,na,na,na,na,na,na,na,na,na,na,na,na,na,na,na,na,na,na,na,na,na,na,na,na,na,na,na,na,na,na,na,na,na,na,na,na,na,na,na,na,na,na,na,na,na,na,na,na,na,na,na,na,na,na,na,na,na,na,na,na,na,na,na,na,na,na,na,na,na,na,na,na,na,na,na,na,na,na,na,na,na,na,na,na,na,na,na,na,na,na,na,na,na,na,na,na,na,na,na,na,na,na,na,na,na,na,na,na,na,na,na,na,na,na,na,na,na,na,na,na,na,na,na,na,na,na,na,na,na,na,na,na,na,na,na,na,na,na,na,na,na,na,na,na,na,na,na,na,na,na,na,na,na,na,na,na,na,na,na,na,na,na,na,na,na,na,na,na,na,na,na,na,na,na,na,na,na,na,na,na,na,na,na,na,na,na,na,na,na,na,na,na,na,na,na,na,na,na,na,na,na,na,na,na,na,na,na,na,na,na,na,na,na,na,na,na,na,na,na,na,na,na,na,na,na,na,na,na,na,na,na,na,na,na,na,na,na,na,na,na,na,na,na,na,na,na,na,na,na,na,na,na,na,na,na,na,na,na,na,na,na,na,na,na,na,na,na,na,na,na,na,na,na,na,na,na,na,na,na,na,na,na,na,na,na,na,na,na,na,na,na,na,na,na,na,na,na,na,na,na,na,na,na,na,na,na,na,na,na,na,na,na,na,na,na,na,na,na,na,na,na,na,na,na,na,na,na,na,na,na,na,na,na,na,na,na,na,na,na,na,na,na,na,na,na,na,na,na,na,na,na,na,na,na,na,na,na,na,na,na,na,na,na,na,na,na,na,na,na,na,na,na,na,na,na,na,na,na,na,na,na,na,na,na,na,na,na,na,na,na,na,na,na,na,na,na,na,na,na,na,na,na,na,na,na,na,na,na,na,na,na,na,na,na,na,na,na,na,na,na,na,na,na,na,na,na,na,na,na,na,na,na,na,na,na,na,na,na,na,na,na,na,na,na,na,na,na,na,na,na,na,na,na,na,na,na,na,na,na,na,na,na,na,na,na,na,na,na,na,na,na,na,na,na,na,na,na,na,na,na,na,na,na,na,na,na,na,na,na,na,na,na,na,na,na,na,na,na,na,na,na,na,na,na,na,na,na,na,na,na,na,na,na,na,na,na,na,na,na,na,na,na,na,na,na,na,na,na,na,na,na,na,na,na,na,na,na,na,na,na,na,na,na,na,na,na,na,na,na,na,na,na
147,            Information & Communication Services Nec,102.253,102.253,102.253,98.917,103.203,103.203,96.243,100.528,100.528,100.528,100.528,100.528,98.939,98.939,100.247,100.247,100.247,100.247,100.247,100.247,100.247,99.343,99.174,99.174,99.174,99.174,99.174,97.867,97.867,97.867,97.867,97.867,97.867,97.867,97.136,97.136,96.259,96.259,96.259,96.259,92.191,92.191,92.191,94.585,94.585,94.585,93.407,95.747,94.585,89.273,95.153,89.249,87.698,87.624,95.884,95.884,95.884,95.884,95.884,96.35,96.35,96.35,96.35,96.35,96.35,96.35,96.35,96.35,96.35,96.35,94.682,94.682,94.682,94.682,93.805,93.805,93.805,93.805,93.805,93.805,93.805,93.805,95.187,95.187,95.187,95.187,95.187,95.187,94.877,94.877,94.877,94.877,94.877,94.877,94.877,94.877,94.877,94.877,94.877,94.877,94.877,94.877,95.187,95.125,95.125,83.172,95.125,95.125,95.125,95.125,95.125,95.026,95.026,95.026,95.026,95.026,95.026,95.026,95.026,95.026,95.026,92.487,92.487,92.487,92.487,92.487,92.487,92.487,89.161,89.161,na,na,na,na,na,na,na,na,na,na,na,na,na,na,na,na,na,na,na,na,na,na,na,na,na,na,na,na,na,na,na,na,na,na,na,na,na,na,na,na,na,na,na,na,na,na,na,na,na,na,na,na,na,na,na,na,na,na,na,na,na,na,na,na,na,na,na,na,na,na,na,na,na,na,na,na,na,na,na,na,na,na,na,na,na,na,na,na,na,na,na,na,na,na,na,na,na,na,na,na,na,na,na,na,na,na,na,na,na,na,na,na,na,na,na,na,na,na,na,na,na,na,na,na,na,na,na,na,na,na,na,na,na,na,na,na,na,na,na,na,na,na,na,na,na,na,na,na,na,na,na,na,na,na,na,na,na,na,na,na,na,na,na,na,na,na,na,na,na,na,na,na,na,na,na,na,na,na,na,na,na,na,na,na,na,na,na,na,na,na,na,na,na,na,na,na,na,na,na,na,na,na,na,na,na,na,na,na,na,na,na,na,na,na,na,na,na,na,na,na,na,na,na,na,na,na,na,na,na,na,na,na,na,na,na,na,na,na,na,na,na,na,na,na,na,na,na,na,na,na,na,na,na,na,na,na,na,na,na,na,na,na,na,na,na,na,na,na,na,na,na,na,na,na,na,na,na,na,na,na,na,na,na,na,na,na,na,na,na,na,na,na,na,na,na,na,na,na,na,na,na,na,na,na,na,na,na,na,na,na,na,na,na,na,na,na,na,na,na,na,na,na,na,na,na,na,na,na,na,na,na,na,na,na,na,na,na,na,na,na,na,na,na,na,na,na,na,na,na,na,na,na,na,na,na,na,na,na,na,na,na,na,na,na,na,na,na,na,na,na,na,na,na,na,na,na,na,na,na,na,na,na,na,na,na,na,na,na,na,na,na,na,na,na,na,na,na,na,na,na,na,na,na,na,na,na,na,na,na,na,na,na,na,na,na,na,na,na,na,na,na,na,na,na,na,na,na,na,na,na,na,na,na,na,na,na,na,na,na,na,na,na,na,na,na,na,na,na,na,na,na,na,na,na,na,na,na,na,na,na,na,na,na,na,na,na,na,na,na,na,na,na,na,na,na,na,na,na,na,na,na,na,na,na,na,na,na,na,na,na,na,na,na,na,na,na,na,na,na,na,na,na,na,na,na,na,na,na,na,na,na,na,na,na,na,na,na,na,na,na,na,na,na,na,na,na,na,na,na,na,na,na,na,na,na,na,na,na,na,na,na,na,na,na,na,na,na,na,na,na,na,na,na,na,na,na,na,na,na,na,na,na,na,na,na,na,na,na,na,na,na,na,na,na,na,na,na,na,na,na,na,na,na,na,na,na,na,na,na,na,na,na,na,na,na,na,na,na,na,na,na,na,na,na,na,na,na,na,na,na,na,na,na,na,na,na,na,na,na,na,na,na,na,na,na,na,na,na,na,na,na,na,na,na,na,na,na,na,na,na,na,na,na,na,na,na,na,na
148,"    Recreation, Sport & Culture",100.578,99.329,98.659,98.925,98.652,98.359,98.752,97.779,97.342,97.135,101.123,99.564,99.52,101.583,101.68,100.133,101.336,100.321,99.794,98.707,98.401,97.839,101.105,98.475,98.064,96.976,97.29,97.025,96.312,95.296,95.33,93.872,92.827,92.983,94.67,92.819,92.283,92.559,92.037,90.531,90.789,89.164,87.99,87.364,86.408,86.577,87.413,87.128,86.906,86.759,86.366,86.177,86.245,86.12,85.65,85.597,85.757,85.464,85.609,85.353,84.899,85.233,85.06,84.703,84.928,84.965,84.661,85.095,85.625,86.553,87.746,87.057,86.823,86.386,86.46,86.709,87.495,86.593,87.218,86.626,86.704,85.81,87.221,85.953,85.955,85.5,85.506,85.339,85.559,84.78,84.873,84.444,85.27,84.579,85.568,84.879,84.742,84.212,84.052,83.786,84.276,83.739,84.182,83.926,83.746,84.22,85.225,84.208,84.064,83.844,83.661,83.8,84.276,83.628,83.679,83.453,83.12,83.162,84.05,83.209,82.976,82.792,82.741,82.801,82.879,82.676,82.832,83.175,83.209,82.603,82.951,82.692,82.783,82.208,82.466,82.541,82.804,82.831,83.091,82.733,82.77,82.935,83.627,83,81.877,81.487,80.899,80.318,80.831,80.298,80.219,81.01,81.117,81.111,82.327,81.414,81.122,80.371,80.081,79.747,80.196,80.085,80.468,80.298,80.438,81.003,81.753,80.503,79.618,79.246,79.468,79.069,79.207,78.724,79.567,79.04,79.001,78.773,79.52,78.918,78.301,77.585,77.313,77.219,76.836,76.598,76.498,75.712,76.197,75.006,76.255,75.309,74.491,74.11,74.035,74.533,75.322,75.381,76.247,76.537,76.543,78.082,78.334,77.673,77.661,76.619,76.057,75.863,76.255,75.921,76.027,75.172,75.107,75.085,76.296,74.736,74.095,72.975,72.248,72.185,72.355,71.785,72.838,71.49,71.088,71.188,72.157,70.969,69.381,68.659,68.145,68.264,68.937,68.738,69.595,70.115,70.153,70.921,71.604,70.799,70.755,69.798,69.137,68.865,69.366,69.77,69.294,67.896,68.418,68.285,68.694,68.733,68.366,68.204,67.93,68.128,68.537,68.487,67.684,68.074,68.046,68.207,68.57,67.334,66.776,66.54,64.947,64.27,65.071,65.121,67.092,68.494,68.99,69.016,69.548,68.632,67.575,67.419,67.406,67.294,69.319,67.73,67.702,67.59,67.825,67.604,68.149,67.674,67.858,67.917,67.813,67.771,68.05,67.661,67.576,66.079,66.238,66.508,67.175,66.649,64.881,64.584,64.731,64.648,64.726,63.812,64.394,63.781,64.166,63.981,64.228,63.548,63.205,63.14,63.245,63.317,63.472,63.906,63.765,63.483,63.604,63.168,63.59,63.143,62.221,62.299,61.787,61.817,62.718,62.46,63.154,63.397,65.601,66.222,65.733,65.781,65.521,65.359,64.888,65.32,66.216,66.466,66.485,66.104,66.674,66.022,66.967,67.118,66.057,66.432,66.595,66.753,67.017,66.396,65.96,66.083,66.252,65.14,65.27,64.923,64.947,64.802,63.873,64.059,65.75,64.931,64.83,64.746,64.581,63.65,63.201,63.193,63.095,63.116,63.059,63.066,63.123,63.191,63.44,63.128,62.846,62.873,62.618,62.6,62.528,62.673,62.631,62.657,62.383,62.311,62.139,62.12,62.149,62.147,61.958,61.604,61.042,61.285,60.858,60.603,60.94,60.985,60.71,60.95,61.045,60.164,60.059,60.086,60.087,60.097,60.108,59.098,58.32,58.312,58.312,58.006,57.717,57.689,57.463,57.617,57.344,57.128,57.113,57.194,57,56.949,56.866,56.465,56.499,56.484,56.332,56.325,55.635,55.644,55.636,55.615,55.512,55.362,55.215,54.527,54.565,54.191,53.849,53.84,53.924,53.543,53.518,53.536,53.5,53.325,53.316,53.357,53.272,53.093,52.537,52.363,52.184,52.063,51.936,51.967,51.614,50.742,50.723,50.563,50.685,50.846,50.568,50.563,50.534,50.759,50.758,50.662,50.861,50.785,51.119,51.091,51.004,50.993,50.965,51.03,50.882,49.817,49.428,49.277,49.344,49.275,49.275,49.155,49.109,49.117,49.062,49.037,49.073,49.16,49.192,49.28,49.243,49.209,49.224,49.207,49.32,49.304,49.489,49.469,49.323,49.237,49.215,49.158,49.151,49.188,49.4,49.257,49.109,49.103,48.553,48.553,48.569,48.464,48.067,48.089,48.078,48.078,48.064,48.064,47.595,47.549,47.51,47.3,47.086,46.946,46.946,46.937,46.922,46.817,46.733,42.728,42.684,42.468,41.823,41.805,41.725,41.062,41.025,40.985,39.873,39.87,39.696,39.499,39.445,39.336,39.243,39.234,39.243,38.791,38.619,38.537,38.416,38.4,38.378,38.308,38.1,38.146,37.404,37.344,37.304,37.304,37.199,37.148,37.128,36.998,36.986,32.614,32.614,32.653,32.609,32.609,32.609,32.609,32.609,32.609,32.609,32.609,32.609,32.609,32.609,32.609,32.579,32.579,32.579,32.579,32.609,32.609,32.609,32.609,32.609,32.609,32.609,32.609,32.609,32.609,32.609,32.609,32.609,32.609,32.494,32.494,32.494,32.574,32.574,32.574,32.494,32.494,32.494,32.469,32.469,32.469,32.348,32.348,32.348,32.348,32.348,32.348,30.001,30.001,30.001,29.862,29.862,29.626,29.626,29.468,29.468,29.426,29.426,29.383,29.304,29.304,29.304,29.304,29.304,29.304,29.304,29.304,29.304,29.304,29.304,29.248,29.248,29.248,29.248,29.138,29.138,29.138,29.138,29.138,29.138,29.138,29.138,29.138,28.284,28.284,28.284,28.284,28.284,28.284,28.284,28.284,28.284,28.284,28.284,28.284,28.284,28.284,28.284,28.284,28.284,28.284,28.284,28.284,28.284,28.284,28.284,28.284,28.284,28.284,28.284,28.284,28.284,28.284,28.284,28.284,28.284,28.284,28.284,28.284,28.284,28.284,28.284,28.284,28.284,28.284,28.284,28.284,28.284,28.284,28.284,28.284,28.284,28.284,28.284,28.284,28.284,28.284,28.284,28.284,28.284,28.284,28.284,28.284,28.284,28.284,28.284,28.284,28.284,28.284,28.284,28.284,28.284,28.284,28.284,28.284,28.284,28.284,28.284,28.284,28.284,28.284,28.284,28.284,28.284,28.284,28.284,28.284,28.229,28.229,28.229,28.229,28.229,28.229,28.229,28.284,28.284,28.284,28.284,28.284,28.284,28.284,28.284,28.284,28.284,28.284,28.284,28.284,28.284,28.284,28.284,28.284,28.284,28.284,28.284,28.284,28.284,28.284,28.284,28.284,28.284,28.284,28.284,28.284
149,        Recreation & Cultural Goods,98.18,98.18,99.109,99.201,98.851,98.851,98.851,99.679,99.597,99.597,98.98,98.591,99.262,99.884,99.884,99.884,100.9,100.9,100.9,100.274,100.274,100.274,98.39,98.84,99.206,101.337,99.726,100.034,101.675,100.794,100.794,98.712,100.512,100.863,100.203,100.561,99.37,100.065,99.32,99.234,98.888,98.888,98.888,97.524,97.378,97.255,96.618,96.618,96.275,96.75,96.381,96.852,96.305,96.517,97.508,98.479,98.479,98.385,97.971,97.762,96.909,97.404,97.218,97.271,96.943,95.48,93.898,94.124,94.971,95.475,94.24,95.019,97.011,96.442,96.466,96.407,94.227,94.229,97.532,97.413,97.413,96.825,97.113,97.086,97.501,97.738,97.343,97.103,96.726,97.321,97.883,98.043,97.763,97.788,98.97,98.664,98.507,98.752,99.297,99.26,95.945,95.853,95.939,95.845,95.845,94.747,94.779,101.385,100.936,102.152,101.612,101.583,101.567,102.334,102.334,98.003,97.949,98.116,97.935,97.935,98.334,98.48,98.635,98.485,98.485,98.215,98.36,98.064,98.064,98.064,98.156,98.156,98.601,99.443,99.526,99.443,99.645,99.834,99.878,99.711,99.731,99.618,98.114,98.117,95.181,95.337,93.669,93.935,95.987,97.978,98.241,99.325,98.643,98.712,98.714,98.519,99.516,99.386,99.423,98.707,98.596,97.967,97.735,98.342,99.786,100.17,100.209,100.206,99.759,99.881,100.319,101.4,101.145,102.96,102.628,102.631,103.362,104.397,104.583,104.815,104.171,105.299,105.173,106.039,106.212,105.587,105.462,104.594,104.55,104.798,105.707,105.825,105.821,105.514,105.472,104.604,104.963,104.3,105.265,105.36,105.772,106.157,106.671,107.305,106.696,105.221,105.645,106.17,105.982,105.667,105.778,105.773,105.616,107.441,110.231,107.481,107.507,108.788,108.49,107.578,107.072,106.962,107.07,107.772,108.012,106.767,106.648,107.919,107.881,108.018,107.472,108.786,108.549,109.163,108.481,107.906,106.396,106.241,106.665,106.85,106.972,107.158,107.733,107.932,107.517,106.697,105.32,104.268,110.8,110.528,na,na,na,na,na,na,na,na,na,na,na,na,na,na,na,na,na,na,na,na,na,na,na,na,na,na,na,na,na,na,na,na,na,na,na,na,na,na,na,na,na,na,na,na,na,na,na,na,na,na,na,na,na,na,na,na,na,na,na,na,na,na,na,na,na,na,na,na,na,na,na,na,na,na,na,na,na,na,na,na,na,na,na,na,na,na,na,na,na,na,na,na,na,na,na,na,na,na,na,na,na,na,na,na,na,na,na,na,na,na,na,na,na,na,na,na,na,na,na,na,na,na,na,na,na,na,na,na,na,na,na,na,na,na,na,na,na,na,na,na,na,na,na,na,na,na,na,na,na,na,na,na,na,na,na,na,na,na,na,na,na,na,na,na,na,na,na,na,na,na,na,na,na,na,na,na,na,na,na,na,na,na,na,na,na,na,na,na,na,na,na,na,na,na,na,na,na,na,na,na,na,na,na,na,na,na,na,na,na,na,na,na,na,na,na,na,na,na,na,na,na,na,na,na,na,na,na,na,na,na,na,na,na,na,na,na,na,na,na,na,na,na,na,na,na,na,na,na,na,na,na,na,na,na,na,na,na,na,na,na,na,na,na,na,na,na,na,na,na,na,na,na,na,na,na,na,na,na,na,na,na,na,na,na,na,na,na,na,na,na,na,na,na,na,na,na,na,na,na,na,na,na,na,na,na,na,na,na,na,na,na,na,na,na,na,na,na,na,na,na,na,na,na,na,na,na,na,na,na,na,na,na,na,na,na,na,na,na,na,na,na,na,na,na,na,na,na,na,na,na,na,na,na,na,na,na,na,na,na,na,na,na,na,na,na,na,na,na,na,na,na,na,na,na,na,na,na,na,na,na,na,na,na,na,na,na,na,na,na,na,na,na,na,na,na,na,na,na,na,na,na,na,na,na,na,na,na,na,na,na,na,na,na,na,na,na,na,na,na,na,na,na,na,na,na,na,na,na,na,na,na,na,na,na,na,na,na,na,na,na,na,na,na,na,na,na,na,na,na,na,na,na,na,na,na,na,na,na,na,na,na,na,na,na,na,na,na,na,na,na,na,na,na,na,na,na,na,na,na,na,na,na,na,na,na,na,na,na,na,na,na,na,na,na,na,na,na,na,na,na,na,na,na,na,na,na,na,na,na,na,na,na,na,na,na,na,na,na,na,na,na,na,na,na,na,na,na,na
150,        Other Recreational Goods,101.499,100.995,99.97,99.342,98.295,99.127,98.376,97.838,97.566,99.056,98.764,98.236,99.786,100.282,101.098,100.197,100.387,99.746,98.666,100.183,100.862,101.795,100.832,101.34,102.56,101.417,100.608,100.877,102.198,102.229,102.86,102.502,101.268,100.049,99.113,101.079,102.277,101.131,101.609,102.232,101.78,100.906,102.531,101.679,99.404,99.832,99.513,99.923,99.745,100.935,102.218,101.241,98.023,100.235,99.823,100.209,100.298,100.047,101.196,101.912,100.049,101.889,101.672,101.77,102.021,102.502,101.598,102.413,101.982,101.402,99.574,101.373,101.786,101.042,102.468,103.422,102.987,102.97,101.297,100.392,100.546,100.443,98.159,99.533,99.826,99.684,100.308,100.273,97.989,99.26,100.199,100.83,101.562,102.107,100.224,100.987,102.199,101.778,101.744,100.708,100.302,103.381,103.068,101.696,101.298,101.457,100.655,100.828,101.636,100.642,101.631,102.182,101.09,101.648,103.944,101.831,101.531,102.498,101.582,102.002,102.223,102.233,102.922,103.064,101.034,103.443,103.245,103.523,102.561,102.172,99.992,102.056,102.658,102.403,102.629,102.314,102.377,101.89,102.123,102.127,101.69,102.284,101.525,102.078,102.333,102.634,102.507,102.537,101.466,101.892,102.289,102.709,102.374,102.617,101.333,101.595,102.285,102.37,102.96,102.601,101.657,101.933,101.032,101.961,102.934,102.752,101.851,102.911,102.091,102.857,103.596,103.207,102.394,103.393,103.5,102.556,103.037,103.045,102.663,104.051,102.658,102.483,103.055,102.656,101.437,103.898,103.807,104.246,103.728,103.928,103.818,104.701,104.957,105.146,106.93,106.871,104.975,105.611,106.427,106.746,106.407,105.982,104.082,104.993,107.125,107.411,106.999,106.9,106.837,107.672,108.321,108.425,108.468,108.367,108.523,106.765,106.772,107.412,106.696,106.979,105.9,106.466,105.79,104.606,105.19,104.893,104.742,104.742,105.12,104.03,105.12,104.207,104.154,104.7,104.538,104.822,106.536,106.285,106.18,106.18,104.6,105.573,106.052,104.245,104.133,105.549,106.082,106.424,104.854,105.745,na,na,na,na,na,na,na,na,na,na,na,na,na,na,na,na,na,na,na,na,na,na,na,na,na,na,na,na,na,na,na,na,na,na,na,na,na,na,na,na,na,na,na,na,na,na,na,na,na,na,na,na,na,na,na,na,na,na,na,na,na,na,na,na,na,na,na,na,na,na,na,na,na,na,na,na,na,na,na,na,na,na,na,na,na,na,na,na,na,na,na,na,na,na,na,na,na,na,na,na,na,na,na,na,na,na,na,na,na,na,na,na,na,na,na,na,na,na,na,na,na,na,na,na,na,na,na,na,na,na,na,na,na,na,na,na,na,na,na,na,na,na,na,na,na,na,na,na,na,na,na,na,na,na,na,na,na,na,na,na,na,na,na,na,na,na,na,na,na,na,na,na,na,na,na,na,na,na,na,na,na,na,na,na,na,na,na,na,na,na,na,na,na,na,na,na,na,na,na,na,na,na,na,na,na,na,na,na,na,na,na,na,na,na,na,na,na,na,na,na,na,na,na,na,na,na,na,na,na,na,na,na,na,na,na,na,na,na,na,na,na,na,na,na,na,na,na,na,na,na,na,na,na,na,na,na,na,na,na,na,na,na,na,na,na,na,na,na,na,na,na,na,na,na,na,na,na,na,na,na,na,na,na,na,na,na,na,na,na,na,na,na,na,na,na,na,na,na,na,na,na,na,na,na,na,na,na,na,na,na,na,na,na,na,na,na,na,na,na,na,na,na,na,na,na,na,na,na,na,na,na,na,na,na,na,na,na,na,na,na,na,na,na,na,na,na,na,na,na,na,na,na,na,na,na,na,na,na,na,na,na,na,na,na,na,na,na,na,na,na,na,na,na,na,na,na,na,na,na,na,na,na,na,na,na,na,na,na,na,na,na,na,na,na,na,na,na,na,na,na,na,na,na,na,na,na,na,na,na,na,na,na,na,na,na,na,na,na,na,na,na,na,na,na,na,na,na,na,na,na,na,na,na,na,na,na,na,na,na,na,na,na,na,na,na,na,na,na,na,na,na,na,na,na,na,na,na,na,na,na,na,na,na,na,na,na,na,na,na,na,na,na,na,na,na,na,na,na,na,na,na,na,na,na,na,na,na,na,na,na,na,na,na,na,na,na,na,na,na,na,na,na,na,na,na,na,na,na,na,na,na,na,na,na,na,na,na,na,na,na,na,na,na,na,na,na,na,na
151,"            Games, Toys & Hobbies",100.656,100.676,99.824,98.652,97.385,98.278,97.153,96.004,95.763,97.741,97.199,97.311,99.48,100.281,101.501,101.28,100.571,100.022,98.023,100.395,101.352,102.587,100.991,101.62,103.128,101.82,100.988,100.289,101.694,101.806,102.626,102.142,100.857,99.515,98.192,100.22,102.238,100.738,101.22,102.302,101.548,100.421,102.548,101.496,98.731,99.325,99.034,101.194,101.133,101.852,103.124,102.166,97.519,100.2,99.864,100.947,101.127,100.487,101.804,102.78,100.501,103.115,102.918,102.557,103.297,103.743,102.962,103.549,102.995,102.091,99.325,101.521,102.2,101.338,103.443,103.729,103.469,103.253,101.014,100.204,100.224,99.79,97.609,99.163,99.135,98.83,99.443,99.294,97.138,98.577,99.287,100.52,101.101,101.684,99.782,100.652,101.992,102.025,101.265,100.234,100.042,103.764,103.426,101.798,101.043,101.167,100.417,100.443,101.328,100.302,101.771,102.175,100.762,101.407,104.256,101.649,101.297,102.67,101.586,102.053,102.077,102.097,103.489,103.134,100.539,103.726,103.673,103.828,102.602,102.016,na,na,na,na,na,na,na,na,na,na,na,na,na,na,na,na,na,na,na,na,na,na,na,na,na,na,na,na,na,na,na,na,na,na,na,na,na,na,na,na,na,na,na,na,na,na,na,na,na,na,na,na,na,na,na,na,na,na,na,na,na,na,na,na,na,na,na,na,na,na,na,na,na,na,na,na,na,na,na,na,na,na,na,na,na,na,na,na,na,na,na,na,na,na,na,na,na,na,na,na,na,na,na,na,na,na,na,na,na,na,na,na,na,na,na,na,na,na,na,na,na,na,na,na,na,na,na,na,na,na,na,na,na,na,na,na,na,na,na,na,na,na,na,na,na,na,na,na,na,na,na,na,na,na,na,na,na,na,na,na,na,na,na,na,na,na,na,na,na,na,na,na,na,na,na,na,na,na,na,na,na,na,na,na,na,na,na,na,na,na,na,na,na,na,na,na,na,na,na,na,na,na,na,na,na,na,na,na,na,na,na,na,na,na,na,na,na,na,na,na,na,na,na,na,na,na,na,na,na,na,na,na,na,na,na,na,na,na,na,na,na,na,na,na,na,na,na,na,na,na,na,na,na,na,na,na,na,na,na,na,na,na,na,na,na,na,na,na,na,na,na,na,na,na,na,na,na,na,na,na,na,na,na,na,na,na,na,na,na,na,na,na,na,na,na,na,na,na,na,na,na,na,na,na,na,na,na,na,na,na,na,na,na,na,na,na,na,na,na,na,na,na,na,na,na,na,na,na,na,na,na,na,na,na,na,na,na,na,na,na,na,na,na,na,na,na,na,na,na,na,na,na,na,na,na,na,na,na,na,na,na,na,na,na,na,na,na,na,na,na,na,na,na,na,na,na,na,na,na,na,na,na,na,na,na,na,na,na,na,na,na,na,na,na,na,na,na,na,na,na,na,na,na,na,na,na,na,na,na,na,na,na,na,na,na,na,na,na,na,na,na,na,na,na,na,na,na,na,na,na,na,na,na,na,na,na,na,na,na,na,na,na,na,na,na,na,na,na,na,na,na,na,na,na,na,na,na,na,na,na,na,na,na,na,na,na,na,na,na,na,na,na,na,na,na,na,na,na,na,na,na,na,na,na,na,na,na,na,na,na,na,na,na,na,na,na,na,na,na,na,na,na,na,na,na,na,na,na,na,na,na,na,na,na,na,na,na,na,na,na,na,na,na,na,na,na,na,na,na,na,na,na,na,na,na,na,na,na,na,na,na,na,na,na,na,na,na,na,na,na,na,na,na,na,na,na,na,na,na,na,na,na,na,na,na,na,na,na,na,na,na,na,na,na,na,na,na,na,na,na,na,na,na,na,na,na,na,na,na,na,na,na,na,na,na,na,na,na,na,na,na,na,na,na,na,na,na,na,na,na,na,na,na,na,na,na,na,na,na,na,na,na,na,na,na,na,na,na,na,na,na,na,na,na,na,na,na,na,na,na,na,na,na,na,na,na,na,na
152,"            Equipment For Sport, Camping & Open-Air Recreation",103.748,101.846,100.361,101.183,100.722,101.391,101.636,102.729,102.373,102.564,102.936,100.704,100.601,100.283,100.022,97.31,99.897,99.011,100.381,99.616,99.557,99.684,na,na,na,na,na,na,na,na,na,na,na,na,na,na,na,na,na,na,na,na,na,na,na,na,na,na,na,na,na,na,na,na,na,na,na,na,na,na,na,na,na,na,na,na,na,na,na,na,na,na,na,na,na,na,na,na,na,na,na,na,na,na,na,na,na,na,na,na,na,na,na,na,na,na,na,na,na,na,na,na,na,na,na,na,na,na,na,na,na,na,na,na,na,na,na,na,na,na,na,na,na,na,na,na,na,na,na,na,na,na,na,na,na,na,na,na,na,na,na,na,na,na,na,na,na,na,na,na,na,na,na,na,na,na,na,na,na,na,na,na,na,na,na,na,na,na,na,na,na,na,na,na,na,na,na,na,na,na,na,na,na,na,na,na,na,na,na,na,na,na,na,na,na,na,na,na,na,na,na,na,na,na,na,na,na,na,na,na,na,na,na,na,na,na,na,na,na,na,na,na,na,na,na,na,na,na,na,na,na,na,na,na,na,na,na,na,na,na,na,na,na,na,na,na,na,na,na,na,na,na,na,na,na,na,na,na,na,na,na,na,na,na,na,na,na,na,na,na,na,na,na,na,na,na,na,na,na,na,na,na,na,na,na,na,na,na,na,na,na,na,na,na,na,na,na,na,na,na,na,na,na,na,na,na,na,na,na,na,na,na,na,na,na,na,na,na,na,na,na,na,na,na,na,na,na,na,na,na,na,na,na,na,na,na,na,na,na,na,na,na,na,na,na,na,na,na,na,na,na,na,na,na,na,na,na,na,na,na,na,na,na,na,na,na,na,na,na,na,na,na,na,na,na,na,na,na,na,na,na,na,na,na,na,na,na,na,na,na,na,na,na,na,na,na,na,na,na,na,na,na,na,na,na,na,na,na,na,na,na,na,na,na,na,na,na,na,na,na,na,na,na,na,na,na,na,na,na,na,na,na,na,na,na,na,na,na,na,na,na,na,na,na,na,na,na,na,na,na,na,na,na,na,na,na,na,na,na,na,na,na,na,na,na,na,na,na,na,na,na,na,na,na,na,na,na,na,na,na,na,na,na,na,na,na,na,na,na,na,na,na,na,na,na,na,na,na,na,na,na,na,na,na,na,na,na,na,na,na,na,na,na,na,na,na,na,na,na,na,na,na,na,na,na,na,na,na,na,na,na,na,na,na,na,na,na,na,na,na,na,na,na,na,na,na,na,na,na,na,na,na,na,na,na,na,na,na,na,na,na,na,na,na,na,na,na,na,na,na,na,na,na,na,na,na,na,na,na,na,na,na,na,na,na,na,na,na,na,na,na,na,na,na,na,na,na,na,na,na,na,na,na,na,na,na,na,na,na,na,na,na,na,na,na,na,na,na,na,na,na,na,na,na,na,na,na,na,na,na,na,na,na,na,na,na,na,na,na,na,na,na,na,na,na,na,na,na,na,na,na,na,na,na,na,na,na,na,na,na,na,na,na,na,na,na,na,na,na,na,na,na,na,na,na,na,na,na,na,na,na,na,na,na,na,na,na,na,na,na,na,na,na,na,na,na,na,na,na,na,na,na,na,na,na,na,na,na,na,na,na,na,na,na,na,na,na,na,na,na,na,na,na,na,na,na,na,na,na,na,na,na,na,na,na,na,na,na,na,na,na,na,na,na,na,na,na,na,na,na,na,na,na,na,na,na,na,na,na,na,na,na,na,na,na,na,na,na,na,na,na,na,na,na,na,na,na,na
153,        Garden Products & Pets,101.115,101.363,100.871,101.018,100.608,100.563,100.537,100.939,100.866,100.56,99.971,100.26,100.55,100.174,100.263,99.77,100.402,100.382,100.463,98.659,98.764,100.341,100.757,100.562,100.386,99.387,98.997,99.422,98.885,98.922,98.479,97.317,96.873,97.107,95.347,95.433,95.015,94.045,92.345,91.78,91.164,90.809,90.778,90.142,90.121,90.01,89.672,89.117,89.024,88.26,88.096,88.14,88.439,88.538,88.628,88.606,88.379,88.681,88.13,88.411,88.347,88.055,87.477,87.219,87.272,87.191,86.937,87.416,87.594,87.175,87.11,87.16,87.312,86.996,86.972,86.19,86.294,86.459,86.315,86.046,86.497,86.724,86.506,86.27,86.039,86.202,85.773,86.088,86.111,86.349,86.392,85.853,86.027,84.405,85.332,85.13,84.844,84.583,85.203,84.401,84.555,84.377,84.938,84.111,85.211,84.911,84.166,83.785,83.493,83.639,83.326,83.898,83.776,83.85,83.478,83.541,84.007,83.465,83.246,83.465,83.098,83.574,83.368,83.596,82.896,83.433,83.599,83.315,83.682,82.87,82.892,82.459,82.435,82.332,82.557,82.125,82.37,82.577,82.563,82.473,83.507,83.176,82.213,82.126,82.041,80.782,80.87,80.948,80.902,80.991,80.958,80.958,80.958,81.017,80.586,80.375,80.586,80.345,80.377,80.176,80.067,80.26,80.112,80.144,79.868,79.88,79.738,79.523,79.826,79.249,79.101,79.479,79.358,78.985,78.407,77.948,78.175,78.149,77.927,77.878,77.649,77.703,77.731,77.832,77.698,77.803,77.652,77.868,77.888,77.844,77.775,77.535,77.253,77.574,76.985,77.581,77.59,78.233,77.736,78.669,78.511,78.853,78.278,77.901,77.137,77.218,76.936,77.236,76.822,77.392,77.464,77.164,77.387,77.049,76.198,74.932,74.606,74.695,74.734,74.597,73.378,73.287,73.122,73.032,73.252,72.996,73.166,73.062,72.966,72.984,72.22,72.153,72.758,72.814,72.878,72.946,73.112,72.842,72.097,72.522,71.568,70.395,69.96,70.228,70.185,70.132,70.233,70.326,70.549,70.307,na,na,na,na,na,na,na,na,na,na,na,na,na,na,na,na,na,na,na,na,na,na,na,na,na,na,na,na,na,na,na,na,na,na,na,na,na,na,na,na,na,na,na,na,na,na,na,na,na,na,na,na,na,na,na,na,na,na,na,na,na,na,na,na,na,na,na,na,na,na,na,na,na,na,na,na,na,na,na,na,na,na,na,na,na,na,na,na,na,na,na,na,na,na,na,na,na,na,na,na,na,na,na,na,na,na,na,na,na,na,na,na,na,na,na,na,na,na,na,na,na,na,na,na,na,na,na,na,na,na,na,na,na,na,na,na,na,na,na,na,na,na,na,na,na,na,na,na,na,na,na,na,na,na,na,na,na,na,na,na,na,na,na,na,na,na,na,na,na,na,na,na,na,na,na,na,na,na,na,na,na,na,na,na,na,na,na,na,na,na,na,na,na,na,na,na,na,na,na,na,na,na,na,na,na,na,na,na,na,na,na,na,na,na,na,na,na,na,na,na,na,na,na,na,na,na,na,na,na,na,na,na,na,na,na,na,na,na,na,na,na,na,na,na,na,na,na,na,na,na,na,na,na,na,na,na,na,na,na,na,na,na,na,na,na,na,na,na,na,na,na,na,na,na,na,na,na,na,na,na,na,na,na,na,na,na,na,na,na,na,na,na,na,na,na,na,na,na,na,na,na,na,na,na,na,na,na,na,na,na,na,na,na,na,na,na,na,na,na,na,na,na,na,na,na,na,na,na,na,na,na,na,na,na,na,na,na,na,na,na,na,na,na,na,na,na,na,na,na,na,na,na,na,na,na,na,na,na,na,na,na,na,na,na,na,na,na,na,na,na,na,na,na,na,na,na,na,na,na,na,na,na,na,na,na,na,na,na,na,na,na,na,na,na,na,na,na,na,na,na,na,na,na,na,na,na,na,na,na,na,na,na,na,na,na,na,na,na,na,na,na,na,na,na,na,na,na,na,na,na,na,na,na,na,na,na,na,na,na,na,na,na,na,na,na,na,na,na,na,na,na,na,na,na,na,na,na,na,na,na,na,na,na,na,na,na,na,na,na,na,na,na,na,na,na,na,na,na,na,na,na,na,na,na,na,na,na,na,na,na,na,na,na,na,na,na,na,na,na,na,na,na,na,na,na,na,na,na,na,na,na,na,na,na,na,na,na,na,na,na,na,na,na,na,na,na,na,na
154,"            Garden Products, Plants & Flowers",101.325,101.324,100.986,101.361,101.745,101.205,100.849,101.489,101.45,101.309,100.587,100.587,100.587,100,100.129,99.759,100.021,99.97,101.001,99.309,99.588,98.462,na,na,na,na,na,na,na,na,na,na,na,na,na,na,na,na,na,na,na,na,na,na,na,na,na,na,na,na,na,na,na,na,na,na,na,na,na,na,na,na,na,na,na,na,na,na,na,na,na,na,na,na,na,na,na,na,na,na,na,na,na,na,na,na,na,na,na,na,na,na,na,na,na,na,na,na,na,na,na,na,na,na,na,na,na,na,na,na,na,na,na,na,na,na,na,na,na,na,na,na,na,na,na,na,na,na,na,na,na,na,na,na,na,na,na,na,na,na,na,na,na,na,na,na,na,na,na,na,na,na,na,na,na,na,na,na,na,na,na,na,na,na,na,na,na,na,na,na,na,na,na,na,na,na,na,na,na,na,na,na,na,na,na,na,na,na,na,na,na,na,na,na,na,na,na,na,na,na,na,na,na,na,na,na,na,na,na,na,na,na,na,na,na,na,na,na,na,na,na,na,na,na,na,na,na,na,na,na,na,na,na,na,na,na,na,na,na,na,na,na,na,na,na,na,na,na,na,na,na,na,na,na,na,na,na,na,na,na,na,na,na,na,na,na,na,na,na,na,na,na,na,na,na,na,na,na,na,na,na,na,na,na,na,na,na,na,na,na,na,na,na,na,na,na,na,na,na,na,na,na,na,na,na,na,na,na,na,na,na,na,na,na,na,na,na,na,na,na,na,na,na,na,na,na,na,na,na,na,na,na,na,na,na,na,na,na,na,na,na,na,na,na,na,na,na,na,na,na,na,na,na,na,na,na,na,na,na,na,na,na,na,na,na,na,na,na,na,na,na,na,na,na,na,na,na,na,na,na,na,na,na,na,na,na,na,na,na,na,na,na,na,na,na,na,na,na,na,na,na,na,na,na,na,na,na,na,na,na,na,na,na,na,na,na,na,na,na,na,na,na,na,na,na,na,na,na,na,na,na,na,na,na,na,na,na,na,na,na,na,na,na,na,na,na,na,na,na,na,na,na,na,na,na,na,na,na,na,na,na,na,na,na,na,na,na,na,na,na,na,na,na,na,na,na,na,na,na,na,na,na,na,na,na,na,na,na,na,na,na,na,na,na,na,na,na,na,na,na,na,na,na,na,na,na,na,na,na,na,na,na,na,na,na,na,na,na,na,na,na,na,na,na,na,na,na,na,na,na,na,na,na,na,na,na,na,na,na,na,na,na,na,na,na,na,na,na,na,na,na,na,na,na,na,na,na,na,na,na,na,na,na,na,na,na,na,na,na,na,na,na,na,na,na,na,na,na,na,na,na,na,na,na,na,na,na,na,na,na,na,na,na,na,na,na,na,na,na,na,na,na,na,na,na,na,na,na,na,na,na,na,na,na,na,na,na,na,na,na,na,na,na,na,na,na,na,na,na,na,na,na,na,na,na,na,na,na,na,na,na,na,na,na,na,na,na,na,na,na,na,na,na,na,na,na,na,na,na,na,na,na,na,na,na,na,na,na,na,na,na,na,na,na,na,na,na,na,na,na,na,na,na,na,na,na,na,na,na,na,na,na,na,na,na,na,na,na,na,na,na,na,na,na,na,na,na,na,na,na,na,na,na,na,na,na,na,na,na,na,na,na,na,na,na,na,na,na,na,na,na,na,na,na,na,na,na,na,na,na,na,na,na,na,na,na,na,na,na,na,na,na,na,na,na,na,na,na,na,na,na,na,na,na,na,na,na,na,na,na,na,na,na,na,na,na,na,na
155,            Pets & Products For Pets,101.027,101.38,100.823,100.874,100.129,100.292,100.405,100.707,100.62,100.244,99.712,100.123,100.534,100.247,100.319,99.775,100.563,100.555,100.237,98.385,98.417,101.132,102.915,102.765,102.487,101.813,101.223,101.481,100.657,100.717,99.83,97.955,97.393,97.735,95.983,95.999,95.259,94.541,92.277,92.417,91.556,91.648,91.677,90.8,90.929,90.749,90.591,90.435,90.458,89.886,89.606,89.678,90.067,89.759,89.919,89.684,89.369,90.115,89.549,89.996,90.173,90.5,89.748,89.475,89.637,89.574,89.189,89.62,89.855,89.172,89.613,89.713,89.936,89.446,89.515,88.163,89.007,89.172,88.937,89.275,89.989,90.365,90.103,89.718,89.358,89.672,88.887,89.401,89.464,89.759,89.881,88.95,88.907,87.407,88.886,88.554,88.089,87.754,88.676,87.269,87.77,87.349,88.387,86.916,88.899,88.063,87.135,86.55,86.038,86.304,85.904,86.699,86.583,86.703,86.121,86.139,86.874,86.247,86.03,86.449,85.851,86.779,86.668,86.887,85.913,86.991,87.262,86.798,87.469,86.146,na,na,na,na,na,na,na,na,na,na,na,na,na,na,na,na,na,na,na,na,na,na,na,na,na,na,na,na,na,na,na,na,na,na,na,na,na,na,na,na,na,na,na,na,na,na,na,na,na,na,na,na,na,na,na,na,na,na,na,na,na,na,na,na,na,na,na,na,na,na,na,na,na,na,na,na,na,na,na,na,na,na,na,na,na,na,na,na,na,na,na,na,na,na,na,na,na,na,na,na,na,na,na,na,na,na,na,na,na,na,na,na,na,na,na,na,na,na,na,na,na,na,na,na,na,na,na,na,na,na,na,na,na,na,na,na,na,na,na,na,na,na,na,na,na,na,na,na,na,na,na,na,na,na,na,na,na,na,na,na,na,na,na,na,na,na,na,na,na,na,na,na,na,na,na,na,na,na,na,na,na,na,na,na,na,na,na,na,na,na,na,na,na,na,na,na,na,na,na,na,na,na,na,na,na,na,na,na,na,na,na,na,na,na,na,na,na,na,na,na,na,na,na,na,na,na,na,na,na,na,na,na,na,na,na,na,na,na,na,na,na,na,na,na,na,na,na,na,na,na,na,na,na,na,na,na,na,na,na,na,na,na,na,na,na,na,na,na,na,na,na,na,na,na,na,na,na,na,na,na,na,na,na,na,na,na,na,na,na,na,na,na,na,na,na,na,na,na,na,na,na,na,na,na,na,na,na,na,na,na,na,na,na,na,na,na,na,na,na,na,na,na,na,na,na,na,na,na,na,na,na,na,na,na,na,na,na,na,na,na,na,na,na,na,na,na,na,na,na,na,na,na,na,na,na,na,na,na,na,na,na,na,na,na,na,na,na,na,na,na,na,na,na,na,na,na,na,na,na,na,na,na,na,na,na,na,na,na,na,na,na,na,na,na,na,na,na,na,na,na,na,na,na,na,na,na,na,na,na,na,na,na,na,na,na,na,na,na,na,na,na,na,na,na,na,na,na,na,na,na,na,na,na,na,na,na,na,na,na,na,na,na,na,na,na,na,na,na,na,na,na,na,na,na,na,na,na,na,na,na,na,na,na,na,na,na,na,na,na,na,na,na,na,na,na,na,na,na,na,na,na,na,na,na,na,na,na,na,na,na,na,na,na,na,na,na,na,na,na,na,na,na,na,na,na,na,na,na,na,na,na,na,na,na,na,na,na,na,na,na,na,na,na,na,na,na,na,na,na,na,na,na,na,na,na,na,na,na,na,na,na,na,na,na,na,na,na,na,na,na,na,na,na,na,na,na,na,na,na,na,na,na,na,na,na,na,na,na,na,na,na,na,na,na,na,na,na,na,na,na,na,na,na,na,na,na,na,na,na,na,na,na,na,na,na,na,na,na,na,na,na,na,na,na,na,na,na,na,na,na,na,na,na,na,na,na,na,na,na,na,na,na,na,na,na,na,na,na,na,na,na,na,na,na,na,na,na,na,na,na,na,na,na,na,na,na,na,na
156,        Recreational Services,101.608,101.329,101.593,101.399,100.993,100.845,101.443,99.995,100.201,100.341,100.537,100.342,100.248,101.403,101.604,101.6,101.338,100.425,100.278,97.454,97.431,97.343,93.916,93.619,93.349,92.457,92.444,92.84,93.081,92.721,92.022,91.545,91.533,90.989,89.015,88.9,89.101,88.868,89.096,89.108,88.623,88.313,88.098,86.828,85.59,85.557,84.595,84.573,84.535,84.319,84.198,84.018,84.027,84.035,84.016,83.788,83.708,83.695,82.864,82.671,82.7,82.296,82.191,81.972,82.254,82.254,82.241,82.286,82.272,82.376,82.364,82.297,82.307,82.535,82.596,82.662,82.676,82.764,82.921,82.928,82.855,82.882,81.588,81.472,80.508,80.72,81.372,81.098,81.186,81.223,81.182,81.284,81.277,81.321,81.003,80.982,81.454,80.844,80.591,80.587,80.757,81.439,81.435,80.423,80.388,80.283,79.855,79.904,79.758,79.758,79.92,79.942,79.822,79.747,79.652,79.438,79.224,79.067,78.512,78.479,78.252,78.144,77.755,78.106,78.254,78.08,78.08,78.013,77.837,77.815,78.051,78.051,78.051,77.576,77.576,77.576,77.156,77.625,77.61,77.364,77.356,77.388,77.93,77.835,77.768,77.75,77.75,77.694,76.859,76.234,76.234,76.252,76.231,76.231,75.264,75.179,75.115,74.987,74.969,74.969,75.022,74.985,74.969,74.277,74.118,74.118,73.435,73.038,72.863,72.707,72.668,72.683,72.543,72.505,72.48,71.587,71.813,71.324,71.643,71.572,71.429,71.076,70.726,70.754,70.74,70.681,70.677,71.194,71.178,71.178,70.941,70.973,70.833,70.806,70.603,70.603,70.603,70.603,70.603,70.542,70.549,70.553,70.629,70.575,70.518,70.019,69.737,69.705,69.81,69.755,69.755,69.53,69.53,69.481,69.233,68.322,68.259,68.045,68.045,67.956,67.295,67.295,67.295,67.153,67.159,67.159,67.14,67.026,66.883,66.796,66.796,66.796,66.802,66.841,66.748,66.607,66.536,66.536,66.484,66.183,65.611,65.611,66.044,66.044,66.017,65.73,65.856,65.856,65.856,65.886,na,na,na,na,na,na,na,na,na,na,na,na,na,na,na,na,na,na,na,na,na,na,na,na,na,na,na,na,na,na,na,na,na,na,na,na,na,na,na,na,na,na,na,na,na,na,na,na,na,na,na,na,na,na,na,na,na,na,na,na,na,na,na,na,na,na,na,na,na,na,na,na,na,na,na,na,na,na,na,na,na,na,na,na,na,na,na,na,na,na,na,na,na,na,na,na,na,na,na,na,na,na,na,na,na,na,na,na,na,na,na,na,na,na,na,na,na,na,na,na,na,na,na,na,na,na,na,na,na,na,na,na,na,na,na,na,na,na,na,na,na,na,na,na,na,na,na,na,na,na,na,na,na,na,na,na,na,na,na,na,na,na,na,na,na,na,na,na,na,na,na,na,na,na,na,na,na,na,na,na,na,na,na,na,na,na,na,na,na,na,na,na,na,na,na,na,na,na,na,na,na,na,na,na,na,na,na,na,na,na,na,na,na,na,na,na,na,na,na,na,na,na,na,na,na,na,na,na,na,na,na,na,na,na,na,na,na,na,na,na,na,na,na,na,na,na,na,na,na,na,na,na,na,na,na,na,na,na,na,na,na,na,na,na,na,na,na,na,na,na,na,na,na,na,na,na,na,na,na,na,na,na,na,na,na,na,na,na,na,na,na,na,na,na,na,na,na,na,na,na,na,na,na,na,na,na,na,na,na,na,na,na,na,na,na,na,na,na,na,na,na,na,na,na,na,na,na,na,na,na,na,na,na,na,na,na,na,na,na,na,na,na,na,na,na,na,na,na,na,na,na,na,na,na,na,na,na,na,na,na,na,na,na,na,na,na,na,na,na,na,na,na,na,na,na,na,na,na,na,na,na,na,na,na,na,na,na,na,na,na,na,na,na,na,na,na,na,na,na,na,na,na,na,na,na,na,na,na,na,na,na,na,na,na,na,na,na,na,na,na,na,na,na,na,na,na,na,na,na,na,na,na,na,na,na,na,na,na,na,na,na,na,na,na,na,na,na,na,na,na,na,na,na,na,na,na,na,na,na,na,na,na,na,na,na,na,na,na,na,na,na,na,na,na,na,na,na,na,na,na,na,na,na,na,na,na,na,na,na,na,na,na,na,na,na,na,na,na,na,na,na,na,na,na,na,na,na,na,na,na,na,na,na,na,na,na,na,na,na,na,na,na,na,na,na,na,na,na
157,            Other Recreational Services,110.364,110.365,110.365,110.365,110.365,110.365,110.365,102.874,102.874,102.874,102.874,102.874,102.874,102.874,102.874,102.874,97.127,97.127,97.127,97.127,97.127,97.127,na,na,na,na,na,na,na,na,na,na,na,na,na,na,na,na,na,na,na,na,na,na,na,na,na,na,na,na,na,na,na,na,na,na,na,na,na,na,na,na,na,na,na,na,na,na,na,na,na,na,na,na,na,na,na,na,na,na,na,na,na,na,na,na,na,na,na,na,na,na,na,na,na,na,na,na,na,na,na,na,na,na,na,na,na,na,na,na,na,na,na,na,na,na,na,na,na,na,na,na,na,na,na,na,na,na,na,na,na,na,na,na,na,na,na,na,na,na,na,na,na,na,na,na,na,na,na,na,na,na,na,na,na,na,na,na,na,na,na,na,na,na,na,na,na,na,na,na,na,na,na,na,na,na,na,na,na,na,na,na,na,na,na,na,na,na,na,na,na,na,na,na,na,na,na,na,na,na,na,na,na,na,na,na,na,na,na,na,na,na,na,na,na,na,na,na,na,na,na,na,na,na,na,na,na,na,na,na,na,na,na,na,na,na,na,na,na,na,na,na,na,na,na,na,na,na,na,na,na,na,na,na,na,na,na,na,na,na,na,na,na,na,na,na,na,na,na,na,na,na,na,na,na,na,na,na,na,na,na,na,na,na,na,na,na,na,na,na,na,na,na,na,na,na,na,na,na,na,na,na,na,na,na,na,na,na,na,na,na,na,na,na,na,na,na,na,na,na,na,na,na,na,na,na,na,na,na,na,na,na,na,na,na,na,na,na,na,na,na,na,na,na,na,na,na,na,na,na,na,na,na,na,na,na,na,na,na,na,na,na,na,na,na,na,na,na,na,na,na,na,na,na,na,na,na,na,na,na,na,na,na,na,na,na,na,na,na,na,na,na,na,na,na,na,na,na,na,na,na,na,na,na,na,na,na,na,na,na,na,na,na,na,na,na,na,na,na,na,na,na,na,na,na,na,na,na,na,na,na,na,na,na,na,na,na,na,na,na,na,na,na,na,na,na,na,na,na,na,na,na,na,na,na,na,na,na,na,na,na,na,na,na,na,na,na,na,na,na,na,na,na,na,na,na,na,na,na,na,na,na,na,na,na,na,na,na,na,na,na,na,na,na,na,na,na,na,na,na,na,na,na,na,na,na,na,na,na,na,na,na,na,na,na,na,na,na,na,na,na,na,na,na,na,na,na,na,na,na,na,na,na,na,na,na,na,na,na,na,na,na,na,na,na,na,na,na,na,na,na,na,na,na,na,na,na,na,na,na,na,na,na,na,na,na,na,na,na,na,na,na,na,na,na,na,na,na,na,na,na,na,na,na,na,na,na,na,na,na,na,na,na,na,na,na,na,na,na,na,na,na,na,na,na,na,na,na,na,na,na,na,na,na,na,na,na,na,na,na,na,na,na,na,na,na,na,na,na,na,na,na,na,na,na,na,na,na,na,na,na,na,na,na,na,na,na,na,na,na,na,na,na,na,na,na,na,na,na,na,na,na,na,na,na,na,na,na,na,na,na,na,na,na,na,na,na,na,na,na,na,na,na,na,na,na,na,na,na,na,na,na,na,na,na,na,na,na,na,na,na,na,na,na,na,na,na,na,na,na,na,na,na,na,na,na,na,na,na,na,na,na,na,na,na,na,na,na,na,na,na,na,na,na,na,na,na,na,na,na,na,na,na,na,na,na,na,na,na,na,na,na,na,na,na,na,na,na,na,na,na,na,na,na,na,na,na,na,na,na,na,na,na,na,na,na,na,na
158,            Veterinary & Other Services For Pets,103.616,103.121,103.121,103.121,103.121,103.121,103.121,103.121,103.121,103.121,103.121,103.121,103.121,100.513,100.513,100.513,100.513,100.513,100.513,95.853,95.853,95.853,na,na,na,na,na,na,na,na,na,na,na,na,na,na,na,na,na,na,na,na,na,na,na,na,na,na,na,na,na,na,na,na,na,na,na,na,na,na,na,na,na,na,na,na,na,na,na,na,na,na,na,na,na,na,na,na,na,na,na,na,na,na,na,na,na,na,na,na,na,na,na,na,na,na,na,na,na,na,na,na,na,na,na,na,na,na,na,na,na,na,na,na,na,na,na,na,na,na,na,na,na,na,na,na,na,na,na,na,na,na,na,na,na,na,na,na,na,na,na,na,na,na,na,na,na,na,na,na,na,na,na,na,na,na,na,na,na,na,na,na,na,na,na,na,na,na,na,na,na,na,na,na,na,na,na,na,na,na,na,na,na,na,na,na,na,na,na,na,na,na,na,na,na,na,na,na,na,na,na,na,na,na,na,na,na,na,na,na,na,na,na,na,na,na,na,na,na,na,na,na,na,na,na,na,na,na,na,na,na,na,na,na,na,na,na,na,na,na,na,na,na,na,na,na,na,na,na,na,na,na,na,na,na,na,na,na,na,na,na,na,na,na,na,na,na,na,na,na,na,na,na,na,na,na,na,na,na,na,na,na,na,na,na,na,na,na,na,na,na,na,na,na,na,na,na,na,na,na,na,na,na,na,na,na,na,na,na,na,na,na,na,na,na,na,na,na,na,na,na,na,na,na,na,na,na,na,na,na,na,na,na,na,na,na,na,na,na,na,na,na,na,na,na,na,na,na,na,na,na,na,na,na,na,na,na,na,na,na,na,na,na,na,na,na,na,na,na,na,na,na,na,na,na,na,na,na,na,na,na,na,na,na,na,na,na,na,na,na,na,na,na,na,na,na,na,na,na,na,na,na,na,na,na,na,na,na,na,na,na,na,na,na,na,na,na,na,na,na,na,na,na,na,na,na,na,na,na,na,na,na,na,na,na,na,na,na,na,na,na,na,na,na,na,na,na,na,na,na,na,na,na,na,na,na,na,na,na,na,na,na,na,na,na,na,na,na,na,na,na,na,na,na,na,na,na,na,na,na,na,na,na,na,na,na,na,na,na,na,na,na,na,na,na,na,na,na,na,na,na,na,na,na,na,na,na,na,na,na,na,na,na,na,na,na,na,na,na,na,na,na,na,na,na,na,na,na,na,na,na,na,na,na,na,na,na,na,na,na,na,na,na,na,na,na,na,na,na,na,na,na,na,na,na,na,na,na,na,na,na,na,na,na,na,na,na,na,na,na,na,na,na,na,na,na,na,na,na,na,na,na,na,na,na,na,na,na,na,na,na,na,na,na,na,na,na,na,na,na,na,na,na,na,na,na,na,na,na,na,na,na,na,na,na,na,na,na,na,na,na,na,na,na,na,na,na,na,na,na,na,na,na,na,na,na,na,na,na,na,na,na,na,na,na,na,na,na,na,na,na,na,na,na,na,na,na,na,na,na,na,na,na,na,na,na,na,na,na,na,na,na,na,na,na,na,na,na,na,na,na,na,na,na,na,na,na,na,na,na,na,na,na,na,na,na,na,na,na,na,na,na,na,na,na,na,na,na,na,na,na,na,na,na,na,na,na,na,na,na,na,na,na,na,na,na,na,na,na,na,na,na,na,na,na,na,na,na,na,na,na,na,na,na,na,na,na,na,na,na,na,na,na,na,na,na,na,na,na,na,na,na,na,na,na,na,na,na,na,na,na,na,na,na,na,na,na,na
159,            Recreational & Sporting Services,101.199,100.935,101.232,101.014,100.557,100.391,101.063,99.61,99.842,99.999,100.22,100,99.895,101.459,101.685,101.681,101.52,100.493,100.328,97.624,97.598,97.499,93.813,93.493,93.201,92.274,92.26,92.686,92.947,92.559,91.804,91.362,91.348,90.761,88.906,88.782,88.999,88.826,89.071,89.084,88.561,88.226,87.993,86.874,85.538,85.502,84.475,84.451,84.409,84.269,84.138,83.943,83.953,83.963,83.942,83.876,83.79,83.777,82.88,82.67,82.702,82.327,82.214,81.978,82.288,82.288,82.288,82.337,82.321,82.434,82.623,82.551,82.561,82.929,82.994,83.066,83.081,83.175,83.345,83.382,83.303,83.332,82.003,81.878,80.835,81.064,81.77,81.474,81.58,81.62,81.577,81.687,81.679,81.728,81.383,81.36,81.871,81.21,80.936,80.933,81.327,82.064,82.061,80.965,80.927,80.813,80.264,80.317,80.159,80.159,80.335,80.358,80.25,80.169,80.066,79.834,79.603,79.433,78.872,78.836,78.59,78.473,78.052,78.433,78.697,78.509,78.509,78.509,78.318,78.294,na,na,na,na,na,na,na,na,na,na,na,na,na,na,na,na,na,na,na,na,na,na,na,na,na,na,na,na,na,na,na,na,na,na,na,na,na,na,na,na,na,na,na,na,na,na,na,na,na,na,na,na,na,na,na,na,na,na,na,na,na,na,na,na,na,na,na,na,na,na,na,na,na,na,na,na,na,na,na,na,na,na,na,na,na,na,na,na,na,na,na,na,na,na,na,na,na,na,na,na,na,na,na,na,na,na,na,na,na,na,na,na,na,na,na,na,na,na,na,na,na,na,na,na,na,na,na,na,na,na,na,na,na,na,na,na,na,na,na,na,na,na,na,na,na,na,na,na,na,na,na,na,na,na,na,na,na,na,na,na,na,na,na,na,na,na,na,na,na,na,na,na,na,na,na,na,na,na,na,na,na,na,na,na,na,na,na,na,na,na,na,na,na,na,na,na,na,na,na,na,na,na,na,na,na,na,na,na,na,na,na,na,na,na,na,na,na,na,na,na,na,na,na,na,na,na,na,na,na,na,na,na,na,na,na,na,na,na,na,na,na,na,na,na,na,na,na,na,na,na,na,na,na,na,na,na,na,na,na,na,na,na,na,na,na,na,na,na,na,na,na,na,na,na,na,na,na,na,na,na,na,na,na,na,na,na,na,na,na,na,na,na,na,na,na,na,na,na,na,na,na,na,na,na,na,na,na,na,na,na,na,na,na,na,na,na,na,na,na,na,na,na,na,na,na,na,na,na,na,na,na,na,na,na,na,na,na,na,na,na,na,na,na,na,na,na,na,na,na,na,na,na,na,na,na,na,na,na,na,na,na,na,na,na,na,na,na,na,na,na,na,na,na,na,na,na,na,na,na,na,na,na,na,na,na,na,na,na,na,na,na,na,na,na,na,na,na,na,na,na,na,na,na,na,na,na,na,na,na,na,na,na,na,na,na,na,na,na,na,na,na,na,na,na,na,na,na,na,na,na,na,na,na,na,na,na,na,na,na,na,na,na,na,na,na,na,na,na,na,na,na,na,na,na,na,na,na,na,na,na,na,na,na,na,na,na,na,na,na,na,na,na,na,na,na,na,na,na,na,na,na,na,na,na,na,na,na,na,na,na,na,na,na,na,na,na,na,na,na,na,na,na,na,na,na,na,na,na,na,na,na,na,na,na,na,na,na,na,na,na,na,na,na,na,na,na,na,na,na,na,na,na,na,na,na,na,na,na,na,na,na,na,na,na,na,na,na,na,na,na,na,na,na,na,na,na,na,na,na,na,na,na,na,na,na,na,na,na,na,na,na,na,na,na,na,na,na,na,na,na,na,na,na,na,na,na,na,na,na,na,na,na,na,na,na,na,na,na,na,na,na,na,na,na,na,na,na,na,na,na,na,na,na,na,na,na,na,na,na,na,na,na,na,na,na,na,na,na,na,na,na,na,na,na,na,na,na,na,na,na,na,na,na,na,na,na,na,na
160,        Cultural Services,101.281,101.489,101.069,100.847,101.069,101.062,101.218,101.113,101.548,101.407,101.043,101.018,98.928,100.174,98.972,100.568,99.931,99.75,99.523,99.51,100.137,100.448,98.981,99.004,98.818,99.066,98.795,99.106,98.633,97.904,97.06,95.16,94.128,94.108,93.489,93.624,93.982,93.835,93.835,93.599,91.972,92.325,92.231,91.644,91.519,91.54,90.166,89.779,89.779,89.549,89.061,89.207,89.664,89.037,88.545,87.398,88.53,88.411,88.217,88.188,86.911,87.939,88.161,87.804,87.737,88.058,88.058,87.588,88.936,88.954,88.12,88.248,88.353,88.734,88.635,88.773,88.008,88.113,88.138,87.762,87.762,87.762,87.37,87.364,87.141,86.892,87.277,87.272,86.56,86.562,86.553,86.248,86.442,86.444,85.886,85.849,85.827,85.686,85.67,85.67,85.211,84.835,84.731,84.786,84.883,84.883,84.728,84.614,84.614,84.579,84.656,84.326,85.156,85.357,85.335,84.967,85.101,86.465,85.991,86.001,85.989,85.795,85.444,85.444,86.065,86.863,86.814,86.709,86.965,86.923,85.434,85.381,85.381,85.923,86.707,87.282,86.65,87.593,87.215,86.631,86.492,86.406,84.268,84.615,84.746,84.695,83.956,83.386,83.699,83.253,83.184,82.964,83.121,83.121,83.082,83.082,82.984,82.662,82.662,82.659,82.58,82.58,81.445,80.947,80.947,80.947,80.979,80.646,80.646,80.59,80.899,80.899,78.977,78.399,77.284,76.382,76.319,76.319,76.234,76.197,76.068,76.059,76.059,76.059,74.929,74.929,74.929,75.074,75.074,74.982,74.489,74.489,74.489,74.666,74.644,74.62,74.478,74.478,74.524,74.428,74.428,74.413,74.561,74.533,74.568,74.299,74.384,74.219,73.998,73.998,73.936,73.238,73.064,72.507,72.502,72.534,72.223,72.198,72.198,71.842,71.25,71.183,70.026,70.026,70.026,70.026,70.701,71.277,71.409,71.55,71.55,71.593,71.474,71.474,71.474,71.45,71.45,71.45,71.373,71.289,71.226,71.376,71.376,71.415,71.366,71.421,67.404,67.302,67.302,67.302,na,na,na,na,na,na,na,na,na,na,na,na,na,na,na,na,na,na,na,na,na,na,na,na,na,na,na,na,na,na,na,na,na,na,na,na,na,na,na,na,na,na,na,na,na,na,na,na,na,na,na,na,na,na,na,na,na,na,na,na,na,na,na,na,na,na,na,na,na,na,na,na,na,na,na,na,na,na,na,na,na,na,na,na,na,na,na,na,na,na,na,na,na,na,na,na,na,na,na,na,na,na,na,na,na,na,na,na,na,na,na,na,na,na,na,na,na,na,na,na,na,na,na,na,na,na,na,na,na,na,na,na,na,na,na,na,na,na,na,na,na,na,na,na,na,na,na,na,na,na,na,na,na,na,na,na,na,na,na,na,na,na,na,na,na,na,na,na,na,na,na,na,na,na,na,na,na,na,na,na,na,na,na,na,na,na,na,na,na,na,na,na,na,na,na,na,na,na,na,na,na,na,na,na,na,na,na,na,na,na,na,na,na,na,na,na,na,na,na,na,na,na,na,na,na,na,na,na,na,na,na,na,na,na,na,na,na,na,na,na,na,na,na,na,na,na,na,na,na,na,na,na,na,na,na,na,na,na,na,na,na,na,na,na,na,na,na,na,na,na,na,na,na,na,na,na,na,na,na,na,na,na,na,na,na,na,na,na,na,na,na,na,na,na,na,na,na,na,na,na,na,na,na,na,na,na,na,na,na,na,na,na,na,na,na,na,na,na,na,na,na,na,na,na,na,na,na,na,na,na,na,na,na,na,na,na,na,na,na,na,na,na,na,na,na,na,na,na,na,na,na,na,na,na,na,na,na,na,na,na,na,na,na,na,na,na,na,na,na,na,na,na,na,na,na,na,na,na,na,na,na,na,na,na,na,na,na,na,na,na,na,na,na,na,na,na,na,na,na,na,na,na,na,na,na,na,na,na,na,na,na,na,na,na,na,na,na,na,na,na,na,na,na,na,na,na,na,na,na,na,na,na,na,na,na,na,na,na,na,na,na,na,na,na,na,na,na,na,na,na,na,na,na,na,na,na,na,na,na,na,na,na,na,na,na,na,na,na,na,na,na,na,na,na,na,na,na,na,na,na,na,na,na,na,na,na,na,na,na,na,na,na,na,na,na,na,na,na,na,na,na,na,na,na,na,na,na,na,na,na,na,na,na,na,na,na,na,na,na,na,na,na,na,na,na,na,na,na
161,"            Services Provided By Cinemas, Theatres & Concert Venues",102.404,103.35,103.3,102.513,102.063,101.974,103.052,102.271,100.983,100.453,100.453,99.914,99.47,99.533,97.896,100.229,99.691,98.746,98.746,100.657,101.794,102.872,na,na,na,na,na,na,na,na,na,na,na,na,na,na,na,na,na,na,na,na,na,na,na,na,na,na,na,na,na,na,na,na,na,na,na,na,na,na,na,na,na,na,na,na,na,na,na,na,na,na,na,na,na,na,na,na,na,na,na,na,na,na,na,na,na,na,na,na,na,na,na,na,na,na,na,na,na,na,na,na,na,na,na,na,na,na,na,na,na,na,na,na,na,na,na,na,na,na,na,na,na,na,na,na,na,na,na,na,na,na,na,na,na,na,na,na,na,na,na,na,na,na,na,na,na,na,na,na,na,na,na,na,na,na,na,na,na,na,na,na,na,na,na,na,na,na,na,na,na,na,na,na,na,na,na,na,na,na,na,na,na,na,na,na,na,na,na,na,na,na,na,na,na,na,na,na,na,na,na,na,na,na,na,na,na,na,na,na,na,na,na,na,na,na,na,na,na,na,na,na,na,na,na,na,na,na,na,na,na,na,na,na,na,na,na,na,na,na,na,na,na,na,na,na,na,na,na,na,na,na,na,na,na,na,na,na,na,na,na,na,na,na,na,na,na,na,na,na,na,na,na,na,na,na,na,na,na,na,na,na,na,na,na,na,na,na,na,na,na,na,na,na,na,na,na,na,na,na,na,na,na,na,na,na,na,na,na,na,na,na,na,na,na,na,na,na,na,na,na,na,na,na,na,na,na,na,na,na,na,na,na,na,na,na,na,na,na,na,na,na,na,na,na,na,na,na,na,na,na,na,na,na,na,na,na,na,na,na,na,na,na,na,na,na,na,na,na,na,na,na,na,na,na,na,na,na,na,na,na,na,na,na,na,na,na,na,na,na,na,na,na,na,na,na,na,na,na,na,na,na,na,na,na,na,na,na,na,na,na,na,na,na,na,na,na,na,na,na,na,na,na,na,na,na,na,na,na,na,na,na,na,na,na,na,na,na,na,na,na,na,na,na,na,na,na,na,na,na,na,na,na,na,na,na,na,na,na,na,na,na,na,na,na,na,na,na,na,na,na,na,na,na,na,na,na,na,na,na,na,na,na,na,na,na,na,na,na,na,na,na,na,na,na,na,na,na,na,na,na,na,na,na,na,na,na,na,na,na,na,na,na,na,na,na,na,na,na,na,na,na,na,na,na,na,na,na,na,na,na,na,na,na,na,na,na,na,na,na,na,na,na,na,na,na,na,na,na,na,na,na,na,na,na,na,na,na,na,na,na,na,na,na,na,na,na,na,na,na,na,na,na,na,na,na,na,na,na,na,na,na,na,na,na,na,na,na,na,na,na,na,na,na,na,na,na,na,na,na,na,na,na,na,na,na,na,na,na,na,na,na,na,na,na,na,na,na,na,na,na,na,na,na,na,na,na,na,na,na,na,na,na,na,na,na,na,na,na,na,na,na,na,na,na,na,na,na,na,na,na,na,na,na,na,na,na,na,na,na,na,na,na,na,na,na,na,na,na,na,na,na,na,na,na,na,na,na,na,na,na,na,na,na,na,na,na,na,na,na,na,na,na,na,na,na,na,na,na,na,na,na,na,na,na,na,na,na,na,na,na,na,na,na,na,na,na,na,na,na,na,na,na,na,na,na,na,na,na,na,na,na,na,na,na,na,na,na,na,na,na,na,na,na,na,na,na,na,na,na,na,na,na,na,na,na,na,na,na,na,na,na,na,na,na,na,na,na,na,na,na,na,na,na,na,na,na,na
162,            Services Provided By Museums & Cultural Sites,105.961,106.455,103.717,101.31,98.777,99.733,98.393,99.432,105.621,105.724,102.572,102.915,86.881,102.711,96.393,103.332,101.62,102.482,100.775,96.586,101.868,101.868,na,na,na,na,na,na,na,na,na,na,na,na,na,na,na,na,na,na,na,na,na,na,na,na,na,na,na,na,na,na,na,na,na,na,na,na,na,na,na,na,na,na,na,na,na,na,na,na,na,na,na,na,na,na,na,na,na,na,na,na,na,na,na,na,na,na,na,na,na,na,na,na,na,na,na,na,na,na,na,na,na,na,na,na,na,na,na,na,na,na,na,na,na,na,na,na,na,na,na,na,na,na,na,na,na,na,na,na,na,na,na,na,na,na,na,na,na,na,na,na,na,na,na,na,na,na,na,na,na,na,na,na,na,na,na,na,na,na,na,na,na,na,na,na,na,na,na,na,na,na,na,na,na,na,na,na,na,na,na,na,na,na,na,na,na,na,na,na,na,na,na,na,na,na,na,na,na,na,na,na,na,na,na,na,na,na,na,na,na,na,na,na,na,na,na,na,na,na,na,na,na,na,na,na,na,na,na,na,na,na,na,na,na,na,na,na,na,na,na,na,na,na,na,na,na,na,na,na,na,na,na,na,na,na,na,na,na,na,na,na,na,na,na,na,na,na,na,na,na,na,na,na,na,na,na,na,na,na,na,na,na,na,na,na,na,na,na,na,na,na,na,na,na,na,na,na,na,na,na,na,na,na,na,na,na,na,na,na,na,na,na,na,na,na,na,na,na,na,na,na,na,na,na,na,na,na,na,na,na,na,na,na,na,na,na,na,na,na,na,na,na,na,na,na,na,na,na,na,na,na,na,na,na,na,na,na,na,na,na,na,na,na,na,na,na,na,na,na,na,na,na,na,na,na,na,na,na,na,na,na,na,na,na,na,na,na,na,na,na,na,na,na,na,na,na,na,na,na,na,na,na,na,na,na,na,na,na,na,na,na,na,na,na,na,na,na,na,na,na,na,na,na,na,na,na,na,na,na,na,na,na,na,na,na,na,na,na,na,na,na,na,na,na,na,na,na,na,na,na,na,na,na,na,na,na,na,na,na,na,na,na,na,na,na,na,na,na,na,na,na,na,na,na,na,na,na,na,na,na,na,na,na,na,na,na,na,na,na,na,na,na,na,na,na,na,na,na,na,na,na,na,na,na,na,na,na,na,na,na,na,na,na,na,na,na,na,na,na,na,na,na,na,na,na,na,na,na,na,na,na,na,na,na,na,na,na,na,na,na,na,na,na,na,na,na,na,na,na,na,na,na,na,na,na,na,na,na,na,na,na,na,na,na,na,na,na,na,na,na,na,na,na,na,na,na,na,na,na,na,na,na,na,na,na,na,na,na,na,na,na,na,na,na,na,na,na,na,na,na,na,na,na,na,na,na,na,na,na,na,na,na,na,na,na,na,na,na,na,na,na,na,na,na,na,na,na,na,na,na,na,na,na,na,na,na,na,na,na,na,na,na,na,na,na,na,na,na,na,na,na,na,na,na,na,na,na,na,na,na,na,na,na,na,na,na,na,na,na,na,na,na,na,na,na,na,na,na,na,na,na,na,na,na,na,na,na,na,na,na,na,na,na,na,na,na,na,na,na,na,na,na,na,na,na,na,na,na,na,na,na,na,na,na,na,na,na,na,na,na,na,na,na,na,na,na,na,na,na,na,na,na,na,na,na,na,na,na,na,na,na,na,na,na,na,na,na,na,na,na,na,na,na,na,na,na,na,na,na,na,na,na,na,na,na,na,na,na,na,na,na,na,na,na,na,na,na
163,            Photographic Services,96.128,96.128,96.128,96.128,100.039,100.039,100.039,100.039,100.039,100.039,100.039,100.039,100.039,100.039,100.039,100.039,100.039,100.039,100.039,99.882,99.882,99.882,na,na,na,na,na,na,na,na,na,na,na,na,na,na,na,na,na,na,na,na,na,na,na,na,na,na,na,na,na,na,na,na,na,na,na,na,na,na,na,na,na,na,na,na,na,na,na,na,na,na,na,na,na,na,na,na,na,na,na,na,na,na,na,na,na,na,na,na,na,na,na,na,na,na,na,na,na,na,na,na,na,na,na,na,na,na,na,na,na,na,na,na,na,na,na,na,na,na,na,na,na,na,na,na,na,na,na,na,na,na,na,na,na,na,na,na,na,na,na,na,na,na,na,na,na,na,na,na,na,na,na,na,na,na,na,na,na,na,na,na,na,na,na,na,na,na,na,na,na,na,na,na,na,na,na,na,na,na,na,na,na,na,na,na,na,na,na,na,na,na,na,na,na,na,na,na,na,na,na,na,na,na,na,na,na,na,na,na,na,na,na,na,na,na,na,na,na,na,na,na,na,na,na,na,na,na,na,na,na,na,na,na,na,na,na,na,na,na,na,na,na,na,na,na,na,na,na,na,na,na,na,na,na,na,na,na,na,na,na,na,na,na,na,na,na,na,na,na,na,na,na,na,na,na,na,na,na,na,na,na,na,na,na,na,na,na,na,na,na,na,na,na,na,na,na,na,na,na,na,na,na,na,na,na,na,na,na,na,na,na,na,na,na,na,na,na,na,na,na,na,na,na,na,na,na,na,na,na,na,na,na,na,na,na,na,na,na,na,na,na,na,na,na,na,na,na,na,na,na,na,na,na,na,na,na,na,na,na,na,na,na,na,na,na,na,na,na,na,na,na,na,na,na,na,na,na,na,na,na,na,na,na,na,na,na,na,na,na,na,na,na,na,na,na,na,na,na,na,na,na,na,na,na,na,na,na,na,na,na,na,na,na,na,na,na,na,na,na,na,na,na,na,na,na,na,na,na,na,na,na,na,na,na,na,na,na,na,na,na,na,na,na,na,na,na,na,na,na,na,na,na,na,na,na,na,na,na,na,na,na,na,na,na,na,na,na,na,na,na,na,na,na,na,na,na,na,na,na,na,na,na,na,na,na,na,na,na,na,na,na,na,na,na,na,na,na,na,na,na,na,na,na,na,na,na,na,na,na,na,na,na,na,na,na,na,na,na,na,na,na,na,na,na,na,na,na,na,na,na,na,na,na,na,na,na,na,na,na,na,na,na,na,na,na,na,na,na,na,na,na,na,na,na,na,na,na,na,na,na,na,na,na,na,na,na,na,na,na,na,na,na,na,na,na,na,na,na,na,na,na,na,na,na,na,na,na,na,na,na,na,na,na,na,na,na,na,na,na,na,na,na,na,na,na,na,na,na,na,na,na,na,na,na,na,na,na,na,na,na,na,na,na,na,na,na,na,na,na,na,na,na,na,na,na,na,na,na,na,na,na,na,na,na,na,na,na,na,na,na,na,na,na,na,na,na,na,na,na,na,na,na,na,na,na,na,na,na,na,na,na,na,na,na,na,na,na,na,na,na,na,na,na,na,na,na,na,na,na,na,na,na,na,na,na,na,na,na,na,na,na,na,na,na,na,na,na,na,na,na,na,na,na,na,na,na,na,na,na,na,na,na,na,na,na,na,na,na,na,na,na,na,na,na,na,na,na,na,na,na,na,na,na,na,na,na,na,na,na,na,na,na,na,na,na,na,na,na,na,na,na,na,na,na,na,na,na,na,na,na,na,na,na,na,na,na,na
164,            Cultural Services Nec,100.912,100.649,100.453,101.067,101.322,101.122,101.122,101.122,101.322,101.322,101.322,101.52,101.276,99.979,99.979,100.243,99.628,99.61,99.546,99.416,98.742,98.742,na,na,na,na,na,na,na,na,na,na,na,na,na,na,na,na,na,na,na,na,na,na,na,na,na,na,na,na,na,na,na,na,na,na,na,na,na,na,na,na,na,na,na,na,na,na,na,na,na,na,na,na,na,na,na,na,na,na,na,na,na,na,na,na,na,na,na,na,na,na,na,na,na,na,na,na,na,na,na,na,na,na,na,na,na,na,na,na,na,na,na,na,na,na,na,na,na,na,na,na,na,na,na,na,na,na,na,na,na,na,na,na,na,na,na,na,na,na,na,na,na,na,na,na,na,na,na,na,na,na,na,na,na,na,na,na,na,na,na,na,na,na,na,na,na,na,na,na,na,na,na,na,na,na,na,na,na,na,na,na,na,na,na,na,na,na,na,na,na,na,na,na,na,na,na,na,na,na,na,na,na,na,na,na,na,na,na,na,na,na,na,na,na,na,na,na,na,na,na,na,na,na,na,na,na,na,na,na,na,na,na,na,na,na,na,na,na,na,na,na,na,na,na,na,na,na,na,na,na,na,na,na,na,na,na,na,na,na,na,na,na,na,na,na,na,na,na,na,na,na,na,na,na,na,na,na,na,na,na,na,na,na,na,na,na,na,na,na,na,na,na,na,na,na,na,na,na,na,na,na,na,na,na,na,na,na,na,na,na,na,na,na,na,na,na,na,na,na,na,na,na,na,na,na,na,na,na,na,na,na,na,na,na,na,na,na,na,na,na,na,na,na,na,na,na,na,na,na,na,na,na,na,na,na,na,na,na,na,na,na,na,na,na,na,na,na,na,na,na,na,na,na,na,na,na,na,na,na,na,na,na,na,na,na,na,na,na,na,na,na,na,na,na,na,na,na,na,na,na,na,na,na,na,na,na,na,na,na,na,na,na,na,na,na,na,na,na,na,na,na,na,na,na,na,na,na,na,na,na,na,na,na,na,na,na,na,na,na,na,na,na,na,na,na,na,na,na,na,na,na,na,na,na,na,na,na,na,na,na,na,na,na,na,na,na,na,na,na,na,na,na,na,na,na,na,na,na,na,na,na,na,na,na,na,na,na,na,na,na,na,na,na,na,na,na,na,na,na,na,na,na,na,na,na,na,na,na,na,na,na,na,na,na,na,na,na,na,na,na,na,na,na,na,na,na,na,na,na,na,na,na,na,na,na,na,na,na,na,na,na,na,na,na,na,na,na,na,na,na,na,na,na,na,na,na,na,na,na,na,na,na,na,na,na,na,na,na,na,na,na,na,na,na,na,na,na,na,na,na,na,na,na,na,na,na,na,na,na,na,na,na,na,na,na,na,na,na,na,na,na,na,na,na,na,na,na,na,na,na,na,na,na,na,na,na,na,na,na,na,na,na,na,na,na,na,na,na,na,na,na,na,na,na,na,na,na,na,na,na,na,na,na,na,na,na,na,na,na,na,na,na,na,na,na,na,na,na,na,na,na,na,na,na,na,na,na,na,na,na,na,na,na,na,na,na,na,na,na,na,na,na,na,na,na,na,na,na,na,na,na,na,na,na,na,na,na,na,na,na,na,na,na,na,na,na,na,na,na,na,na,na,na,na,na,na,na,na,na,na,na,na,na,na,na,na,na,na,na,na,na,na,na,na,na,na,na,na,na,na,na,na,na,na,na,na,na,na,na,na,na,na,na,na,na,na,na,na,na,na,na,na,na,na,na,na,na,na,na,na,na,na,na,na,na,na,na
165,"        Newspapers, Books & Stationery",100.722,100.704,100.741,100.376,100.525,100.173,100.168,100.633,100.633,100.61,100.223,100.233,100.169,100.012,100.081,100.094,100.098,100.098,99.779,99.738,99.738,99.738,99.329,99.329,99.321,99.313,99.316,99.315,99.313,99.285,99.285,99.36,99.36,99.374,98.669,98.701,98.667,98.049,98.049,98.049,97.863,97.822,97.611,97.505,97.482,97.432,97.44,97.284,97.287,97.252,97.243,97.244,97.111,97.079,96.888,97.004,97.004,97.008,97.057,97.13,97.057,97.037,97.009,96.622,97.08,97.274,97.187,96.214,96.501,96.459,96.181,96.459,96.357,96.459,96.414,96.544,96.415,96.436,96.335,96.377,96.522,96.531,96.297,96.276,96.253,96.243,96.276,96.184,96.223,96.278,96.272,96.028,96.269,96.128,96.18,96.248,96.25,96.078,96.105,96.103,96.157,96.205,96.203,96.193,96.376,96.376,96.324,96.307,96.324,96.323,96.073,96.16,96.242,96.242,96.231,96.173,90.525,90.525,90.478,90.153,90.448,90.514,90.017,90.017,90.466,90.305,90.305,90.323,90.323,90.305,90.3,90.225,90.225,88.441,88.441,88.441,88.441,88.441,88.422,88.422,88.368,88.368,88.735,88.735,88.735,88.697,88.697,88.629,88.569,88.593,88.59,88.55,88.55,88.55,88.559,88.559,88.559,88.559,88.56,88.56,88.437,88.41,88.442,88.37,88.37,88.37,88.37,88.322,88.322,88.285,88.288,88.288,88.329,88.147,88.148,88.148,88.148,88.141,88.141,88.141,88.011,88.011,87.975,87.975,87.975,87.975,87.883,87.789,87.745,87.78,87.67,87.67,87.533,87.511,87.511,87.511,87.5,87.475,87.4,87.313,87.313,87.303,87.366,87.311,87.302,82.978,82.943,82.946,82.9,82.873,82.873,82.9,82.878,82.804,82.77,82.025,82.001,82.003,81.95,81.914,81.377,81.367,81.312,81.28,81.364,81.364,81.371,81.345,81.261,81.261,81.261,81.261,81.365,81.261,80.993,80.929,80.938,80.818,80.81,80.675,80.536,80.419,80.419,80.427,80.414,80.415,80.386,80.386,80.386,80.423,na,na,na,na,na,na,na,na,na,na,na,na,na,na,na,na,na,na,na,na,na,na,na,na,na,na,na,na,na,na,na,na,na,na,na,na,na,na,na,na,na,na,na,na,na,na,na,na,na,na,na,na,na,na,na,na,na,na,na,na,na,na,na,na,na,na,na,na,na,na,na,na,na,na,na,na,na,na,na,na,na,na,na,na,na,na,na,na,na,na,na,na,na,na,na,na,na,na,na,na,na,na,na,na,na,na,na,na,na,na,na,na,na,na,na,na,na,na,na,na,na,na,na,na,na,na,na,na,na,na,na,na,na,na,na,na,na,na,na,na,na,na,na,na,na,na,na,na,na,na,na,na,na,na,na,na,na,na,na,na,na,na,na,na,na,na,na,na,na,na,na,na,na,na,na,na,na,na,na,na,na,na,na,na,na,na,na,na,na,na,na,na,na,na,na,na,na,na,na,na,na,na,na,na,na,na,na,na,na,na,na,na,na,na,na,na,na,na,na,na,na,na,na,na,na,na,na,na,na,na,na,na,na,na,na,na,na,na,na,na,na,na,na,na,na,na,na,na,na,na,na,na,na,na,na,na,na,na,na,na,na,na,na,na,na,na,na,na,na,na,na,na,na,na,na,na,na,na,na,na,na,na,na,na,na,na,na,na,na,na,na,na,na,na,na,na,na,na,na,na,na,na,na,na,na,na,na,na,na,na,na,na,na,na,na,na,na,na,na,na,na,na,na,na,na,na,na,na,na,na,na,na,na,na,na,na,na,na,na,na,na,na,na,na,na,na,na,na,na,na,na,na,na,na,na,na,na,na,na,na,na,na,na,na,na,na,na,na,na,na,na,na,na,na,na,na,na,na,na,na,na,na,na,na,na,na,na,na,na,na,na,na,na,na,na,na,na,na,na,na,na,na,na,na,na,na,na,na,na,na,na,na,na,na,na,na,na,na,na,na,na,na,na,na,na,na,na,na,na,na,na,na,na,na,na,na,na,na,na,na,na,na,na,na,na,na,na,na,na,na,na,na,na,na,na,na,na,na,na,na,na,na,na,na,na,na,na,na,na,na,na,na,na,na,na,na,na,na,na,na,na,na,na,na,na,na,na,na,na,na,na,na,na,na,na,na,na,na,na,na,na,na,na,na,na,na,na,na,na,na,na,na,na,na,na,na,na,na,na,na,na,na,na,na,na,na,na,na
166,"            Books, Excl School Textbooks & Study Guides",100.945,101.042,101.983,100.292,100.89,99.331,99.31,100.922,100.922,100.827,100.462,100.5,100.249,100.174,100.469,100.521,100.539,100.539,99.261,99.096,99.096,99.096,na,na,na,na,na,na,na,na,na,na,na,na,na,na,na,na,na,na,na,na,na,na,na,na,na,na,na,na,na,na,na,na,na,na,na,na,na,na,na,na,na,na,na,na,na,na,na,na,na,na,na,na,na,na,na,na,na,na,na,na,na,na,na,na,na,na,na,na,na,na,na,na,na,na,na,na,na,na,na,na,na,na,na,na,na,na,na,na,na,na,na,na,na,na,na,na,na,na,na,na,na,na,na,na,na,na,na,na,na,na,na,na,na,na,na,na,na,na,na,na,na,na,na,na,na,na,na,na,na,na,na,na,na,na,na,na,na,na,na,na,na,na,na,na,na,na,na,na,na,na,na,na,na,na,na,na,na,na,na,na,na,na,na,na,na,na,na,na,na,na,na,na,na,na,na,na,na,na,na,na,na,na,na,na,na,na,na,na,na,na,na,na,na,na,na,na,na,na,na,na,na,na,na,na,na,na,na,na,na,na,na,na,na,na,na,na,na,na,na,na,na,na,na,na,na,na,na,na,na,na,na,na,na,na,na,na,na,na,na,na,na,na,na,na,na,na,na,na,na,na,na,na,na,na,na,na,na,na,na,na,na,na,na,na,na,na,na,na,na,na,na,na,na,na,na,na,na,na,na,na,na,na,na,na,na,na,na,na,na,na,na,na,na,na,na,na,na,na,na,na,na,na,na,na,na,na,na,na,na,na,na,na,na,na,na,na,na,na,na,na,na,na,na,na,na,na,na,na,na,na,na,na,na,na,na,na,na,na,na,na,na,na,na,na,na,na,na,na,na,na,na,na,na,na,na,na,na,na,na,na,na,na,na,na,na,na,na,na,na,na,na,na,na,na,na,na,na,na,na,na,na,na,na,na,na,na,na,na,na,na,na,na,na,na,na,na,na,na,na,na,na,na,na,na,na,na,na,na,na,na,na,na,na,na,na,na,na,na,na,na,na,na,na,na,na,na,na,na,na,na,na,na,na,na,na,na,na,na,na,na,na,na,na,na,na,na,na,na,na,na,na,na,na,na,na,na,na,na,na,na,na,na,na,na,na,na,na,na,na,na,na,na,na,na,na,na,na,na,na,na,na,na,na,na,na,na,na,na,na,na,na,na,na,na,na,na,na,na,na,na,na,na,na,na,na,na,na,na,na,na,na,na,na,na,na,na,na,na,na,na,na,na,na,na,na,na,na,na,na,na,na,na,na,na,na,na,na,na,na,na,na,na,na,na,na,na,na,na,na,na,na,na,na,na,na,na,na,na,na,na,na,na,na,na,na,na,na,na,na,na,na,na,na,na,na,na,na,na,na,na,na,na,na,na,na,na,na,na,na,na,na,na,na,na,na,na,na,na,na,na,na,na,na,na,na,na,na,na,na,na,na,na,na,na,na,na,na,na,na,na,na,na,na,na,na,na,na,na,na,na,na,na,na,na,na,na,na,na,na,na,na,na,na,na,na,na,na,na,na,na,na,na,na,na,na,na,na,na,na,na,na,na,na,na,na,na,na,na,na,na,na,na,na,na,na,na,na,na,na,na,na,na,na,na,na,na,na,na,na,na,na,na,na,na,na,na,na,na,na,na,na,na,na,na,na,na,na,na,na,na,na,na,na,na,na,na,na,na,na,na,na,na,na,na,na,na,na,na,na,na,na,na,na,na,na,na,na,na,na,na,na,na,na,na,na,na,na,na,na,na,na,na,na,na,na,na
167,            Newspapers & Others,99.946,99.946,99.946,99.946,100,100,100,100,100,100,100,100,100,100,100,100,100,100,100,100,100,100,100.01,100.01,100.01,99.995,99.995,99.995,99.997,99.997,99.997,99.995,99.995,99.995,99.97,99.97,99.97,98.79,98.79,98.79,98.79,98.79,98.79,98.79,98.79,98.79,98.79,98.79,98.79,98.79,98.79,98.79,98.79,98.79,98.79,98.79,98.79,98.79,98.79,98.79,98.79,98.79,98.79,98.79,98.79,98.79,98.79,98.79,98.79,98.79,98.79,98.79,98.79,98.79,98.79,98.79,98.79,98.79,98.79,98.79,98.79,98.79,98.564,98.632,98.632,98.632,98.632,98.632,98.841,98.841,98.841,98.717,98.817,98.817,98.815,98.812,98.815,98.703,98.703,98.7,98.822,98.861,98.862,98.862,99.232,99.232,99.232,99.221,99.232,99.23,99.123,99.229,99.23,99.23,99.23,99.23,87.843,87.843,87.751,87.097,87.69,87.823,86.819,86.819,87.69,87.445,87.445,87.445,87.445,87.445,na,na,na,na,na,na,na,na,na,na,na,na,na,na,na,na,na,na,na,na,na,na,na,na,na,na,na,na,na,na,na,na,na,na,na,na,na,na,na,na,na,na,na,na,na,na,na,na,na,na,na,na,na,na,na,na,na,na,na,na,na,na,na,na,na,na,na,na,na,na,na,na,na,na,na,na,na,na,na,na,na,na,na,na,na,na,na,na,na,na,na,na,na,na,na,na,na,na,na,na,na,na,na,na,na,na,na,na,na,na,na,na,na,na,na,na,na,na,na,na,na,na,na,na,na,na,na,na,na,na,na,na,na,na,na,na,na,na,na,na,na,na,na,na,na,na,na,na,na,na,na,na,na,na,na,na,na,na,na,na,na,na,na,na,na,na,na,na,na,na,na,na,na,na,na,na,na,na,na,na,na,na,na,na,na,na,na,na,na,na,na,na,na,na,na,na,na,na,na,na,na,na,na,na,na,na,na,na,na,na,na,na,na,na,na,na,na,na,na,na,na,na,na,na,na,na,na,na,na,na,na,na,na,na,na,na,na,na,na,na,na,na,na,na,na,na,na,na,na,na,na,na,na,na,na,na,na,na,na,na,na,na,na,na,na,na,na,na,na,na,na,na,na,na,na,na,na,na,na,na,na,na,na,na,na,na,na,na,na,na,na,na,na,na,na,na,na,na,na,na,na,na,na,na,na,na,na,na,na,na,na,na,na,na,na,na,na,na,na,na,na,na,na,na,na,na,na,na,na,na,na,na,na,na,na,na,na,na,na,na,na,na,na,na,na,na,na,na,na,na,na,na,na,na,na,na,na,na,na,na,na,na,na,na,na,na,na,na,na,na,na,na,na,na,na,na,na,na,na,na,na,na,na,na,na,na,na,na,na,na,na,na,na,na,na,na,na,na,na,na,na,na,na,na,na,na,na,na,na,na,na,na,na,na,na,na,na,na,na,na,na,na,na,na,na,na,na,na,na,na,na,na,na,na,na,na,na,na,na,na,na,na,na,na,na,na,na,na,na,na,na,na,na,na,na,na,na,na,na,na,na,na,na,na,na,na,na,na,na,na,na,na,na,na,na,na,na,na,na,na,na,na,na,na,na,na,na,na,na,na,na,na,na,na,na,na,na,na,na,na,na,na,na,na,na,na,na,na,na,na,na,na,na,na,na,na,na,na,na,na,na,na,na,na,na,na,na,na,na,na,na,na,na,na,na,na,na,na,na,na,na,na,na,na,na,na,na,na,na,na,na,na,na,na,na,na,na,na,na,na,na,na,na,na,na,na,na,na,na,na,na,na,na,na,na,na,na,na,na,na,na,na,na,na,na,na,na,na,na,na,na,na,na,na,na,na,na,na,na,na,na,na,na,na,na,na,na,na,na,na,na,na,na,na,na,na,na,na,na,na,na,na,na,na,na,na,na,na,na,na,na,na,na,na,na,na,na,na,na,na,na,na,na,na,na,na,na,na
168,            Stationery & Drawing Materials,101.116,101.022,100.581,100.709,100.673,100.757,100.757,100.895,100.895,100.895,100.239,100.239,100.238,99.93,99.919,99.919,99.919,99.919,99.919,99.919,99.919,99.919,na,na,na,na,na,na,na,na,na,na,na,na,na,na,na,na,na,na,na,na,na,na,na,na,na,na,na,na,na,na,na,na,na,na,na,na,na,na,na,na,na,na,na,na,na,na,na,na,na,na,na,na,na,na,na,na,na,na,na,na,na,na,na,na,na,na,na,na,na,na,na,na,na,na,na,na,na,na,na,na,na,na,na,na,na,na,na,na,na,na,na,na,na,na,na,na,na,na,na,na,na,na,na,na,na,na,na,na,na,na,na,na,na,na,na,na,na,na,na,na,na,na,na,na,na,na,na,na,na,na,na,na,na,na,na,na,na,na,na,na,na,na,na,na,na,na,na,na,na,na,na,na,na,na,na,na,na,na,na,na,na,na,na,na,na,na,na,na,na,na,na,na,na,na,na,na,na,na,na,na,na,na,na,na,na,na,na,na,na,na,na,na,na,na,na,na,na,na,na,na,na,na,na,na,na,na,na,na,na,na,na,na,na,na,na,na,na,na,na,na,na,na,na,na,na,na,na,na,na,na,na,na,na,na,na,na,na,na,na,na,na,na,na,na,na,na,na,na,na,na,na,na,na,na,na,na,na,na,na,na,na,na,na,na,na,na,na,na,na,na,na,na,na,na,na,na,na,na,na,na,na,na,na,na,na,na,na,na,na,na,na,na,na,na,na,na,na,na,na,na,na,na,na,na,na,na,na,na,na,na,na,na,na,na,na,na,na,na,na,na,na,na,na,na,na,na,na,na,na,na,na,na,na,na,na,na,na,na,na,na,na,na,na,na,na,na,na,na,na,na,na,na,na,na,na,na,na,na,na,na,na,na,na,na,na,na,na,na,na,na,na,na,na,na,na,na,na,na,na,na,na,na,na,na,na,na,na,na,na,na,na,na,na,na,na,na,na,na,na,na,na,na,na,na,na,na,na,na,na,na,na,na,na,na,na,na,na,na,na,na,na,na,na,na,na,na,na,na,na,na,na,na,na,na,na,na,na,na,na,na,na,na,na,na,na,na,na,na,na,na,na,na,na,na,na,na,na,na,na,na,na,na,na,na,na,na,na,na,na,na,na,na,na,na,na,na,na,na,na,na,na,na,na,na,na,na,na,na,na,na,na,na,na,na,na,na,na,na,na,na,na,na,na,na,na,na,na,na,na,na,na,na,na,na,na,na,na,na,na,na,na,na,na,na,na,na,na,na,na,na,na,na,na,na,na,na,na,na,na,na,na,na,na,na,na,na,na,na,na,na,na,na,na,na,na,na,na,na,na,na,na,na,na,na,na,na,na,na,na,na,na,na,na,na,na,na,na,na,na,na,na,na,na,na,na,na,na,na,na,na,na,na,na,na,na,na,na,na,na,na,na,na,na,na,na,na,na,na,na,na,na,na,na,na,na,na,na,na,na,na,na,na,na,na,na,na,na,na,na,na,na,na,na,na,na,na,na,na,na,na,na,na,na,na,na,na,na,na,na,na,na,na,na,na,na,na,na,na,na,na,na,na,na,na,na,na,na,na,na,na,na,na,na,na,na,na,na,na,na,na,na,na,na,na,na,na,na,na,na,na,na,na,na,na,na,na,na,na,na,na,na,na,na,na,na,na,na,na,na,na,na,na,na,na,na,na,na,na,na,na,na,na,na,na,na,na,na,na,na,na,na,na,na,na,na,na,na,na,na,na,na,na,na,na,na,na,na,na,na,na,na,na,na,na,na,na
169,        Holiday Expenses,99.897,97.628,96.413,97.125,96.9,96.346,96.879,95.669,94.7,94.131,101.881,99.025,99.129,102.314,102.51,99.413,101.845,100.421,99.646,98.89,98.126,96.8,103.408,99.184,98.539,97.034,97.692,97.068,95.854,94.443,94.799,93.011,91.585,92.035,95.554,92.416,91.397,92.077,91.236,88.826,89.736,87.191,85.268,84.78,83.703,83.964,85.848,85.473,85.145,84.952,84.364,84.128,84.367,84.128,83.482,83.615,83.688,83.243,83.665,83.24,82.879,83.211,82.961,82.532,82.798,82.78,82.393,83.158,83.756,85.285,87.536,86.26,85.8,85.033,85.068,85.395,86.874,85.365,86.405,85.586,85.689,84.238,87.444,84.938,85.263,84.407,84.086,83.847,84.688,83.024,83.112,82.353,83.783,82.507,84.748,83.386,82.906,82.175,81.889,81.527,82.69,81.311,82.187,82.147,81.729,82.707,84.931,82.801,82.522,82.156,81.707,81.979,82.759,81.393,81.338,81.418,81.474,81.104,83.226,81.603,81.179,80.876,81.004,80.996,81.084,80.262,80.581,81.29,81.391,80.335,81.608,80.973,81.079,80.153,80.362,80.381,81.18,80.823,81.428,81.007,81.108,81.411,83.045,81.859,79.976,79.358,78.548,77.656,78.668,77.84,77.683,79.052,79.258,79.226,81.676,80.093,79.518,78.309,77.761,77.237,78.125,77.936,78.922,78.797,78.973,79.961,81.477,79.387,77.924,77.298,77.573,76.832,77.573,76.771,78.529,78.068,77.894,77.557,78.851,77.719,76.843,75.627,75.193,75.01,74.661,74.11,73.971,72.462,73.358,71.261,73.602,71.886,70.5,69.785,69.616,70.498,72.026,72.08,73.541,74.02,74.044,76.743,77.266,76.07,75.98,75.061,74.147,73.817,74.574,73.927,74.075,72.775,72.692,72.748,74.863,72.651,71.611,69.542,68.329,68.359,69.16,68.154,70.263,67.938,67.145,67.444,69.04,66.788,63.995,62.76,61.888,62.053,63.214,62.8,64.433,65.409,65.486,66.91,68.168,66.794,66.994,65.325,64.056,63.632,64.568,65.302,65.207,62.809,63.337,63.078,na,na,na,na,na,na,na,na,na,na,na,na,na,na,na,na,na,na,na,na,na,na,na,na,na,na,na,na,na,na,na,na,na,na,na,na,na,na,na,na,na,na,na,na,na,na,na,na,na,na,na,na,na,na,na,na,na,na,na,na,na,na,na,na,na,na,na,na,na,na,na,na,na,na,na,na,na,na,na,na,na,na,na,na,na,na,na,na,na,na,na,na,na,na,na,na,na,na,na,na,na,na,na,na,na,na,na,na,na,na,na,na,na,na,na,na,na,na,na,na,na,na,na,na,na,na,na,na,na,na,na,na,na,na,na,na,na,na,na,na,na,na,na,na,na,na,na,na,na,na,na,na,na,na,na,na,na,na,na,na,na,na,na,na,na,na,na,na,na,na,na,na,na,na,na,na,na,na,na,na,na,na,na,na,na,na,na,na,na,na,na,na,na,na,na,na,na,na,na,na,na,na,na,na,na,na,na,na,na,na,na,na,na,na,na,na,na,na,na,na,na,na,na,na,na,na,na,na,na,na,na,na,na,na,na,na,na,na,na,na,na,na,na,na,na,na,na,na,na,na,na,na,na,na,na,na,na,na,na,na,na,na,na,na,na,na,na,na,na,na,na,na,na,na,na,na,na,na,na,na,na,na,na,na,na,na,na,na,na,na,na,na,na,na,na,na,na,na,na,na,na,na,na,na,na,na,na,na,na,na,na,na,na,na,na,na,na,na,na,na,na,na,na,na,na,na,na,na,na,na,na,na,na,na,na,na,na,na,na,na,na,na,na,na,na,na,na,na,na,na,na,na,na,na,na,na,na,na,na,na,na,na,na,na,na,na,na,na,na,na,na,na,na,na,na,na,na,na,na,na,na,na,na,na,na,na,na,na,na,na,na,na,na,na,na,na,na,na,na,na,na,na,na,na,na,na,na,na,na,na,na,na,na,na,na,na,na,na,na,na,na,na,na,na,na,na,na,na,na,na,na,na,na,na,na,na,na,na,na,na,na,na,na,na,na,na,na,na,na,na,na,na,na,na,na,na,na,na,na,na,na,na,na,na,na,na,na,na,na,na,na,na,na,na,na,na,na,na,na,na,na,na,na,na,na,na,na,na,na,na,na,na,na,na,na,na,na,na,na,na,na,na,na,na,na,na,na,na,na,na,na,na,na,na,na,na,na,na,na,na,na,na,na,na,na,na,na,na
170,            Hotels,103.852,99.454,99.209,102.373,97.11,97.443,96.903,95.817,97.36,91.763,104.241,103.31,100.61,101.597,101.48,100.678,101.47,98.764,98.499,98.441,96.584,94.327,na,na,na,na,na,na,na,na,na,na,na,na,na,na,na,na,na,na,na,na,na,na,na,na,na,na,na,na,na,na,na,na,na,na,na,na,na,na,na,na,na,na,na,na,na,na,na,na,na,na,na,na,na,na,na,na,na,na,na,na,na,na,na,na,na,na,na,na,na,na,na,na,na,na,na,na,na,na,na,na,na,na,na,na,na,na,na,na,na,na,na,na,na,na,na,na,na,na,na,na,na,na,na,na,na,na,na,na,na,na,na,na,na,na,na,na,na,na,na,na,na,na,na,na,na,na,na,na,na,na,na,na,na,na,na,na,na,na,na,na,na,na,na,na,na,na,na,na,na,na,na,na,na,na,na,na,na,na,na,na,na,na,na,na,na,na,na,na,na,na,na,na,na,na,na,na,na,na,na,na,na,na,na,na,na,na,na,na,na,na,na,na,na,na,na,na,na,na,na,na,na,na,na,na,na,na,na,na,na,na,na,na,na,na,na,na,na,na,na,na,na,na,na,na,na,na,na,na,na,na,na,na,na,na,na,na,na,na,na,na,na,na,na,na,na,na,na,na,na,na,na,na,na,na,na,na,na,na,na,na,na,na,na,na,na,na,na,na,na,na,na,na,na,na,na,na,na,na,na,na,na,na,na,na,na,na,na,na,na,na,na,na,na,na,na,na,na,na,na,na,na,na,na,na,na,na,na,na,na,na,na,na,na,na,na,na,na,na,na,na,na,na,na,na,na,na,na,na,na,na,na,na,na,na,na,na,na,na,na,na,na,na,na,na,na,na,na,na,na,na,na,na,na,na,na,na,na,na,na,na,na,na,na,na,na,na,na,na,na,na,na,na,na,na,na,na,na,na,na,na,na,na,na,na,na,na,na,na,na,na,na,na,na,na,na,na,na,na,na,na,na,na,na,na,na,na,na,na,na,na,na,na,na,na,na,na,na,na,na,na,na,na,na,na,na,na,na,na,na,na,na,na,na,na,na,na,na,na,na,na,na,na,na,na,na,na,na,na,na,na,na,na,na,na,na,na,na,na,na,na,na,na,na,na,na,na,na,na,na,na,na,na,na,na,na,na,na,na,na,na,na,na,na,na,na,na,na,na,na,na,na,na,na,na,na,na,na,na,na,na,na,na,na,na,na,na,na,na,na,na,na,na,na,na,na,na,na,na,na,na,na,na,na,na,na,na,na,na,na,na,na,na,na,na,na,na,na,na,na,na,na,na,na,na,na,na,na,na,na,na,na,na,na,na,na,na,na,na,na,na,na,na,na,na,na,na,na,na,na,na,na,na,na,na,na,na,na,na,na,na,na,na,na,na,na,na,na,na,na,na,na,na,na,na,na,na,na,na,na,na,na,na,na,na,na,na,na,na,na,na,na,na,na,na,na,na,na,na,na,na,na,na,na,na,na,na,na,na,na,na,na,na,na,na,na,na,na,na,na,na,na,na,na,na,na,na,na,na,na,na,na,na,na,na,na,na,na,na,na,na,na,na,na,na,na,na,na,na,na,na,na,na,na,na,na,na,na,na,na,na,na,na,na,na,na,na,na,na,na,na,na,na,na,na,na,na,na,na,na,na,na,na,na,na,na,na,na,na,na,na,na,na,na,na,na,na,na,na,na,na,na,na,na,na,na,na,na,na,na,na,na,na,na,na,na,na,na,na,na,na,na,na,na,na,na,na,na,na,na,na,na,na,na,na,na,na
171,            Chalets,105.518,106.815,100.231,103.981,113.037,103.387,95.651,99.786,95.651,95.651,111.065,103.201,95.652,104.985,97.764,95.652,109.449,99.46,93.667,99.787,95.652,93.667,na,na,na,na,na,na,na,na,na,na,na,na,na,na,na,na,na,na,na,na,na,na,na,na,na,na,na,na,na,na,na,na,na,na,na,na,na,na,na,na,na,na,na,na,na,na,na,na,na,na,na,na,na,na,na,na,na,na,na,na,na,na,na,na,na,na,na,na,na,na,na,na,na,na,na,na,na,na,na,na,na,na,na,na,na,na,na,na,na,na,na,na,na,na,na,na,na,na,na,na,na,na,na,na,na,na,na,na,na,na,na,na,na,na,na,na,na,na,na,na,na,na,na,na,na,na,na,na,na,na,na,na,na,na,na,na,na,na,na,na,na,na,na,na,na,na,na,na,na,na,na,na,na,na,na,na,na,na,na,na,na,na,na,na,na,na,na,na,na,na,na,na,na,na,na,na,na,na,na,na,na,na,na,na,na,na,na,na,na,na,na,na,na,na,na,na,na,na,na,na,na,na,na,na,na,na,na,na,na,na,na,na,na,na,na,na,na,na,na,na,na,na,na,na,na,na,na,na,na,na,na,na,na,na,na,na,na,na,na,na,na,na,na,na,na,na,na,na,na,na,na,na,na,na,na,na,na,na,na,na,na,na,na,na,na,na,na,na,na,na,na,na,na,na,na,na,na,na,na,na,na,na,na,na,na,na,na,na,na,na,na,na,na,na,na,na,na,na,na,na,na,na,na,na,na,na,na,na,na,na,na,na,na,na,na,na,na,na,na,na,na,na,na,na,na,na,na,na,na,na,na,na,na,na,na,na,na,na,na,na,na,na,na,na,na,na,na,na,na,na,na,na,na,na,na,na,na,na,na,na,na,na,na,na,na,na,na,na,na,na,na,na,na,na,na,na,na,na,na,na,na,na,na,na,na,na,na,na,na,na,na,na,na,na,na,na,na,na,na,na,na,na,na,na,na,na,na,na,na,na,na,na,na,na,na,na,na,na,na,na,na,na,na,na,na,na,na,na,na,na,na,na,na,na,na,na,na,na,na,na,na,na,na,na,na,na,na,na,na,na,na,na,na,na,na,na,na,na,na,na,na,na,na,na,na,na,na,na,na,na,na,na,na,na,na,na,na,na,na,na,na,na,na,na,na,na,na,na,na,na,na,na,na,na,na,na,na,na,na,na,na,na,na,na,na,na,na,na,na,na,na,na,na,na,na,na,na,na,na,na,na,na,na,na,na,na,na,na,na,na,na,na,na,na,na,na,na,na,na,na,na,na,na,na,na,na,na,na,na,na,na,na,na,na,na,na,na,na,na,na,na,na,na,na,na,na,na,na,na,na,na,na,na,na,na,na,na,na,na,na,na,na,na,na,na,na,na,na,na,na,na,na,na,na,na,na,na,na,na,na,na,na,na,na,na,na,na,na,na,na,na,na,na,na,na,na,na,na,na,na,na,na,na,na,na,na,na,na,na,na,na,na,na,na,na,na,na,na,na,na,na,na,na,na,na,na,na,na,na,na,na,na,na,na,na,na,na,na,na,na,na,na,na,na,na,na,na,na,na,na,na,na,na,na,na,na,na,na,na,na,na,na,na,na,na,na,na,na,na,na,na,na,na,na,na,na,na,na,na,na,na,na,na,na,na,na,na,na,na,na,na,na,na,na,na,na,na,na,na,na,na,na,na,na,na,na,na,na,na,na,na,na,na,na,na,na,na,na,na,na,na,na,na,na,na,na,na,na,na,na,na,na,na,na,na,na
172,            Package Holidays,97.892,96.671,94.996,94.467,96.717,95.764,96.873,95.575,93.365,95.308,100.657,96.862,98.405,102.66,103.048,98.798,101.996,101.254,100.249,99.11,98.91,98.051,102.277,97.865,97.127,95.582,96.351,96.259,96.107,95.505,95.685,94.787,93.884,94.422,96.853,93.793,93.37,92.643,92.352,88.981,90.428,87.947,86.594,86.621,85.502,85.902,86.958,85.8,84.743,84.637,84.052,83.702,83.926,83.674,83.018,83.081,83.139,82.783,83.433,83.066,82.661,83.018,82.745,82.227,82.492,82.475,82.089,82.851,83.351,85.675,86.83,84.681,84.368,83.482,83.515,83.603,85.341,84.213,83.881,82.947,83.609,82.8,86.056,82.818,82.809,81.976,82.135,81.76,82.47,81.209,80.956,80.475,82.203,81.102,83.718,81.52,80.779,79.944,80.112,79.621,80.921,79.571,80.473,80.5,80.36,81.543,83.902,81.029,80.661,80.478,80.79,80.8,81.694,80.628,80.641,80.427,80.813,80.634,82.864,80.831,80.063,79.786,80.21,80.4,80.338,79.387,79.898,80.65,80.972,80.195,na,na,na,na,na,na,na,na,na,na,na,na,na,na,na,na,na,na,na,na,na,na,na,na,na,na,na,na,na,na,na,na,na,na,na,na,na,na,na,na,na,na,na,na,na,na,na,na,na,na,na,na,na,na,na,na,na,na,na,na,na,na,na,na,na,na,na,na,na,na,na,na,na,na,na,na,na,na,na,na,na,na,na,na,na,na,na,na,na,na,na,na,na,na,na,na,na,na,na,na,na,na,na,na,na,na,na,na,na,na,na,na,na,na,na,na,na,na,na,na,na,na,na,na,na,na,na,na,na,na,na,na,na,na,na,na,na,na,na,na,na,na,na,na,na,na,na,na,na,na,na,na,na,na,na,na,na,na,na,na,na,na,na,na,na,na,na,na,na,na,na,na,na,na,na,na,na,na,na,na,na,na,na,na,na,na,na,na,na,na,na,na,na,na,na,na,na,na,na,na,na,na,na,na,na,na,na,na,na,na,na,na,na,na,na,na,na,na,na,na,na,na,na,na,na,na,na,na,na,na,na,na,na,na,na,na,na,na,na,na,na,na,na,na,na,na,na,na,na,na,na,na,na,na,na,na,na,na,na,na,na,na,na,na,na,na,na,na,na,na,na,na,na,na,na,na,na,na,na,na,na,na,na,na,na,na,na,na,na,na,na,na,na,na,na,na,na,na,na,na,na,na,na,na,na,na,na,na,na,na,na,na,na,na,na,na,na,na,na,na,na,na,na,na,na,na,na,na,na,na,na,na,na,na,na,na,na,na,na,na,na,na,na,na,na,na,na,na,na,na,na,na,na,na,na,na,na,na,na,na,na,na,na,na,na,na,na,na,na,na,na,na,na,na,na,na,na,na,na,na,na,na,na,na,na,na,na,na,na,na,na,na,na,na,na,na,na,na,na,na,na,na,na,na,na,na,na,na,na,na,na,na,na,na,na,na,na,na,na,na,na,na,na,na,na,na,na,na,na,na,na,na,na,na,na,na,na,na,na,na,na,na,na,na,na,na,na,na,na,na,na,na,na,na,na,na,na,na,na,na,na,na,na,na,na,na,na,na,na,na,na,na,na,na,na,na,na,na,na,na,na,na,na,na,na,na,na,na,na,na,na,na,na,na,na,na,na,na,na,na,na,na,na,na,na,na,na,na,na,na,na,na,na,na,na,na,na,na,na,na,na,na,na,na,na,na,na,na,na,na,na,na,na,na,na,na,na,na,na,na,na,na,na,na,na,na,na,na,na,na,na,na,na,na,na,na,na,na,na,na,na,na,na,na,na,na,na,na,na,na,na,na,na,na,na,na,na,na,na,na,na,na,na,na,na,na,na,na,na,na,na,na,na,na,na,na,na,na,na,na,na,na,na,na,na,na,na,na,na,na,na,na,na,na,na,na,na,na,na,na,na,na,na,na,na,na,na,na,na,na,na,na,na,na,na,na,na,na,na,na,na,na,na,na,na,na,na,na
173,    Education,101.187,101.051,100.718,100.633,100.501,100.483,100.486,100.351,100.286,100.12,100.094,100.094,100.089,100.085,99.898,99.92,100.018,99.977,99.977,99.911,99.903,100.036,97.827,97.411,97.386,97.065,96.826,96.734,96.714,96.701,96.652,96.559,96.449,96.562,95.32,94.83,94.818,94.81,94.361,94.299,94.267,94.216,93.793,93.725,93.718,93.677,93.295,93.001,92.939,92.794,92.288,92.219,92.204,91.984,91.974,91.9,91.9,91.631,91.533,91.532,91.507,91.615,91.089,90.938,91.033,91.033,91.028,90.942,90.938,90.928,92.404,92.193,92.108,91.84,91.698,91.525,91.523,91.532,91.499,91.398,91.398,91.453,90.331,90.335,90.344,90.098,89.809,89.5,89.368,89.379,89.342,89.188,89.162,88.745,87.642,87.646,87.646,87.629,87.709,87.437,86.869,86.819,86.808,86.638,86.637,86.368,85.417,85.417,85.417,85.38,85.425,85.043,84.184,84.179,84.163,83.648,83.648,83.485,82.844,82.844,82.843,82.656,82.574,82.036,81.515,81.515,81.636,81.62,81.687,81.342,79.914,79.914,79.914,79.908,79.675,79.24,79.07,79.125,79.121,78.937,78.937,79.001,77.566,77.562,77.562,77.306,77.275,76.439,76.415,76.413,76.413,76.235,76.223,76.154,74.509,74.509,74.506,74.433,74.337,73.922,73.853,73.832,73.832,73.247,73.234,73.112,71.528,71.526,71.523,71.56,71.536,71.022,70.788,70.773,70.773,70.661,70.666,70.518,69.616,69.616,69.489,69.338,69.32,68.726,68.071,68.068,68.068,67.926,67.919,67.358,66.529,66.53,66.504,66.459,66.747,66.376,66.291,66.329,66.329,66.216,66.211,66.401,65.593,65.59,65.585,65.102,66.224,66.013,66.284,66.284,66.27,65.888,65.862,65.762,64.902,63.734,63.735,63.681,63.384,63.373,61.726,61.718,61.716,62.357,62.401,62.292,61.773,61.777,61.816,61.652,61.402,61.331,60.887,60.883,60.88,60.807,60.813,60.828,60.072,60.064,60.06,59.906,59.743,59.506,58.995,58.894,58.889,58.793,58.775,58.772,58.136,58.136,58.134,57.571,57.559,57.399,57.376,57.345,57.345,57.339,57.312,56.735,56.436,56.436,56.434,56.423,56.423,56.473,54.664,54.664,54.642,54.546,54.522,54.517,54.169,54.169,54.062,54.055,54.055,54.055,53.325,53.325,53.325,53.37,53.363,53.359,53.21,53.206,53.206,53.188,53.169,53.146,51.988,51.988,51.997,51.667,51.662,51.631,51.293,51.293,51.258,51.2,51.2,51.2,50.228,50.21,49.774,49.616,49.608,49.605,49.324,49.324,49.324,49.419,49.417,49.259,49.259,49.175,49.113,49.117,49.108,49.094,47.649,47.708,47.708,47.701,47.705,47.691,46.89,46.906,46.906,46.704,46.666,46.682,45.482,45.49,45.478,45.478,45.478,45.478,44.605,44.606,44.606,44.597,44.49,44.49,44.293,44.293,44.288,44.261,44.256,44.254,43.424,43.412,43.412,43.314,43.24,43.222,42.43,42.429,42.426,42.39,42.366,42.314,41.481,41.472,41.458,41.451,41.37,41.369,40.767,40.759,40.722,40.519,40.519,40.519,40.115,40.1,40.074,39.843,39.781,39.781,39.472,39.438,39.429,39.429,39.311,39.311,38.742,38.742,38.742,38.64,38.628,38.598,37.925,37.925,37.916,37.916,37.892,37.91,37.154,37.162,37.162,37.025,36.848,36.848,36.093,36.086,36.086,36.06,36.037,36.037,34.716,34.441,34.421,34.384,34.138,34.138,32.651,32.633,32.589,32.346,32.223,32.201,31.969,31.744,31.121,30.884,30.737,30.737,30.127,30.116,30.116,30.101,30.077,29.857,28.868,28.793,28.793,28.779,28.793,28.689,28.487,28.487,28.448,28.351,28.004,27.97,27.894,27.864,27.864,27.426,27.335,27.334,26.8,26.711,26.575,26.575,26.575,26.563,25.72,25.689,25.689,25.752,25.721,25.721,25.635,25.632,25.587,25.555,25.531,25.531,25.433,25.34,25.34,25.243,25.196,25.196,25.041,23.941,23.854,23.779,23.77,23.767,23.688,23.611,23.633,23.391,23.482,23.482,23.453,23.444,23.444,23.46,23.451,23.451,23.382,22.548,22.548,22.523,22.472,22.472,22.046,21.98,21.956,21.913,21.881,21.874,21.874,21.874,21.874,21.839,21.825,21.825,21.26,21.239,21.239,21.239,21.239,21.22,21.22,21.22,21.236,21.236,21.236,21.236,21.039,21.039,20.966,20.953,20.939,20.901,20.901,20.879,20.857,20.857,20.857,20.086,19.82,19.79,19.696,19.674,19.64,19.579,19.533,19.511,19.489,19.467,19.467,19.372,18.291,18.291,18.207,18.172,18.164,18.127,17.931,17.931,17.931,17.931,17.931,17.931,17.931,17.931,17.922,17.111,17.111,17.111,17.111,17.111,17.111,17.111,17.111,17.111,16.596,16.596,16.596,16.596,16.596,16.596,16.596,16.219,16.219,16.219,16.219,16.219,16.219,16.219,16.219,16.219,16.219,16.219,16.219,16.005,16.005,16.005,16.005,16.005,16.005,16.005,16.005,16.005,16.005,16.005,16.005,15.973,15.973,15.973,15.973,15.973,15.973,15.973,15.973,15.973,15.973,15.973,15.973,15.24,15.24,15.24,15.24,15.24,15.24,15.24,15.24,15.24,15.24,15.24,15.24,14.562,14.562,14.562,14.562,14.562,14.562,14.562,14.562,14.562,14.562,14.562,14.562,14.562,14.562,14.441,14.441,14.441,14.441,14.441,14.441,14.441,14.441,14.441,14.441,14.441,14.441,14.441,14.65,14.65,14.65,14.65,14.65,14.65,14.65,14.65,14.65,14.65,14.65,14.65,14.65,14.65,14.353,14.353,14.353,14.353,14.353,14.353,14.353,14.353,14.353,14.353,14.353,14.353,14.057,14.057,14.057,14.057,14.057,14.057,14.057,14.057,14.057,14.057,14.057,14.057,14.28,14.28,14.28,14.28,14.28,14.28,14.28,14.28,14.28,14.28,14.28,14.28,14.54,14.54,14.54,14.54,14.54,14.54,14.54,14.54,14.54,14.54,14.54,14.54,14.093,14.093,14.093,14.093,14.093,14.093,14.093,14.093,14.093,14.093,14.093,14.093,14.427,14.427,14.427,14.427,14.427,14.427,14.427,14.427,14.427,14.427,14.427,14.427,14.273,14.273,14.273,14.273,14.273,14.273,14.273,14.273,14.273,14.273,14.273,14.273,13.826,13.826,13.826,13.826,13.826,13.826,13.826,13.826,13.826,13.826,13.826,13.826,13.774,13.774,13.774,13.774,13.774,13.774,13.774,13.774,13.774,13.774,13.774,13.774
174,"        General, Vocational & Higher Education",100.757,100.62,100.127,100.004,99.923,99.923,99.928,99.727,99.631,99.429,100.12,100.12,100.12,100.12,99.847,99.883,99.982,99.982,99.982,99.891,99.878,100.076,98.365,98.365,98.364,98.363,98.007,97.905,97.897,97.901,97.869,97.746,97.734,97.907,97.775,97.775,97.775,97.775,97.098,97.008,96.999,96.999,96.357,96.286,96.286,96.233,96.045,96.045,96.043,95.995,95.232,95.151,95.142,95.141,95.132,95.056,95.056,94.661,94.961,94.961,94.961,95.169,94.7,94.52,94.531,94.531,94.523,94.398,94.398,94.455,97.007,97.007,96.986,96.986,96.774,96.52,96.465,96.464,96.429,96.256,96.256,96.337,95.472,95.472,95.472,95.469,94.986,94.762,94.507,94.507,94.494,94.289,94.284,93.776,92.5,92.5,92.5,92.497,92.629,92.181,91.464,91.466,91.455,91.185,91.185,90.753,90.224,90.224,90.224,90.188,90.264,89.665,88.765,88.757,88.731,88.369,88.369,88.126,87.958,87.958,87.958,87.958,87.824,86.931,86.766,86.766,86.967,87.345,87.456,87.379,86.246,86.246,86.246,86.246,85.863,85.154,84.976,84.976,84.97,84.801,84.801,84.915,83.004,83.004,83.004,83.004,82.95,81.931,81.891,81.887,81.887,81.7,81.678,81.557,79.452,79.452,79.452,79.448,79.286,78.567,78.465,78.429,78.429,77.516,77.494,77.282,75.681,75.681,75.681,75.679,75.638,74.759,74.605,74.605,74.606,74.45,74.458,74.209,73.502,73.502,73.502,73.393,73.374,72.375,72.101,72.101,72.101,71.821,71.809,71.281,70.503,70.503,70.5,70.447,70.946,70.303,70.185,70.185,70.185,69.989,69.989,70.319,69.447,69.447,69.447,69.336,71.282,70.917,71.546,71.546,71.546,71.145,71.145,70.977,70.308,69.312,69.312,69.312,68.822,68.808,67.483,67.477,67.477,67.477,67.501,67.319,66.788,66.788,66.788,66.788,66.375,66.252,65.584,65.583,65.568,65.438,65.455,65.477,65.001,65.001,65.001,64.891,64.661,64.319,63.519,63.37,63.37,63.211,63.18,63.18,na,na,na,na,na,na,na,na,na,na,na,na,na,na,na,na,na,na,na,na,na,na,na,na,na,na,na,na,na,na,na,na,na,na,na,na,na,na,na,na,na,na,na,na,na,na,na,na,na,na,na,na,na,na,na,na,na,na,na,na,na,na,na,na,na,na,na,na,na,na,na,na,na,na,na,na,na,na,na,na,na,na,na,na,na,na,na,na,na,na,na,na,na,na,na,na,na,na,na,na,na,na,na,na,na,na,na,na,na,na,na,na,na,na,na,na,na,na,na,na,na,na,na,na,na,na,na,na,na,na,na,na,na,na,na,na,na,na,na,na,na,na,na,na,na,na,na,na,na,na,na,na,na,na,na,na,na,na,na,na,na,na,na,na,na,na,na,na,na,na,na,na,na,na,na,na,na,na,na,na,na,na,na,na,na,na,na,na,na,na,na,na,na,na,na,na,na,na,na,na,na,na,na,na,na,na,na,na,na,na,na,na,na,na,na,na,na,na,na,na,na,na,na,na,na,na,na,na,na,na,na,na,na,na,na,na,na,na,na,na,na,na,na,na,na,na,na,na,na,na,na,na,na,na,na,na,na,na,na,na,na,na,na,na,na,na,na,na,na,na,na,na,na,na,na,na,na,na,na,na,na,na,na,na,na,na,na,na,na,na,na,na,na,na,na,na,na,na,na,na,na,na,na,na,na,na,na,na,na,na,na,na,na,na,na,na,na,na,na,na,na,na,na,na,na,na,na,na,na,na,na,na,na,na,na,na,na,na,na,na,na,na,na,na,na,na,na,na,na,na,na,na,na,na,na,na,na,na,na,na,na,na,na,na,na,na,na,na,na,na,na,na,na,na,na,na,na,na,na,na,na,na,na,na,na,na,na,na,na,na,na,na,na,na,na,na,na,na,na,na,na,na,na,na,na,na,na,na,na,na,na,na,na,na,na,na,na,na,na,na,na,na,na,na,na,na,na,na,na,na,na,na,na,na,na,na,na,na,na,na,na,na,na,na,na,na,na,na,na,na,na,na,na,na,na,na,na,na,na,na,na,na,na,na,na,na,na,na,na,na,na,na,na,na,na,na,na,na,na,na,na,na,na,na,na,na,na,na,na,na,na,na,na,na,na,na,na,na,na,na,na,na,na,na,na,na,na,na,na,na,na,na,na,na,na,na,na,na,na,na,na,na,na,na,na,na,na,na
175,            Primary Education,100,100,100,100,100,100,100,100,100,100,100,100,100,100,100,100,100,100,100,100,100,100,99.856,99.856,99.856,99.856,99.856,99.856,99.856,99.856,99.856,99.856,99.856,99.856,100.602,100.602,100.602,100.602,100.602,100.602,100.602,100.602,100.602,100.602,100.602,100.602,100.602,100.602,100.602,100.602,100.602,100.602,100.602,100.602,100.602,100.602,100.602,100.602,100.602,100.602,100.602,100.602,100.602,100.602,100.602,100.602,100.602,100.602,100.602,100.602,100.602,100.602,100.602,100.602,100.602,100.602,100.602,100.602,100.602,100.602,100.602,100.602,100.602,100.602,100.602,100.602,100.602,100.602,100.602,100.602,100.602,100.602,100.602,100.602,100.602,100.602,100.602,100.602,100.602,100.602,100.602,100.602,100.602,100.602,100.602,100.602,100.602,100.602,100.602,100.602,100.602,100.602,100.602,100.602,100.602,100.602,100.602,100.602,100.602,100.602,100.602,100.602,100.602,100.602,100.602,100.602,100.602,104.625,104.625,104.625,na,na,na,na,na,na,na,na,na,na,na,na,na,na,na,na,na,na,na,na,na,na,na,na,na,na,na,na,na,na,na,na,na,na,na,na,na,na,na,na,na,na,na,na,na,na,na,na,na,na,na,na,na,na,na,na,na,na,na,na,na,na,na,na,na,na,na,na,na,na,na,na,na,na,na,na,na,na,na,na,na,na,na,na,na,na,na,na,na,na,na,na,na,na,na,na,na,na,na,na,na,na,na,na,na,na,na,na,na,na,na,na,na,na,na,na,na,na,na,na,na,na,na,na,na,na,na,na,na,na,na,na,na,na,na,na,na,na,na,na,na,na,na,na,na,na,na,na,na,na,na,na,na,na,na,na,na,na,na,na,na,na,na,na,na,na,na,na,na,na,na,na,na,na,na,na,na,na,na,na,na,na,na,na,na,na,na,na,na,na,na,na,na,na,na,na,na,na,na,na,na,na,na,na,na,na,na,na,na,na,na,na,na,na,na,na,na,na,na,na,na,na,na,na,na,na,na,na,na,na,na,na,na,na,na,na,na,na,na,na,na,na,na,na,na,na,na,na,na,na,na,na,na,na,na,na,na,na,na,na,na,na,na,na,na,na,na,na,na,na,na,na,na,na,na,na,na,na,na,na,na,na,na,na,na,na,na,na,na,na,na,na,na,na,na,na,na,na,na,na,na,na,na,na,na,na,na,na,na,na,na,na,na,na,na,na,na,na,na,na,na,na,na,na,na,na,na,na,na,na,na,na,na,na,na,na,na,na,na,na,na,na,na,na,na,na,na,na,na,na,na,na,na,na,na,na,na,na,na,na,na,na,na,na,na,na,na,na,na,na,na,na,na,na,na,na,na,na,na,na,na,na,na,na,na,na,na,na,na,na,na,na,na,na,na,na,na,na,na,na,na,na,na,na,na,na,na,na,na,na,na,na,na,na,na,na,na,na,na,na,na,na,na,na,na,na,na,na,na,na,na,na,na,na,na,na,na,na,na,na,na,na,na,na,na,na,na,na,na,na,na,na,na,na,na,na,na,na,na,na,na,na,na,na,na,na,na,na,na,na,na,na,na,na,na,na,na,na,na,na,na,na,na,na,na,na,na,na,na,na,na,na,na,na,na,na,na,na,na,na,na,na,na,na,na,na,na,na,na,na,na,na,na,na,na,na,na,na,na,na,na,na,na,na,na,na,na,na,na,na,na,na,na,na,na,na,na,na,na,na,na,na,na,na,na,na,na,na,na,na,na,na,na,na,na,na,na,na,na,na,na,na,na,na,na,na,na,na,na,na,na,na,na,na,na,na,na,na,na,na,na,na,na,na,na,na,na,na,na,na,na,na,na,na,na,na,na,na,na,na,na,na,na,na,na,na,na,na,na,na,na,na,na,na,na,na,na,na,na,na,na,na,na,na,na,na,na,na,na,na,na,na,na,na,na,na,na,na,na,na,na,na,na,na,na,na,na,na
176,            Secondary Education,100.565,100.565,100.565,100.565,100.565,100.565,100.565,100.565,100.565,100.565,100,100,100,100,100,100,100,100,100,100,100,100,99.957,99.957,99.957,99.957,99.957,99.957,99.957,99.957,99.957,99.957,99.957,99.957,101.116,101.116,101.116,101.116,101.116,101.116,101.116,101.116,101.116,101.116,101.116,101.116,101.103,101.103,101.103,101.103,101.103,101.103,101.103,101.103,101.103,101.103,101.103,101.103,101.07,101.07,101.07,101.07,101.07,101.07,101.07,101.07,101.07,101.07,101.07,101.07,100.544,100.544,100.544,100.544,100.544,100.544,100.544,100.544,100.544,101.085,101.085,101.085,100.765,100.765,100.765,100.765,100.765,100.765,100.765,100.765,100.765,101.318,101.318,101.318,101.172,101.172,101.172,101.172,101.172,101.172,101.172,101.172,101.172,101.172,101.172,101.172,99.663,99.663,99.663,99.663,99.663,99.663,98.136,98.136,98.136,98.136,98.136,98.136,98.056,98.056,98.056,98.056,98.056,98.056,98.056,98.056,98.056,102.633,104.587,104.587,na,na,na,na,na,na,na,na,na,na,na,na,na,na,na,na,na,na,na,na,na,na,na,na,na,na,na,na,na,na,na,na,na,na,na,na,na,na,na,na,na,na,na,na,na,na,na,na,na,na,na,na,na,na,na,na,na,na,na,na,na,na,na,na,na,na,na,na,na,na,na,na,na,na,na,na,na,na,na,na,na,na,na,na,na,na,na,na,na,na,na,na,na,na,na,na,na,na,na,na,na,na,na,na,na,na,na,na,na,na,na,na,na,na,na,na,na,na,na,na,na,na,na,na,na,na,na,na,na,na,na,na,na,na,na,na,na,na,na,na,na,na,na,na,na,na,na,na,na,na,na,na,na,na,na,na,na,na,na,na,na,na,na,na,na,na,na,na,na,na,na,na,na,na,na,na,na,na,na,na,na,na,na,na,na,na,na,na,na,na,na,na,na,na,na,na,na,na,na,na,na,na,na,na,na,na,na,na,na,na,na,na,na,na,na,na,na,na,na,na,na,na,na,na,na,na,na,na,na,na,na,na,na,na,na,na,na,na,na,na,na,na,na,na,na,na,na,na,na,na,na,na,na,na,na,na,na,na,na,na,na,na,na,na,na,na,na,na,na,na,na,na,na,na,na,na,na,na,na,na,na,na,na,na,na,na,na,na,na,na,na,na,na,na,na,na,na,na,na,na,na,na,na,na,na,na,na,na,na,na,na,na,na,na,na,na,na,na,na,na,na,na,na,na,na,na,na,na,na,na,na,na,na,na,na,na,na,na,na,na,na,na,na,na,na,na,na,na,na,na,na,na,na,na,na,na,na,na,na,na,na,na,na,na,na,na,na,na,na,na,na,na,na,na,na,na,na,na,na,na,na,na,na,na,na,na,na,na,na,na,na,na,na,na,na,na,na,na,na,na,na,na,na,na,na,na,na,na,na,na,na,na,na,na,na,na,na,na,na,na,na,na,na,na,na,na,na,na,na,na,na,na,na,na,na,na,na,na,na,na,na,na,na,na,na,na,na,na,na,na,na,na,na,na,na,na,na,na,na,na,na,na,na,na,na,na,na,na,na,na,na,na,na,na,na,na,na,na,na,na,na,na,na,na,na,na,na,na,na,na,na,na,na,na,na,na,na,na,na,na,na,na,na,na,na,na,na,na,na,na,na,na,na,na,na,na,na,na,na,na,na,na,na,na,na,na,na,na,na,na,na,na,na,na,na,na,na,na,na,na,na,na,na,na,na,na,na,na,na,na,na,na,na,na,na,na,na,na,na,na,na,na,na,na,na,na,na,na,na,na,na,na,na,na,na,na,na,na,na,na,na,na,na,na,na,na,na,na,na,na,na,na,na,na,na,na,na,na,na,na,na,na,na,na,na,na,na,na,na,na,na,na,na,na,na,na,na,na,na,na,na,na,na,na,na,na,na,na,na,na,na,na,na,na,na,na,na,na,na,na,na,na,na,na,na,na,na,na
177,            Post-Secondary (Non-Tertiary) Education,100.523,100.523,100.523,100.523,100.523,100.523,100.523,100.523,100.523,100.523,100,100,100,100,100,100,100,100,100,100,100,100,99.899,99.899,99.899,99.899,99.777,99.777,99.777,99.777,99.777,99.73,99.688,99.688,100.345,100.345,100.345,100.345,100.32,100.32,100.32,100.32,91.342,91.342,91.342,91.342,91.112,91.112,91.112,91.112,91.112,91.112,91.112,91.112,91.112,91.047,91.047,91.047,88.746,88.746,88.746,91.047,91.047,91.047,91.587,91.587,91.587,92.106,92.106,92.106,91.843,91.843,91.531,91.531,91.531,91.531,91.531,91.531,91.531,91.784,91.784,91.784,91.544,91.544,91.544,91.544,91.544,91.544,91.544,91.544,91.544,91.868,91.868,91.868,91.477,91.477,91.477,91.477,91.477,91.477,91.477,91.477,91.477,91.353,91.353,91.353,91.055,91.055,91.055,91.055,91.055,91.055,87.716,87.716,87.716,87.592,87.592,87.592,87.396,87.396,87.396,87.396,87.396,87.396,87.888,87.888,95.194,95.321,95.321,95.321,na,na,na,na,na,na,na,na,na,na,na,na,na,na,na,na,na,na,na,na,na,na,na,na,na,na,na,na,na,na,na,na,na,na,na,na,na,na,na,na,na,na,na,na,na,na,na,na,na,na,na,na,na,na,na,na,na,na,na,na,na,na,na,na,na,na,na,na,na,na,na,na,na,na,na,na,na,na,na,na,na,na,na,na,na,na,na,na,na,na,na,na,na,na,na,na,na,na,na,na,na,na,na,na,na,na,na,na,na,na,na,na,na,na,na,na,na,na,na,na,na,na,na,na,na,na,na,na,na,na,na,na,na,na,na,na,na,na,na,na,na,na,na,na,na,na,na,na,na,na,na,na,na,na,na,na,na,na,na,na,na,na,na,na,na,na,na,na,na,na,na,na,na,na,na,na,na,na,na,na,na,na,na,na,na,na,na,na,na,na,na,na,na,na,na,na,na,na,na,na,na,na,na,na,na,na,na,na,na,na,na,na,na,na,na,na,na,na,na,na,na,na,na,na,na,na,na,na,na,na,na,na,na,na,na,na,na,na,na,na,na,na,na,na,na,na,na,na,na,na,na,na,na,na,na,na,na,na,na,na,na,na,na,na,na,na,na,na,na,na,na,na,na,na,na,na,na,na,na,na,na,na,na,na,na,na,na,na,na,na,na,na,na,na,na,na,na,na,na,na,na,na,na,na,na,na,na,na,na,na,na,na,na,na,na,na,na,na,na,na,na,na,na,na,na,na,na,na,na,na,na,na,na,na,na,na,na,na,na,na,na,na,na,na,na,na,na,na,na,na,na,na,na,na,na,na,na,na,na,na,na,na,na,na,na,na,na,na,na,na,na,na,na,na,na,na,na,na,na,na,na,na,na,na,na,na,na,na,na,na,na,na,na,na,na,na,na,na,na,na,na,na,na,na,na,na,na,na,na,na,na,na,na,na,na,na,na,na,na,na,na,na,na,na,na,na,na,na,na,na,na,na,na,na,na,na,na,na,na,na,na,na,na,na,na,na,na,na,na,na,na,na,na,na,na,na,na,na,na,na,na,na,na,na,na,na,na,na,na,na,na,na,na,na,na,na,na,na,na,na,na,na,na,na,na,na,na,na,na,na,na,na,na,na,na,na,na,na,na,na,na,na,na,na,na,na,na,na,na,na,na,na,na,na,na,na,na,na,na,na,na,na,na,na,na,na,na,na,na,na,na,na,na,na,na,na,na,na,na,na,na,na,na,na,na,na,na,na,na,na,na,na,na,na,na,na,na,na,na,na,na,na,na,na,na,na,na,na,na,na,na,na,na,na,na,na,na,na,na,na,na,na,na,na,na,na,na,na,na,na,na,na,na,na,na,na,na,na,na,na,na,na,na,na,na,na,na,na,na,na,na,na,na,na,na,na,na,na,na,na,na,na,na,na,na,na,na,na,na,na,na,na,na,na,na,na,na,na,na,na,na,na,na,na,na,na,na,na
178,            Polytechnic Education,104.076,104.076,104.076,104.076,104.076,104.076,104.076,100.305,100.305,100.305,100.305,100.305,100.305,100.305,100.305,100.305,100.305,100.305,100.305,99.085,99.085,99.085,98.949,98.949,98.949,98.949,98.949,98.949,98.949,98.949,98.949,97.879,97.879,97.879,97.879,97.879,97.879,97.879,97.879,97.879,97.879,97.879,97.879,96.829,96.829,96.829,96.829,96.829,96.829,96.829,96.829,96.829,96.829,96.829,96.829,95.92,95.92,95.92,95.92,95.92,95.92,95.92,95.92,95.92,95.92,95.92,95.92,93.688,93.688,93.688,93.688,93.688,93.688,93.688,93.688,93.688,93.688,93.688,93.688,90.387,90.387,90.387,90.388,90.388,90.388,90.388,90.388,90.388,90.388,90.388,90.388,87.129,87.129,87.129,87.129,87.129,87.129,87.129,87.129,87.129,87.129,87.129,87.129,83.772,83.772,83.772,83.772,83.772,83.772,83.772,83.772,83.772,83.772,83.772,83.772,80.536,80.536,80.536,80.536,80.536,80.536,80.536,80.536,80.536,80.536,80.536,80.536,79.32,79.32,79.32,na,na,na,na,na,na,na,na,na,na,na,na,na,na,na,na,na,na,na,na,na,na,na,na,na,na,na,na,na,na,na,na,na,na,na,na,na,na,na,na,na,na,na,na,na,na,na,na,na,na,na,na,na,na,na,na,na,na,na,na,na,na,na,na,na,na,na,na,na,na,na,na,na,na,na,na,na,na,na,na,na,na,na,na,na,na,na,na,na,na,na,na,na,na,na,na,na,na,na,na,na,na,na,na,na,na,na,na,na,na,na,na,na,na,na,na,na,na,na,na,na,na,na,na,na,na,na,na,na,na,na,na,na,na,na,na,na,na,na,na,na,na,na,na,na,na,na,na,na,na,na,na,na,na,na,na,na,na,na,na,na,na,na,na,na,na,na,na,na,na,na,na,na,na,na,na,na,na,na,na,na,na,na,na,na,na,na,na,na,na,na,na,na,na,na,na,na,na,na,na,na,na,na,na,na,na,na,na,na,na,na,na,na,na,na,na,na,na,na,na,na,na,na,na,na,na,na,na,na,na,na,na,na,na,na,na,na,na,na,na,na,na,na,na,na,na,na,na,na,na,na,na,na,na,na,na,na,na,na,na,na,na,na,na,na,na,na,na,na,na,na,na,na,na,na,na,na,na,na,na,na,na,na,na,na,na,na,na,na,na,na,na,na,na,na,na,na,na,na,na,na,na,na,na,na,na,na,na,na,na,na,na,na,na,na,na,na,na,na,na,na,na,na,na,na,na,na,na,na,na,na,na,na,na,na,na,na,na,na,na,na,na,na,na,na,na,na,na,na,na,na,na,na,na,na,na,na,na,na,na,na,na,na,na,na,na,na,na,na,na,na,na,na,na,na,na,na,na,na,na,na,na,na,na,na,na,na,na,na,na,na,na,na,na,na,na,na,na,na,na,na,na,na,na,na,na,na,na,na,na,na,na,na,na,na,na,na,na,na,na,na,na,na,na,na,na,na,na,na,na,na,na,na,na,na,na,na,na,na,na,na,na,na,na,na,na,na,na,na,na,na,na,na,na,na,na,na,na,na,na,na,na,na,na,na,na,na,na,na,na,na,na,na,na,na,na,na,na,na,na,na,na,na,na,na,na,na,na,na,na,na,na,na,na,na,na,na,na,na,na,na,na,na,na,na,na,na,na,na,na,na,na,na,na,na,na,na,na,na,na,na,na,na,na,na,na,na,na,na,na,na,na,na,na,na,na,na,na,na,na,na,na,na,na,na,na,na,na,na,na,na,na,na,na,na,na,na,na,na,na,na,na,na,na,na,na,na,na,na,na,na,na,na,na,na,na,na,na,na,na,na,na,na,na,na,na,na,na,na,na,na,na,na,na,na,na,na,na,na,na,na,na,na,na,na,na,na,na,na,na,na,na,na,na,na,na,na,na,na,na,na,na,na,na,na,na,na,na,na,na,na,na,na,na,na,na,na,na,na,na,na,na,na,na,na,na,na,na
179,            Other Education,100.612,100.423,99.745,99.575,99.463,99.463,99.471,99.487,99.354,99.076,100.141,100.141,100.141,100.141,99.766,99.816,99.952,99.952,99.952,99.921,99.903,100.175,97.914,97.914,97.911,97.91,97.44,97.303,97.293,97.299,97.256,97.187,97.174,97.407,97.002,97.002,97.002,97.002,96.093,95.972,95.958,95.958,95.861,95.856,95.856,95.785,95.553,95.553,95.55,95.485,94.456,94.347,94.335,94.334,94.321,94.304,94.304,93.773,94.376,94.376,94.376,94.459,93.828,93.586,93.555,93.554,93.544,93.526,93.526,93.601,97.113,97.113,97.113,97.113,96.827,96.484,96.412,96.409,96.361,96.343,96.343,96.452,95.429,95.429,95.429,95.426,94.807,94.519,94.193,94.193,94.176,94.165,94.159,93.507,91.899,91.899,91.899,91.897,92.065,91.492,90.573,90.576,90.561,90.538,90.538,89.985,89.442,89.442,89.442,89.397,89.493,88.726,87.82,87.81,87.776,87.625,87.625,87.313,87.112,87.112,87.112,87.112,86.94,85.796,85.567,85.567,85.556,85.51,85.491,85.391,na,na,na,na,na,na,na,na,na,na,na,na,na,na,na,na,na,na,na,na,na,na,na,na,na,na,na,na,na,na,na,na,na,na,na,na,na,na,na,na,na,na,na,na,na,na,na,na,na,na,na,na,na,na,na,na,na,na,na,na,na,na,na,na,na,na,na,na,na,na,na,na,na,na,na,na,na,na,na,na,na,na,na,na,na,na,na,na,na,na,na,na,na,na,na,na,na,na,na,na,na,na,na,na,na,na,na,na,na,na,na,na,na,na,na,na,na,na,na,na,na,na,na,na,na,na,na,na,na,na,na,na,na,na,na,na,na,na,na,na,na,na,na,na,na,na,na,na,na,na,na,na,na,na,na,na,na,na,na,na,na,na,na,na,na,na,na,na,na,na,na,na,na,na,na,na,na,na,na,na,na,na,na,na,na,na,na,na,na,na,na,na,na,na,na,na,na,na,na,na,na,na,na,na,na,na,na,na,na,na,na,na,na,na,na,na,na,na,na,na,na,na,na,na,na,na,na,na,na,na,na,na,na,na,na,na,na,na,na,na,na,na,na,na,na,na,na,na,na,na,na,na,na,na,na,na,na,na,na,na,na,na,na,na,na,na,na,na,na,na,na,na,na,na,na,na,na,na,na,na,na,na,na,na,na,na,na,na,na,na,na,na,na,na,na,na,na,na,na,na,na,na,na,na,na,na,na,na,na,na,na,na,na,na,na,na,na,na,na,na,na,na,na,na,na,na,na,na,na,na,na,na,na,na,na,na,na,na,na,na,na,na,na,na,na,na,na,na,na,na,na,na,na,na,na,na,na,na,na,na,na,na,na,na,na,na,na,na,na,na,na,na,na,na,na,na,na,na,na,na,na,na,na,na,na,na,na,na,na,na,na,na,na,na,na,na,na,na,na,na,na,na,na,na,na,na,na,na,na,na,na,na,na,na,na,na,na,na,na,na,na,na,na,na,na,na,na,na,na,na,na,na,na,na,na,na,na,na,na,na,na,na,na,na,na,na,na,na,na,na,na,na,na,na,na,na,na,na,na,na,na,na,na,na,na,na,na,na,na,na,na,na,na,na,na,na,na,na,na,na,na,na,na,na,na,na,na,na,na,na,na,na,na,na,na,na,na,na,na,na,na,na,na,na,na,na,na,na,na,na,na,na,na,na,na,na,na,na,na,na,na,na,na,na,na,na,na,na,na,na,na,na,na,na,na,na,na,na,na,na,na,na,na,na,na,na,na,na,na,na,na,na,na,na,na,na,na,na,na,na,na,na,na,na,na,na,na,na,na,na,na,na,na,na,na,na,na,na,na,na,na,na,na,na,na,na,na,na,na,na,na,na,na,na,na,na,na,na,na,na,na,na,na,na,na,na,na,na,na,na,na,na,na,na,na,na,na,na,na,na,na,na,na,na,na,na,na,na,na,na,na,na,na,na,na,na,na,na,na,na,na,na,na,na,na,na,na,na
180,        Private Tuition & Other Educational Courses,102.113,101.977,101.977,101.969,101.723,101.667,101.667,101.667,101.667,101.573,100.027,100.027,100.013,100.013,100.007,99.998,100.098,99.968,99.968,99.961,99.961,99.961,96.702,95.435,95.361,94.399,94.391,94.312,94.275,94.23,94.147,94.117,93.825,93.822,90.316,88.824,88.787,88.785,88.781,88.77,88.714,88.562,88.562,88.5,88.477,88.458,87.674,86.777,86.595,86.246,86.24,86.188,86.159,85.492,85.48,85.409,85.409,85.379,84.481,84.479,84.4,84.312,83.654,83.552,83.821,83.821,83.821,83.81,83.798,83.653,83.017,82.374,82.157,81.364,81.359,81.345,81.44,81.471,81.441,81.483,81.483,81.485,79.933,79.942,79.965,79.34,79.352,78.906,78.969,78.997,78.923,78.846,78.786,78.51,77.65,77.659,77.659,77.62,77.62,77.618,77.298,77.168,77.159,77.141,77.137,77.118,75.511,75.511,75.511,75.471,75.471,75.422,74.616,74.616,74.616,73.86,73.86,73.817,72.454,72.454,72.453,71.974,71.973,71.976,70.927,70.927,70.927,70.302,70.302,69.539,67.644,67.644,67.644,67.626,67.626,67.62,67.461,67.6,67.6,67.389,67.389,67.379,66.617,66.617,66.617,65.983,65.983,65.389,65.389,65.389,65.389,65.217,65.217,65.217,64.152,64.152,64.145,63.988,63.98,63.98,63.977,63.977,63.977,63.833,63.833,63.833,62.196,62.196,62.189,62.338,62.338,62.327,61.984,61.947,61.947,61.892,61.892,61.882,60.681,60.681,60.64,60.423,60.423,60.381,59.157,59.149,59.149,59.196,59.196,58.562,57.661,57.663,57.615,57.609,57.609,57.609,57.619,57.619,57.619,57.619,57.619,57.619,56.882,56.875,56.865,55.926,55.926,55.926,55.735,55.735,55.701,55.327,55.264,55.264,54.1,52.346,52.35,52.363,52.357,52.351,50.243,50.232,50.227,52.015,52.096,52.099,51.549,51.561,51.67,51.452,51.449,51.455,51.382,51.373,51.39,51.404,51.41,51.412,50.107,50.124,50.112,50.019,49.991,49.906,49.827,49.797,49.797,49.797,49.797,49.789,na,na,na,na,na,na,na,na,na,na,na,na,na,na,na,na,na,na,na,na,na,na,na,na,na,na,na,na,na,na,na,na,na,na,na,na,na,na,na,na,na,na,na,na,na,na,na,na,na,na,na,na,na,na,na,na,na,na,na,na,na,na,na,na,na,na,na,na,na,na,na,na,na,na,na,na,na,na,na,na,na,na,na,na,na,na,na,na,na,na,na,na,na,na,na,na,na,na,na,na,na,na,na,na,na,na,na,na,na,na,na,na,na,na,na,na,na,na,na,na,na,na,na,na,na,na,na,na,na,na,na,na,na,na,na,na,na,na,na,na,na,na,na,na,na,na,na,na,na,na,na,na,na,na,na,na,na,na,na,na,na,na,na,na,na,na,na,na,na,na,na,na,na,na,na,na,na,na,na,na,na,na,na,na,na,na,na,na,na,na,na,na,na,na,na,na,na,na,na,na,na,na,na,na,na,na,na,na,na,na,na,na,na,na,na,na,na,na,na,na,na,na,na,na,na,na,na,na,na,na,na,na,na,na,na,na,na,na,na,na,na,na,na,na,na,na,na,na,na,na,na,na,na,na,na,na,na,na,na,na,na,na,na,na,na,na,na,na,na,na,na,na,na,na,na,na,na,na,na,na,na,na,na,na,na,na,na,na,na,na,na,na,na,na,na,na,na,na,na,na,na,na,na,na,na,na,na,na,na,na,na,na,na,na,na,na,na,na,na,na,na,na,na,na,na,na,na,na,na,na,na,na,na,na,na,na,na,na,na,na,na,na,na,na,na,na,na,na,na,na,na,na,na,na,na,na,na,na,na,na,na,na,na,na,na,na,na,na,na,na,na,na,na,na,na,na,na,na,na,na,na,na,na,na,na,na,na,na,na,na,na,na,na,na,na,na,na,na,na,na,na,na,na,na,na,na,na,na,na,na,na,na,na,na,na,na,na,na,na,na,na,na,na,na,na,na,na,na,na,na,na,na,na,na,na,na,na,na,na,na,na,na,na,na,na,na,na,na,na,na,na,na,na,na,na,na,na,na,na,na,na,na,na,na,na,na,na,na,na,na,na,na,na,na,na,na,na,na,na,na,na,na,na,na,na,na,na,na,na,na,na,na,na,na,na,na,na,na,na,na,na,na,na,na,na,na,na,na,na,na,na,na,na,na,na,na,na,na,na,na,na,na,na,na,na,na,na,na
181,        School Textbooks & Study Guides,100.634,100.634,100.634,100.634,100.765,100.765,100.765,100.765,100.765,100.765,100.583,100.583,100.583,99.905,99.905,99.905,99.905,99.905,99.905,99.608,99.608,99.608,99.077,99.077,99.077,98.669,98.669,98.669,98.389,98.389,98.289,98.12,97.609,97.609,97.298,97.298,97.298,96.594,96.594,96.594,95.958,95.958,95.958,95.958,95.958,95.958,95.958,95.958,95.958,96.073,96.073,96.158,96.158,96.158,96.158,96.158,96.158,96.158,96.123,96.123,96.123,96.123,96.123,96.2,96.2,96.2,96.2,96.2,96.2,96.2,96.2,96.2,96.2,95.529,95.529,95.529,95.727,95.727,95.727,95.727,95.727,95.727,96.306,96.306,96.306,96.306,96.306,96.306,96.131,96.131,96.131,96.131,96.131,96.131,96.557,96.557,96.557,96.557,96.557,96.557,95.873,95.873,95.873,95.873,95.873,95.873,95.75,95.75,95.75,95.75,95.75,95.75,95.816,95.816,95.816,95.816,95.816,95.816,95.416,95.416,95.416,95.416,95.416,95.416,94.667,94.667,94.667,94.667,94.667,94.667,94.697,94.697,94.697,94.697,94.697,94.4,94.4,94.4,94.4,94.4,94.4,94.4,93.178,93.081,93.081,93.056,93.056,92.752,92.752,92.752,92.752,92.752,92.752,92.752,92.752,92.752,92.752,92.492,92.492,92.492,92.232,92.232,92.232,92.232,92.232,92.232,92.232,92.138,92.138,91.424,91.424,91.361,91.088,91.088,91.088,91.096,91.096,91.098,90.766,90.766,87.08,87.08,86.855,86.855,86.739,86.739,86.739,86.739,86.739,86.739,86.165,86.165,85.991,85.585,85.585,85.585,84.922,86.183,86.183,86.183,86.004,86.004,85.753,85.753,85.718,84.379,84.303,84.303,83.773,83.773,83.773,83.773,83.773,83.668,83.499,83.376,83.376,81.861,81.861,81.861,79.436,79.436,79.436,79.436,79.436,79.436,79.359,79.359,79.359,77.157,77.157,77.157,76.762,76.762,76.762,76.762,76.605,76.605,76.575,76.22,76.22,74.826,74.437,74.437,74.399,74.399,74.262,74.262,74.262,74.262,na,na,na,na,na,na,na,na,na,na,na,na,na,na,na,na,na,na,na,na,na,na,na,na,na,na,na,na,na,na,na,na,na,na,na,na,na,na,na,na,na,na,na,na,na,na,na,na,na,na,na,na,na,na,na,na,na,na,na,na,na,na,na,na,na,na,na,na,na,na,na,na,na,na,na,na,na,na,na,na,na,na,na,na,na,na,na,na,na,na,na,na,na,na,na,na,na,na,na,na,na,na,na,na,na,na,na,na,na,na,na,na,na,na,na,na,na,na,na,na,na,na,na,na,na,na,na,na,na,na,na,na,na,na,na,na,na,na,na,na,na,na,na,na,na,na,na,na,na,na,na,na,na,na,na,na,na,na,na,na,na,na,na,na,na,na,na,na,na,na,na,na,na,na,na,na,na,na,na,na,na,na,na,na,na,na,na,na,na,na,na,na,na,na,na,na,na,na,na,na,na,na,na,na,na,na,na,na,na,na,na,na,na,na,na,na,na,na,na,na,na,na,na,na,na,na,na,na,na,na,na,na,na,na,na,na,na,na,na,na,na,na,na,na,na,na,na,na,na,na,na,na,na,na,na,na,na,na,na,na,na,na,na,na,na,na,na,na,na,na,na,na,na,na,na,na,na,na,na,na,na,na,na,na,na,na,na,na,na,na,na,na,na,na,na,na,na,na,na,na,na,na,na,na,na,na,na,na,na,na,na,na,na,na,na,na,na,na,na,na,na,na,na,na,na,na,na,na,na,na,na,na,na,na,na,na,na,na,na,na,na,na,na,na,na,na,na,na,na,na,na,na,na,na,na,na,na,na,na,na,na,na,na,na,na,na,na,na,na,na,na,na,na,na,na,na,na,na,na,na,na,na,na,na,na,na,na,na,na,na,na,na,na,na,na,na,na,na,na,na,na,na,na,na,na,na,na,na,na,na,na,na,na,na,na,na,na,na,na,na,na,na,na,na,na,na,na,na,na,na,na,na,na,na,na,na,na,na,na,na,na,na,na,na,na,na,na,na,na,na,na,na,na,na,na,na,na,na,na,na,na,na,na,na,na,na,na,na,na,na,na,na,na,na,na,na,na,na,na,na,na,na,na,na,na,na,na,na,na,na,na,na,na,na,na,na,na,na,na,na,na,na,na,na,na,na,na,na,na,na,na,na,na,na,na,na,na,na,na,na,na,na,na,na,na,na,na,na
182,    Miscellaneous Goods & Services,100.342,99.433,99.415,99.461,99.472,99.521,100.022,99.845,100.143,100.145,99.838,99.826,100.047,99.545,100.214,99.897,99.455,99.95,100.36,100.269,100.622,99.975,98.667,99.096,99.206,98.592,99.251,99.255,98.652,98.756,98.63,98.754,98.087,97.274,96.507,96.43,96.027,96.146,95.341,95.428,95.653,95.405,95.733,95.933,95.587,95.228,95.357,94.949,95.089,95.233,95.022,94.869,95.135,95.267,95.474,95.522,95.384,95.267,95.297,94.958,95.593,95.453,95.072,95.513,95.213,95.511,95.737,96.565,96.762,96.761,96.697,96.649,96.902,96.875,96.907,97.14,97.053,96.882,96.588,96.798,96.79,96.901,96.466,96.422,96.684,96.703,96.79,96.813,96.731,96.639,96.694,96.944,95.548,95.681,95.094,95.079,95.589,95.621,95.636,95.875,95.555,95.502,96.178,95.99,95.172,95.177,94.931,95.456,94.786,94.989,95.501,95.367,95.353,95.567,96.013,95.819,95.777,95.163,94.909,94.751,95.142,95.269,95.453,95.201,94.962,95.415,95.483,95.269,95.315,94.93,94.872,95.222,95.615,95.119,95.792,95.772,94.995,95.625,95.794,95.029,93.946,94.139,93.48,93.926,93.993,93.958,94.121,93.887,93.851,94.316,94.078,94.176,93.595,93.672,92.777,92.913,92.745,92.444,92.344,91.997,91.529,91.675,91.883,91.857,91.658,91.596,91.173,91.337,91.631,91.265,91.401,91.135,90.682,90.998,91.221,91.204,90.557,90.947,90.669,90.903,90.693,90.425,90.571,89.877,89.77,90.041,90.243,90.148,89.631,89.968,89.831,89.692,89.826,89.653,89.808,89.284,89.21,89.621,89.759,90.085,89.16,89.556,89.65,89.238,89.743,89.757,89.702,89.317,89.032,89.204,89.501,89.398,88.988,89.054,88.897,88.839,88.538,88.677,88.769,88.308,86.388,86.311,86.628,86.549,86.423,86.476,86.293,86.266,86.374,85.858,86.065,85.532,85.319,85.136,85.35,85.184,85.233,84.828,84.163,84.662,84.42,84.336,84.591,83.944,83.733,83.936,84.351,84.344,80.308,80.608,80.185,80.452,80.336,80.419,80.809,80.435,80.202,80.797,80.926,80.432,77.976,77.815,76.688,76.884,77.011,76.554,76.828,76.761,74.468,74.732,75.041,74.751,71.556,71.654,71.073,71.023,71.085,70.982,71.298,71.427,73.129,73.265,71.703,71.646,71.683,71.396,71.891,71.95,71.695,72.054,72.257,72.478,71.837,72.193,72.353,72.591,70.685,70.449,70.499,70.433,69.942,69.79,69.631,69.409,69.036,69.628,69.753,70.107,68.516,68.561,68.587,68.631,68.505,68.589,68.504,68.356,68.437,68.605,68.47,68.027,68.12,67.97,67.944,67.921,67.539,67.548,67.554,67.401,67.249,67.424,67.345,67.316,66.773,66.712,66.61,66.691,66.673,66.645,66.081,65.371,65.572,66.271,66.157,66.213,65.892,66.134,66.02,66.098,65.357,65.484,65.232,64.895,65.382,65.101,65.216,65.141,65.186,65.064,65.068,65.087,64.415,64.444,64.189,64.07,64.425,64.458,64.456,64.506,64.403,64.353,64.396,64.426,64.226,63.867,63.822,63.732,63.702,63.67,63.667,62.985,62.98,63.09,62.853,62.836,62.612,62.103,62.052,62.092,62.023,61.932,61.819,61.886,60.775,60.409,59.831,59.851,59.814,58.04,57.727,57.668,57.649,57.728,57.659,57.558,57.523,57.545,57.584,57.556,57.556,56.427,56.146,56.326,56.321,56.269,56.256,56.12,54.895,54.95,54.356,53.635,53.598,53.598,53.608,53.607,53.556,53.527,53.241,52.269,52.186,52.191,52.119,52.106,52.081,51.996,51.964,51.966,51.912,51.877,51.798,51.574,50.111,50.092,50.236,50.197,50.19,50.149,50.122,50.063,50.076,50.173,50.042,49.958,49.901,49.834,49.799,49.773,49.734,49.761,49.791,49.764,49.73,49.724,49.683,49.787,46.935,46.91,46.884,46.908,46.901,46.893,46.882,46.932,46.957,46.905,46.883,46.891,46.874,46.871,46.763,46.729,46.717,46.735,46.783,46.816,46.76,46.669,46.663,46.873,46.805,46.8,46.585,46.631,46.674,46.746,46.768,46.766,46.762,46.764,46.739,46.365,43.723,43.728,43.183,43.142,43.15,43.254,43.134,43.316,43.214,43.298,43.187,43.185,43.287,41.463,41.151,41.134,41.172,41.168,41.174,41.161,41.125,41.109,41.094,40.989,40.994,39.905,39.878,39.799,39.799,39.76,39.702,39.554,39.373,38.692,38.069,37.875,37.898,37.904,37.654,37.596,37.517,37.249,36.753,36.643,36.179,36.045,35.957,35.667,35.048,34.67,33.974,33.896,33.901,33.868,33.746,33.526,33.516,33.511,33.464,33.407,33.504,33.472,33.236,33.235,33.165,33.229,33.207,33.191,33.169,33.091,33.081,33.066,33.112,33.097,33.198,33.208,32.59,31.922,31.946,31.888,31.863,31.809,31.826,31.753,31.847,31.661,31.565,31.526,31.526,31.534,31.465,31.448,31.378,31.354,31.354,31.342,31.329,31.5,31.334,31.338,31.345,31.352,31.346,31.387,31.383,30.893,29.961,29.904,29.686,29.684,29.453,29.445,29.421,29.347,29.309,29.162,29.159,29.155,29.125,28.278,26.779,25.845,25.655,25.546,25.466,25.372,25.308,25.274,24.912,24.851,24.81,24.699,24.675,24.209,24.21,24.2,24.068,22.305,22.268,22.224,22.261,22.185,22.134,22.133,22.127,22.103,22.073,22.05,21.956,21.935,21.922,21.907,21.93,21.872,21.846,21.846,21.846,21.846,21.847,21.855,21.847,21.847,21.847,21.847,21.847,21.844,21.837,21.837,21.837,21.063,21.006,21.006,21.056,21.062,21.059,21.056,21.045,21.076,21.042,21.042,20.665,20.661,20.632,20.625,20.625,20.593,20.592,20.592,20.544,20.544,19.691,19.691,19.633,19.613,19.604,19.604,19.594,19.598,19.594,19.584,19.538,19.538,19.528,19.519,19.531,19.59,19.517,19.517,19.5,19.478,19.468,19.462,19.457,19.45,19.461,19.473,19.473,19.516,19.435,19.374,19.261,19.138,19.138,19.131,19.12,19.12,19.125,19.126,19.125,19.11,19.113,18.824,18.824,18.824,18.824,18.824,18.82,18.82,18.823,18.823,18.823,18.912,19.098,19.098,19.098,19.097,19.095,19.094,19.094,19.094,19.094,19.094,19.094,19.094,19.094,19.094,19.094,19.094,19.095,19.095,19.094,19.094,19.094,19.109,19.109,19.109,19.109,19.109,19.109,19.109,19.094,19.094,19.094,19.094,19.109,19.109,19.117,19.113
183,        Personal Care,100.314,99.888,99.866,99.884,99.169,99.062,100.233,100.031,100.682,100.843,100.054,99.907,99.789,99.492,100.67,99.916,99.31,100.073,100.149,99.976,100.728,99.935,99.202,98.944,99.496,98.629,99.417,99.187,98.071,98.375,98.447,98.117,98.486,98.116,96.88,96.694,96.17,96.615,95.534,95.914,95.614,94.813,94.997,94.87,94.478,93.98,93.894,93.558,93.797,93.481,93.064,93.386,93.761,94.022,94.541,94.802,94.721,94.25,94.87,94.386,95.197,95.139,94.699,95.298,94.863,95.218,95.604,96.357,95.949,96.009,95.439,95.273,95.755,95.298,95.423,95.783,95.635,95.166,94.878,95.175,95.129,95.392,94.729,94.588,94.911,94.917,95.029,95.003,94.74,94.557,94.404,94.833,94.491,94.985,94.126,93.902,94.719,95.015,95.029,95.541,94.869,94.665,95.791,95.56,94.449,94.721,94.716,95.411,94.612,95.253,96.055,96.198,96.235,96.329,96.687,96.354,96.436,95.413,95.426,95.055,95.627,96.062,96.3,95.945,95.597,96.174,96.258,96.021,96.071,95.324,95.514,95.665,96.399,95.803,96.461,96.534,95.664,96.189,96.622,96.004,96.109,96.406,96.091,96.038,96.48,96.117,96.283,96.371,96.34,96.3,96.26,96.379,96.275,96.122,95.566,95.521,95.612,95.147,95.034,94.789,94.459,94.491,94.669,94.905,95.017,94.932,94.8,95.146,95.157,95.081,94.891,94.764,94.129,94.497,94.496,94.441,94.321,94.421,94.326,94.214,94.084,94.089,93.633,93.081,93.404,93.292,93.677,93.817,93.303,93.489,93.246,92.903,93.072,92.952,93.099,92.873,92.718,92.944,92.997,93.378,93.39,93.267,93.457,93.25,93.067,93.076,92.817,92.873,92.357,92.245,92.475,92.37,92.382,92.167,92.195,91.97,91.774,91.802,91.737,91.394,89.746,89.471,89.997,89.624,89.86,89.719,89.65,89.606,89.355,89.275,89.132,89.218,89.155,89.15,89.464,89.209,89.39,88.839,88.742,89.165,89.054,88.993,88.735,88.473,88.431,88.546,88.869,88.958,89.366,89.286,na,na,na,na,na,na,na,na,na,na,na,na,na,na,na,na,na,na,na,na,na,na,na,na,na,na,na,na,na,na,na,na,na,na,na,na,na,na,na,na,na,na,na,na,na,na,na,na,na,na,na,na,na,na,na,na,na,na,na,na,na,na,na,na,na,na,na,na,na,na,na,na,na,na,na,na,na,na,na,na,na,na,na,na,na,na,na,na,na,na,na,na,na,na,na,na,na,na,na,na,na,na,na,na,na,na,na,na,na,na,na,na,na,na,na,na,na,na,na,na,na,na,na,na,na,na,na,na,na,na,na,na,na,na,na,na,na,na,na,na,na,na,na,na,na,na,na,na,na,na,na,na,na,na,na,na,na,na,na,na,na,na,na,na,na,na,na,na,na,na,na,na,na,na,na,na,na,na,na,na,na,na,na,na,na,na,na,na,na,na,na,na,na,na,na,na,na,na,na,na,na,na,na,na,na,na,na,na,na,na,na,na,na,na,na,na,na,na,na,na,na,na,na,na,na,na,na,na,na,na,na,na,na,na,na,na,na,na,na,na,na,na,na,na,na,na,na,na,na,na,na,na,na,na,na,na,na,na,na,na,na,na,na,na,na,na,na,na,na,na,na,na,na,na,na,na,na,na,na,na,na,na,na,na,na,na,na,na,na,na,na,na,na,na,na,na,na,na,na,na,na,na,na,na,na,na,na,na,na,na,na,na,na,na,na,na,na,na,na,na,na,na,na,na,na,na,na,na,na,na,na,na,na,na,na,na,na,na,na,na,na,na,na,na,na,na,na,na,na,na,na,na,na,na,na,na,na,na,na,na,na,na,na,na,na,na,na,na,na,na,na,na,na,na,na,na,na,na,na,na,na,na,na,na,na,na,na,na,na,na,na,na,na,na,na,na,na,na,na,na,na,na,na,na,na,na,na,na,na,na,na,na,na,na,na,na,na,na,na,na,na,na,na,na,na,na,na,na,na,na,na,na,na,na,na,na,na,na,na,na,na,na,na,na,na,na,na,na,na,na,na,na,na,na,na,na,na,na,na,na,na,na,na,na,na,na,na,na,na,na,na,na,na,na,na,na,na,na,na,na,na,na,na,na,na,na,na,na,na,na,na,na,na,na,na,na,na,na,na,na,na,na,na,na,na,na,na,na,na,na,na,na,na,na,na,na,na,na,na,na,na,na,na,na,na,na,na,na
184,            Hairdressing & Personal Grooming Services,101.213,101.101,101.101,100.846,100.957,100.957,101.067,100.772,100.179,101.788,100.103,100.103,100.103,100.149,100.149,100.107,99.76,99.76,99.76,99.822,99.962,100.221,97.584,97.584,97.584,97.303,97.303,97.25,96.91,96.91,96.878,96.753,96.615,97.519,94.697,94.319,94.185,94.141,94.103,93.79,93.024,92.929,92.887,92.567,92.784,92.419,92.379,92.405,92.453,92.701,92.701,92.701,92.701,92.701,92.701,92.558,92.558,92.558,92.506,92.506,92.506,92.506,92.506,92.43,92.43,92.43,92.43,92.43,92.43,92.368,92.368,92.368,92.368,92.182,92.182,92.182,91.964,91.964,91.964,91.964,91.964,91.923,91.306,91.306,91.306,91.306,91.306,91.306,91.681,91.681,91.681,91.666,91.488,91.488,91.419,91.419,91.419,91.687,91.687,91.687,91.635,91.635,91.594,91.594,91.447,91.447,91.187,91.187,91.187,91.223,91.223,91.242,90.961,90.961,90.961,90.794,90.794,90.794,90.739,90.739,90.739,90.691,90.691,90.691,90.68,90.68,90.68,90.585,90.585,90.585,na,na,na,na,na,na,na,na,na,na,na,na,na,na,na,na,na,na,na,na,na,na,na,na,na,na,na,na,na,na,na,na,na,na,na,na,na,na,na,na,na,na,na,na,na,na,na,na,na,na,na,na,na,na,na,na,na,na,na,na,na,na,na,na,na,na,na,na,na,na,na,na,na,na,na,na,na,na,na,na,na,na,na,na,na,na,na,na,na,na,na,na,na,na,na,na,na,na,na,na,na,na,na,na,na,na,na,na,na,na,na,na,na,na,na,na,na,na,na,na,na,na,na,na,na,na,na,na,na,na,na,na,na,na,na,na,na,na,na,na,na,na,na,na,na,na,na,na,na,na,na,na,na,na,na,na,na,na,na,na,na,na,na,na,na,na,na,na,na,na,na,na,na,na,na,na,na,na,na,na,na,na,na,na,na,na,na,na,na,na,na,na,na,na,na,na,na,na,na,na,na,na,na,na,na,na,na,na,na,na,na,na,na,na,na,na,na,na,na,na,na,na,na,na,na,na,na,na,na,na,na,na,na,na,na,na,na,na,na,na,na,na,na,na,na,na,na,na,na,na,na,na,na,na,na,na,na,na,na,na,na,na,na,na,na,na,na,na,na,na,na,na,na,na,na,na,na,na,na,na,na,na,na,na,na,na,na,na,na,na,na,na,na,na,na,na,na,na,na,na,na,na,na,na,na,na,na,na,na,na,na,na,na,na,na,na,na,na,na,na,na,na,na,na,na,na,na,na,na,na,na,na,na,na,na,na,na,na,na,na,na,na,na,na,na,na,na,na,na,na,na,na,na,na,na,na,na,na,na,na,na,na,na,na,na,na,na,na,na,na,na,na,na,na,na,na,na,na,na,na,na,na,na,na,na,na,na,na,na,na,na,na,na,na,na,na,na,na,na,na,na,na,na,na,na,na,na,na,na,na,na,na,na,na,na,na,na,na,na,na,na,na,na,na,na,na,na,na,na,na,na,na,na,na,na,na,na,na,na,na,na,na,na,na,na,na,na,na,na,na,na,na,na,na,na,na,na,na,na,na,na,na,na,na,na,na,na,na,na,na,na,na,na,na,na,na,na,na,na,na,na,na,na,na,na,na,na,na,na,na,na,na,na,na,na,na,na,na,na,na,na,na,na,na,na,na,na,na,na,na,na,na,na,na,na,na,na,na,na,na,na,na,na,na,na,na,na,na,na,na,na,na,na,na,na,na,na,na,na,na,na,na,na,na,na,na,na,na,na,na,na,na,na,na,na,na,na,na,na,na,na,na,na,na,na,na,na,na,na,na,na,na,na,na,na,na,na,na,na,na,na,na,na,na,na,na,na,na,na,na,na,na,na,na,na,na,na,na,na,na,na,na,na,na,na,na,na,na,na,na,na,na,na,na,na,na,na,na,na,na,na,na,na,na,na,na,na,na,na,na,na,na,na,na,na,na,na,na,na,na,na,na,na,na,na,na,na,na
185,            Electric Appliances For Personal Care,88.35,93.894,94.607,98.69,96.343,96.343,97.77,98.492,98.187,98.222,96.674,97.877,106.801,102.883,99.098,100.994,102.906,97.768,99.354,97.663,96.561,101.422,na,na,na,na,na,na,na,na,na,na,na,na,na,na,na,na,na,na,na,na,na,na,na,na,na,na,na,na,na,na,na,na,na,na,na,na,na,na,na,na,na,na,na,na,na,na,na,na,na,na,na,na,na,na,na,na,na,na,na,na,na,na,na,na,na,na,na,na,na,na,na,na,na,na,na,na,na,na,na,na,na,na,na,na,na,na,na,na,na,na,na,na,na,na,na,na,na,na,na,na,na,na,na,na,na,na,na,na,na,na,na,na,na,na,na,na,na,na,na,na,na,na,na,na,na,na,na,na,na,na,na,na,na,na,na,na,na,na,na,na,na,na,na,na,na,na,na,na,na,na,na,na,na,na,na,na,na,na,na,na,na,na,na,na,na,na,na,na,na,na,na,na,na,na,na,na,na,na,na,na,na,na,na,na,na,na,na,na,na,na,na,na,na,na,na,na,na,na,na,na,na,na,na,na,na,na,na,na,na,na,na,na,na,na,na,na,na,na,na,na,na,na,na,na,na,na,na,na,na,na,na,na,na,na,na,na,na,na,na,na,na,na,na,na,na,na,na,na,na,na,na,na,na,na,na,na,na,na,na,na,na,na,na,na,na,na,na,na,na,na,na,na,na,na,na,na,na,na,na,na,na,na,na,na,na,na,na,na,na,na,na,na,na,na,na,na,na,na,na,na,na,na,na,na,na,na,na,na,na,na,na,na,na,na,na,na,na,na,na,na,na,na,na,na,na,na,na,na,na,na,na,na,na,na,na,na,na,na,na,na,na,na,na,na,na,na,na,na,na,na,na,na,na,na,na,na,na,na,na,na,na,na,na,na,na,na,na,na,na,na,na,na,na,na,na,na,na,na,na,na,na,na,na,na,na,na,na,na,na,na,na,na,na,na,na,na,na,na,na,na,na,na,na,na,na,na,na,na,na,na,na,na,na,na,na,na,na,na,na,na,na,na,na,na,na,na,na,na,na,na,na,na,na,na,na,na,na,na,na,na,na,na,na,na,na,na,na,na,na,na,na,na,na,na,na,na,na,na,na,na,na,na,na,na,na,na,na,na,na,na,na,na,na,na,na,na,na,na,na,na,na,na,na,na,na,na,na,na,na,na,na,na,na,na,na,na,na,na,na,na,na,na,na,na,na,na,na,na,na,na,na,na,na,na,na,na,na,na,na,na,na,na,na,na,na,na,na,na,na,na,na,na,na,na,na,na,na,na,na,na,na,na,na,na,na,na,na,na,na,na,na,na,na,na,na,na,na,na,na,na,na,na,na,na,na,na,na,na,na,na,na,na,na,na,na,na,na,na,na,na,na,na,na,na,na,na,na,na,na,na,na,na,na,na,na,na,na,na,na,na,na,na,na,na,na,na,na,na,na,na,na,na,na,na,na,na,na,na,na,na,na,na,na,na,na,na,na,na,na,na,na,na,na,na,na,na,na,na,na,na,na,na,na,na,na,na,na,na,na,na,na,na,na,na,na,na,na,na,na,na,na,na,na,na,na,na,na,na,na,na,na,na,na,na,na,na,na,na,na,na,na,na,na,na,na,na,na,na,na,na,na,na,na,na,na,na,na,na,na,na,na,na,na,na,na,na,na,na,na,na,na,na,na,na,na,na,na,na,na,na,na,na,na,na,na,na,na,na,na,na,na,na,na,na,na,na,na,na,na,na,na,na,na,na,na,na,na,na,na,na,na,na,na,na,na,na
186,"            Other Appliances, Articles & Products For Personal Care",99.978,99.073,99.006,99.111,97.753,97.552,99.614,99.457,101.197,100.135,100.133,99.813,99.273,98.813,101.168,99.716,98.8,100.421,100.507,100.19,101.527,99.639,na,na,na,na,na,na,na,na,na,na,na,na,na,na,na,na,na,na,na,na,na,na,na,na,na,na,na,na,na,na,na,na,na,na,na,na,na,na,na,na,na,na,na,na,na,na,na,na,na,na,na,na,na,na,na,na,na,na,na,na,na,na,na,na,na,na,na,na,na,na,na,na,na,na,na,na,na,na,na,na,na,na,na,na,na,na,na,na,na,na,na,na,na,na,na,na,na,na,na,na,na,na,na,na,na,na,na,na,na,na,na,na,na,na,na,na,na,na,na,na,na,na,na,na,na,na,na,na,na,na,na,na,na,na,na,na,na,na,na,na,na,na,na,na,na,na,na,na,na,na,na,na,na,na,na,na,na,na,na,na,na,na,na,na,na,na,na,na,na,na,na,na,na,na,na,na,na,na,na,na,na,na,na,na,na,na,na,na,na,na,na,na,na,na,na,na,na,na,na,na,na,na,na,na,na,na,na,na,na,na,na,na,na,na,na,na,na,na,na,na,na,na,na,na,na,na,na,na,na,na,na,na,na,na,na,na,na,na,na,na,na,na,na,na,na,na,na,na,na,na,na,na,na,na,na,na,na,na,na,na,na,na,na,na,na,na,na,na,na,na,na,na,na,na,na,na,na,na,na,na,na,na,na,na,na,na,na,na,na,na,na,na,na,na,na,na,na,na,na,na,na,na,na,na,na,na,na,na,na,na,na,na,na,na,na,na,na,na,na,na,na,na,na,na,na,na,na,na,na,na,na,na,na,na,na,na,na,na,na,na,na,na,na,na,na,na,na,na,na,na,na,na,na,na,na,na,na,na,na,na,na,na,na,na,na,na,na,na,na,na,na,na,na,na,na,na,na,na,na,na,na,na,na,na,na,na,na,na,na,na,na,na,na,na,na,na,na,na,na,na,na,na,na,na,na,na,na,na,na,na,na,na,na,na,na,na,na,na,na,na,na,na,na,na,na,na,na,na,na,na,na,na,na,na,na,na,na,na,na,na,na,na,na,na,na,na,na,na,na,na,na,na,na,na,na,na,na,na,na,na,na,na,na,na,na,na,na,na,na,na,na,na,na,na,na,na,na,na,na,na,na,na,na,na,na,na,na,na,na,na,na,na,na,na,na,na,na,na,na,na,na,na,na,na,na,na,na,na,na,na,na,na,na,na,na,na,na,na,na,na,na,na,na,na,na,na,na,na,na,na,na,na,na,na,na,na,na,na,na,na,na,na,na,na,na,na,na,na,na,na,na,na,na,na,na,na,na,na,na,na,na,na,na,na,na,na,na,na,na,na,na,na,na,na,na,na,na,na,na,na,na,na,na,na,na,na,na,na,na,na,na,na,na,na,na,na,na,na,na,na,na,na,na,na,na,na,na,na,na,na,na,na,na,na,na,na,na,na,na,na,na,na,na,na,na,na,na,na,na,na,na,na,na,na,na,na,na,na,na,na,na,na,na,na,na,na,na,na,na,na,na,na,na,na,na,na,na,na,na,na,na,na,na,na,na,na,na,na,na,na,na,na,na,na,na,na,na,na,na,na,na,na,na,na,na,na,na,na,na,na,na,na,na,na,na,na,na,na,na,na,na,na,na,na,na,na,na,na,na,na,na,na,na,na,na,na,na,na,na,na,na,na,na,na,na,na,na,na,na,na,na,na,na,na,na,na,na,na,na,na,na,na,na,na,na,na,na,na,na,na,na,na,na,na,na,na
187,        Alcoholic Beverages & Tobacco,101.582,102.13,101.606,101.681,101.261,101.513,101.381,100.662,99.643,98.96,99.08,100.269,100.775,99.08,99.582,100.492,100.2,99.711,100.535,100.128,99.969,100.179,98.229,98.719,98.894,98.332,98.413,99.119,98.519,98.77,97.956,98.151,93.924,90.34,89.021,88.948,89.047,88.822,88.656,88.715,89.065,88.662,88.686,88.438,87.532,87.138,87.301,87.326,87.439,87.403,87.599,87.235,87.601,87.732,87.514,87.686,87.475,87.555,87.71,87.452,87.572,87.322,87.481,87.567,87.333,87.76,87.757,87.57,87.462,87.705,87.855,87.997,87.99,88.608,88.5,88.437,88.57,88.485,88.479,88.808,88.668,88.64,88.361,88.645,88.93,88.75,88.864,88.95,88.975,88.909,89.162,89.175,84.213,83.544,83.409,83.778,83.854,83.871,83.741,83.722,84.201,84.113,84.195,83.846,83.681,83.461,83.438,83.8,83.695,83.577,83.677,83.516,83.657,83.478,83.741,83.613,83.332,83.454,83.021,83.228,83.215,83.281,83.42,83.55,83.583,83.664,83.643,83.608,83.397,83.444,83.148,83.77,83.792,83.102,83.532,83.962,84.005,83.944,83.938,81.634,78.357,77.815,77.531,77.552,77.887,77.994,78.171,78.265,78.361,78.231,78.284,78.004,77.437,77.71,77.589,77.623,77.803,77.764,77.797,77.364,77.767,77.648,77.693,77.468,77.31,77.044,77.097,77.22,77.229,77.274,77.214,77.125,77.022,77.175,77.215,77.295,76.277,76.672,76.452,76.691,76.667,76.556,76.333,76.526,76.469,76.229,76.38,76.138,75.388,75.9,76.003,75.94,75.956,75.906,75.844,76.143,76.061,76.173,76.084,76.163,75.698,75.555,75.672,75.787,75.565,75.708,75.444,75.651,75.657,75.619,75.619,75.396,75.114,75.106,75.112,75.247,75.268,75.201,75.169,75.161,72.813,72.813,72.792,72.747,72.714,72.746,72.731,72.734,72.74,72.779,72.801,72.598,72.507,71.718,71.778,71.754,71.691,71.682,71.665,71.789,71.7,71.664,71.656,71.697,71.629,71.669,71.665,71.677,62.965,63.105,na,na,na,na,na,na,na,na,na,na,na,na,na,na,na,na,na,na,na,na,na,na,na,na,na,na,na,na,na,na,na,na,na,na,na,na,na,na,na,na,na,na,na,na,na,na,na,na,na,na,na,na,na,na,na,na,na,na,na,na,na,na,na,na,na,na,na,na,na,na,na,na,na,na,na,na,na,na,na,na,na,na,na,na,na,na,na,na,na,na,na,na,na,na,na,na,na,na,na,na,na,na,na,na,na,na,na,na,na,na,na,na,na,na,na,na,na,na,na,na,na,na,na,na,na,na,na,na,na,na,na,na,na,na,na,na,na,na,na,na,na,na,na,na,na,na,na,na,na,na,na,na,na,na,na,na,na,na,na,na,na,na,na,na,na,na,na,na,na,na,na,na,na,na,na,na,na,na,na,na,na,na,na,na,na,na,na,na,na,na,na,na,na,na,na,na,na,na,na,na,na,na,na,na,na,na,na,na,na,na,na,na,na,na,na,na,na,na,na,na,na,na,na,na,na,na,na,na,na,na,na,na,na,na,na,na,na,na,na,na,na,na,na,na,na,na,na,na,na,na,na,na,na,na,na,na,na,na,na,na,na,na,na,na,na,na,na,na,na,na,na,na,na,na,na,na,na,na,na,na,na,na,na,na,na,na,na,na,na,na,na,na,na,na,na,na,na,na,na,na,na,na,na,na,na,na,na,na,na,na,na,na,na,na,na,na,na,na,na,na,na,na,na,na,na,na,na,na,na,na,na,na,na,na,na,na,na,na,na,na,na,na,na,na,na,na,na,na,na,na,na,na,na,na,na,na,na,na,na,na,na,na,na,na,na,na,na,na,na,na,na,na,na,na,na,na,na,na,na,na,na,na,na,na,na,na,na,na,na,na,na,na,na,na,na,na,na,na,na,na,na,na,na,na,na,na,na,na,na,na,na,na,na,na,na,na,na,na,na,na,na,na,na,na,na,na,na,na,na,na,na,na,na,na,na,na,na,na,na,na,na,na,na,na,na,na,na,na,na,na,na,na,na,na,na,na,na,na,na,na,na,na,na,na,na,na,na,na,na,na,na,na,na,na,na,na,na,na,na,na,na,na,na,na,na,na,na,na,na,na,na,na,na,na,na,na,na,na,na,na,na,na,na,na,na,na,na,na,na,na,na,na,na,na,na,na,na,na,na,na,na,na,na,na,na,na,na,na
188,            Alcoholic Beverages,99.745,101.127,99.806,99.994,98.935,99.57,99.238,98.797,99.099,97.377,97.68,100.679,101.954,97.681,98.946,101.24,100.504,99.271,101.35,100.324,99.922,100.451,100.729,102.648,103.328,101.13,101.448,104.213,101.861,102.846,99.657,100.419,97.991,96.522,98.298,98.013,98.404,97.519,96.871,97.1,98.473,96.894,96.99,96.016,96.363,94.823,95.46,95.559,96,95.859,96.628,95.201,96.636,97.148,96.296,96.968,96.138,96.455,97.06,96.051,96.521,95.543,96.163,96.499,95.584,97.258,97.243,96.513,96.092,97.043,97.631,98.187,98.158,100.58,100.153,99.908,99.84,99.504,99.484,100.841,100.435,99.794,98.932,100.255,101.529,100.683,101.224,101.628,101.743,100.876,102.068,101.815,100.734,101.7,101.066,102.804,103.162,103.245,102.631,102.539,104.797,104.382,104.913,103.89,104.014,103.102,102.993,104.701,104.202,103.646,104.12,103.365,104.024,103.184,105.056,105.608,104.286,104.863,102.824,103.799,103.734,104.046,104.7,105.315,105.472,105.85,105.75,105.588,104.594,104.819,na,na,na,na,na,na,na,na,na,na,na,na,na,na,na,na,na,na,na,na,na,na,na,na,na,na,na,na,na,na,na,na,na,na,na,na,na,na,na,na,na,na,na,na,na,na,na,na,na,na,na,na,na,na,na,na,na,na,na,na,na,na,na,na,na,na,na,na,na,na,na,na,na,na,na,na,na,na,na,na,na,na,na,na,na,na,na,na,na,na,na,na,na,na,na,na,na,na,na,na,na,na,na,na,na,na,na,na,na,na,na,na,na,na,na,na,na,na,na,na,na,na,na,na,na,na,na,na,na,na,na,na,na,na,na,na,na,na,na,na,na,na,na,na,na,na,na,na,na,na,na,na,na,na,na,na,na,na,na,na,na,na,na,na,na,na,na,na,na,na,na,na,na,na,na,na,na,na,na,na,na,na,na,na,na,na,na,na,na,na,na,na,na,na,na,na,na,na,na,na,na,na,na,na,na,na,na,na,na,na,na,na,na,na,na,na,na,na,na,na,na,na,na,na,na,na,na,na,na,na,na,na,na,na,na,na,na,na,na,na,na,na,na,na,na,na,na,na,na,na,na,na,na,na,na,na,na,na,na,na,na,na,na,na,na,na,na,na,na,na,na,na,na,na,na,na,na,na,na,na,na,na,na,na,na,na,na,na,na,na,na,na,na,na,na,na,na,na,na,na,na,na,na,na,na,na,na,na,na,na,na,na,na,na,na,na,na,na,na,na,na,na,na,na,na,na,na,na,na,na,na,na,na,na,na,na,na,na,na,na,na,na,na,na,na,na,na,na,na,na,na,na,na,na,na,na,na,na,na,na,na,na,na,na,na,na,na,na,na,na,na,na,na,na,na,na,na,na,na,na,na,na,na,na,na,na,na,na,na,na,na,na,na,na,na,na,na,na,na,na,na,na,na,na,na,na,na,na,na,na,na,na,na,na,na,na,na,na,na,na,na,na,na,na,na,na,na,na,na,na,na,na,na,na,na,na,na,na,na,na,na,na,na,na,na,na,na,na,na,na,na,na,na,na,na,na,na,na,na,na,na,na,na,na,na,na,na,na,na,na,na,na,na,na,na,na,na,na,na,na,na,na,na,na,na,na,na,na,na,na,na,na,na,na,na,na,na,na,na,na,na,na,na,na,na,na,na,na,na,na,na,na,na,na,na,na,na,na,na,na,na,na,na,na,na,na,na,na,na,na,na,na,na,na,na,na,na,na,na,na,na,na,na,na,na,na,na,na,na,na,na,na,na,na,na,na,na,na,na,na,na,na,na,na,na,na,na,na,na,na,na,na,na,na,na,na,na,na,na,na,na,na,na,na,na,na,na,na,na,na,na,na,na,na,na,na,na,na,na,na,na,na,na,na,na,na,na,na,na,na,na,na,na,na,na,na,na,na,na,na,na,na,na,na,na,na,na,na,na,na,na,na,na,na,na,na,na,na,na,na,na,na,na,na,na,na,na,na
189,            Tobacco,102.789,102.789,102.789,102.789,102.789,102.789,102.789,101.887,100,100,100,100,100,100,100,100,100,100,100,100,100,100,97.372,97.372,97.372,97.372,97.372,97.372,97.372,97.372,97.372,97.372,92.529,88.22,85.839,85.839,85.839,85.839,85.839,85.839,85.839,85.839,85.839,85.839,84.503,84.503,84.503,84.503,84.503,84.503,84.503,84.503,84.503,84.503,84.503,84.503,84.503,84.503,84.503,84.503,84.503,84.503,84.503,84.503,84.503,84.503,84.503,84.503,84.503,84.503,84.503,84.503,84.503,84.503,84.503,84.503,84.706,84.706,84.706,84.681,84.631,84.815,84.695,84.698,84.716,84.716,84.716,84.716,84.716,84.865,84.865,84.948,78.997,77.897,77.897,77.897,77.897,77.897,77.897,77.897,77.897,77.897,77.858,77.692,77.451,77.418,77.418,77.418,77.418,77.418,77.418,77.418,77.418,77.418,77.249,76.94,76.94,76.94,76.94,76.94,76.94,76.94,76.94,76.94,76.94,76.94,76.94,76.94,76.94,76.94,na,na,na,na,na,na,na,na,na,na,na,na,na,na,na,na,na,na,na,na,na,na,na,na,na,na,na,na,na,na,na,na,na,na,na,na,na,na,na,na,na,na,na,na,na,na,na,na,na,na,na,na,na,na,na,na,na,na,na,na,na,na,na,na,na,na,na,na,na,na,na,na,na,na,na,na,na,na,na,na,na,na,na,na,na,na,na,na,na,na,na,na,na,na,na,na,na,na,na,na,na,na,na,na,na,na,na,na,na,na,na,na,na,na,na,na,na,na,na,na,na,na,na,na,na,na,na,na,na,na,na,na,na,na,na,na,na,na,na,na,na,na,na,na,na,na,na,na,na,na,na,na,na,na,na,na,na,na,na,na,na,na,na,na,na,na,na,na,na,na,na,na,na,na,na,na,na,na,na,na,na,na,na,na,na,na,na,na,na,na,na,na,na,na,na,na,na,na,na,na,na,na,na,na,na,na,na,na,na,na,na,na,na,na,na,na,na,na,na,na,na,na,na,na,na,na,na,na,na,na,na,na,na,na,na,na,na,na,na,na,na,na,na,na,na,na,na,na,na,na,na,na,na,na,na,na,na,na,na,na,na,na,na,na,na,na,na,na,na,na,na,na,na,na,na,na,na,na,na,na,na,na,na,na,na,na,na,na,na,na,na,na,na,na,na,na,na,na,na,na,na,na,na,na,na,na,na,na,na,na,na,na,na,na,na,na,na,na,na,na,na,na,na,na,na,na,na,na,na,na,na,na,na,na,na,na,na,na,na,na,na,na,na,na,na,na,na,na,na,na,na,na,na,na,na,na,na,na,na,na,na,na,na,na,na,na,na,na,na,na,na,na,na,na,na,na,na,na,na,na,na,na,na,na,na,na,na,na,na,na,na,na,na,na,na,na,na,na,na,na,na,na,na,na,na,na,na,na,na,na,na,na,na,na,na,na,na,na,na,na,na,na,na,na,na,na,na,na,na,na,na,na,na,na,na,na,na,na,na,na,na,na,na,na,na,na,na,na,na,na,na,na,na,na,na,na,na,na,na,na,na,na,na,na,na,na,na,na,na,na,na,na,na,na,na,na,na,na,na,na,na,na,na,na,na,na,na,na,na,na,na,na,na,na,na,na,na,na,na,na,na,na,na,na,na,na,na,na,na,na,na,na,na,na,na,na,na,na,na,na,na,na,na,na,na,na,na,na,na,na,na,na,na,na,na,na,na,na,na,na,na,na,na,na,na,na,na,na,na,na,na,na,na,na,na,na,na,na,na,na,na,na,na,na,na,na,na,na,na,na,na,na,na,na,na,na,na,na,na,na,na,na,na,na,na,na,na,na,na,na,na,na,na,na,na,na,na,na,na,na,na,na,na,na,na,na,na,na,na,na,na,na,na,na,na,na,na,na,na,na,na,na,na,na,na,na,na,na,na,na,na,na,na,na,na,na,na,na,na,na,na,na,na,na,na,na,na,na
190,        Other Personal Effects,100.769,96.701,97.197,97.385,96.744,97.223,97.138,97.251,98.029,98.135,98.787,98.168,99.74,98.778,99.033,99.53,99.935,101.277,103.141,101.069,101.165,99.378,97.778,100.681,99.533,98.974,100.564,100.489,99.91,99.38,99.179,100.928,100.092,99.946,100.162,100.35,100.393,100.162,98.58,97.82,99.219,100.538,99.746,99.887,99.866,99.552,100.572,99.329,99.364,100.628,100.874,98.443,96.696,96.588,96.773,96.333,96.391,97.304,95.216,94.842,96.193,95.767,94.579,95.396,95.095,95.428,95.663,98.691,101.373,100.967,101.173,101.239,101.358,101.861,101.798,102.221,101.992,102.432,101.487,101.558,101.794,101.726,101.348,101.054,101.289,101.726,101.753,101.723,102.142,102.252,102.788,103.077,102.799,103.13,102.486,102.605,103.272,102.186,102.484,102.425,101.736,102.282,102.956,103.045,101.389,100.746,101.416,101.937,100.164,99.048,99.694,98.453,97.829,99.347,100.86,100.972,100.079,99.609,98.562,98.373,99.192,98.44,98.703,98.145,97.618,98.682,98.902,98.359,98.897,99.009,98.389,99.317,99.511,99.215,100.958,100.129,97.769,100.612,100.363,101.028,98.319,99.594,97.527,100.296,98.775,99.605,99.773,97.821,97.841,101.133,99.969,100.627,98.378,98.824,98.837,99.75,98.222,99.293,99.897,99.592,98.249,99.274,100.133,100.031,98.724,99.02,98.907,98.766,100.517,98.446,99.974,98.879,98.106,98.936,100.207,100.227,98.247,99.899,99.387,100.782,100.031,98.723,101.359,98.495,96.972,99.342,99.163,98.562,98.179,98.863,98.676,98.974,99.251,98.563,99.124,96.245,96.49,98.238,99.191,99.73,94.778,97.792,97.658,95.594,99.599,99.462,100.337,97.587,97.642,99.099,100.287,100.216,98.116,99.187,98.261,98.377,96.566,97.854,98.963,96.476,95.146,95.471,96.272,97.056,95.369,96.149,94.983,94.904,96.611,94.01,96.078,93.937,92.722,94.304,94.822,94.432,94.425,93.105,91.876,93.986,92.73,92.593,95.553,91.103,89.547,90.7,92.842,92.429,89.147,91.508,na,na,na,na,na,na,na,na,na,na,na,na,na,na,na,na,na,na,na,na,na,na,na,na,na,na,na,na,na,na,na,na,na,na,na,na,na,na,na,na,na,na,na,na,na,na,na,na,na,na,na,na,na,na,na,na,na,na,na,na,na,na,na,na,na,na,na,na,na,na,na,na,na,na,na,na,na,na,na,na,na,na,na,na,na,na,na,na,na,na,na,na,na,na,na,na,na,na,na,na,na,na,na,na,na,na,na,na,na,na,na,na,na,na,na,na,na,na,na,na,na,na,na,na,na,na,na,na,na,na,na,na,na,na,na,na,na,na,na,na,na,na,na,na,na,na,na,na,na,na,na,na,na,na,na,na,na,na,na,na,na,na,na,na,na,na,na,na,na,na,na,na,na,na,na,na,na,na,na,na,na,na,na,na,na,na,na,na,na,na,na,na,na,na,na,na,na,na,na,na,na,na,na,na,na,na,na,na,na,na,na,na,na,na,na,na,na,na,na,na,na,na,na,na,na,na,na,na,na,na,na,na,na,na,na,na,na,na,na,na,na,na,na,na,na,na,na,na,na,na,na,na,na,na,na,na,na,na,na,na,na,na,na,na,na,na,na,na,na,na,na,na,na,na,na,na,na,na,na,na,na,na,na,na,na,na,na,na,na,na,na,na,na,na,na,na,na,na,na,na,na,na,na,na,na,na,na,na,na,na,na,na,na,na,na,na,na,na,na,na,na,na,na,na,na,na,na,na,na,na,na,na,na,na,na,na,na,na,na,na,na,na,na,na,na,na,na,na,na,na,na,na,na,na,na,na,na,na,na,na,na,na,na,na,na,na,na,na,na,na,na,na,na,na,na,na,na,na,na,na,na,na,na,na,na,na,na,na,na,na,na,na,na,na,na,na,na,na,na,na,na,na,na,na,na,na,na,na,na,na,na,na,na,na,na,na,na,na,na,na,na,na,na,na,na,na,na,na,na,na,na,na,na,na,na,na,na,na,na,na,na,na,na,na,na,na,na,na,na,na,na,na,na,na,na,na,na,na,na,na,na,na,na,na,na,na,na,na,na,na,na,na,na,na,na,na,na,na,na,na,na,na,na,na,na,na,na,na,na,na,na,na,na,na,na,na,na,na,na,na,na,na,na,na,na,na,na,na,na,na,na,na,na,na,na,na,na,na,na,na,na,na,na,na,na,na,na,na
191,            Jewellery & Watches,102.365,100.087,101.767,102.256,101.381,101.936,101.702,100.364,101.713,101.107,100.808,95.613,97.823,100.507,97.107,100.941,100.933,101.639,102.363,101.148,101.037,100.082,102.276,102.276,102.276,100.441,100.441,100.855,95.764,95.764,95.764,98.351,98.087,98.441,97.914,97.387,97.221,97.92,95.168,92.328,97.187,97.106,96.016,98.428,98.845,100.55,100.734,100.452,100.059,100.279,101.496,101.496,101.595,101.007,101.297,99.036,99.328,99.328,99.328,99.597,99.976,102.457,102.457,102.457,100.178,100.178,100.178,103.799,103.799,103.799,103.503,103.503,103.503,103.503,103.503,103.886,103.503,103.503,103.35,103.139,103.139,102.805,102.908,102.908,102.908,102.318,102.318,102.318,103.265,103.265,103.265,105.77,105.77,105.77,105.77,105.77,105.77,105.529,105.529,105.529,105.529,105.529,105.529,105.241,105.241,105.241,105.6,105.6,105.374,105.341,105.09,105.09,105.108,105.108,105.108,105.219,104.528,105.219,105.219,105.219,106.408,105.108,104.94,104.94,104.703,104.94,107.018,107.018,104.94,104.94,na,na,na,na,na,na,na,na,na,na,na,na,na,na,na,na,na,na,na,na,na,na,na,na,na,na,na,na,na,na,na,na,na,na,na,na,na,na,na,na,na,na,na,na,na,na,na,na,na,na,na,na,na,na,na,na,na,na,na,na,na,na,na,na,na,na,na,na,na,na,na,na,na,na,na,na,na,na,na,na,na,na,na,na,na,na,na,na,na,na,na,na,na,na,na,na,na,na,na,na,na,na,na,na,na,na,na,na,na,na,na,na,na,na,na,na,na,na,na,na,na,na,na,na,na,na,na,na,na,na,na,na,na,na,na,na,na,na,na,na,na,na,na,na,na,na,na,na,na,na,na,na,na,na,na,na,na,na,na,na,na,na,na,na,na,na,na,na,na,na,na,na,na,na,na,na,na,na,na,na,na,na,na,na,na,na,na,na,na,na,na,na,na,na,na,na,na,na,na,na,na,na,na,na,na,na,na,na,na,na,na,na,na,na,na,na,na,na,na,na,na,na,na,na,na,na,na,na,na,na,na,na,na,na,na,na,na,na,na,na,na,na,na,na,na,na,na,na,na,na,na,na,na,na,na,na,na,na,na,na,na,na,na,na,na,na,na,na,na,na,na,na,na,na,na,na,na,na,na,na,na,na,na,na,na,na,na,na,na,na,na,na,na,na,na,na,na,na,na,na,na,na,na,na,na,na,na,na,na,na,na,na,na,na,na,na,na,na,na,na,na,na,na,na,na,na,na,na,na,na,na,na,na,na,na,na,na,na,na,na,na,na,na,na,na,na,na,na,na,na,na,na,na,na,na,na,na,na,na,na,na,na,na,na,na,na,na,na,na,na,na,na,na,na,na,na,na,na,na,na,na,na,na,na,na,na,na,na,na,na,na,na,na,na,na,na,na,na,na,na,na,na,na,na,na,na,na,na,na,na,na,na,na,na,na,na,na,na,na,na,na,na,na,na,na,na,na,na,na,na,na,na,na,na,na,na,na,na,na,na,na,na,na,na,na,na,na,na,na,na,na,na,na,na,na,na,na,na,na,na,na,na,na,na,na,na,na,na,na,na,na,na,na,na,na,na,na,na,na,na,na,na,na,na,na,na,na,na,na,na,na,na,na,na,na,na,na,na,na,na,na,na,na,na,na,na,na,na,na,na,na,na,na,na,na,na,na,na,na,na,na,na,na,na,na,na,na,na,na,na,na,na,na,na,na,na,na,na,na,na,na,na,na,na,na,na,na,na,na,na,na,na,na,na,na,na,na,na,na,na,na,na,na,na,na,na,na,na,na,na,na,na,na,na,na,na,na,na,na,na,na,na,na,na,na,na,na,na,na,na,na,na,na,na,na,na,na,na,na,na,na,na,na,na,na,na,na,na,na,na,na,na,na,na,na,na,na,na,na,na,na,na,na,na,na,na,na,na,na,na,na,na,na,na,na,na,na,na,na,na,na,na,na,na,na,na,na,na
192,            Devotional Articles & Articles For Religious & Ritual Celebrations,97.75,97.75,97.75,97.75,97.22,99.409,99.409,99.409,99.409,99.409,99.409,99.409,99.409,99.409,100.675,100.675,100.169,100.169,100.169,100.169,100.169,100.169,na,na,na,na,na,na,na,na,na,na,na,na,na,na,na,na,na,na,na,na,na,na,na,na,na,na,na,na,na,na,na,na,na,na,na,na,na,na,na,na,na,na,na,na,na,na,na,na,na,na,na,na,na,na,na,na,na,na,na,na,na,na,na,na,na,na,na,na,na,na,na,na,na,na,na,na,na,na,na,na,na,na,na,na,na,na,na,na,na,na,na,na,na,na,na,na,na,na,na,na,na,na,na,na,na,na,na,na,na,na,na,na,na,na,na,na,na,na,na,na,na,na,na,na,na,na,na,na,na,na,na,na,na,na,na,na,na,na,na,na,na,na,na,na,na,na,na,na,na,na,na,na,na,na,na,na,na,na,na,na,na,na,na,na,na,na,na,na,na,na,na,na,na,na,na,na,na,na,na,na,na,na,na,na,na,na,na,na,na,na,na,na,na,na,na,na,na,na,na,na,na,na,na,na,na,na,na,na,na,na,na,na,na,na,na,na,na,na,na,na,na,na,na,na,na,na,na,na,na,na,na,na,na,na,na,na,na,na,na,na,na,na,na,na,na,na,na,na,na,na,na,na,na,na,na,na,na,na,na,na,na,na,na,na,na,na,na,na,na,na,na,na,na,na,na,na,na,na,na,na,na,na,na,na,na,na,na,na,na,na,na,na,na,na,na,na,na,na,na,na,na,na,na,na,na,na,na,na,na,na,na,na,na,na,na,na,na,na,na,na,na,na,na,na,na,na,na,na,na,na,na,na,na,na,na,na,na,na,na,na,na,na,na,na,na,na,na,na,na,na,na,na,na,na,na,na,na,na,na,na,na,na,na,na,na,na,na,na,na,na,na,na,na,na,na,na,na,na,na,na,na,na,na,na,na,na,na,na,na,na,na,na,na,na,na,na,na,na,na,na,na,na,na,na,na,na,na,na,na,na,na,na,na,na,na,na,na,na,na,na,na,na,na,na,na,na,na,na,na,na,na,na,na,na,na,na,na,na,na,na,na,na,na,na,na,na,na,na,na,na,na,na,na,na,na,na,na,na,na,na,na,na,na,na,na,na,na,na,na,na,na,na,na,na,na,na,na,na,na,na,na,na,na,na,na,na,na,na,na,na,na,na,na,na,na,na,na,na,na,na,na,na,na,na,na,na,na,na,na,na,na,na,na,na,na,na,na,na,na,na,na,na,na,na,na,na,na,na,na,na,na,na,na,na,na,na,na,na,na,na,na,na,na,na,na,na,na,na,na,na,na,na,na,na,na,na,na,na,na,na,na,na,na,na,na,na,na,na,na,na,na,na,na,na,na,na,na,na,na,na,na,na,na,na,na,na,na,na,na,na,na,na,na,na,na,na,na,na,na,na,na,na,na,na,na,na,na,na,na,na,na,na,na,na,na,na,na,na,na,na,na,na,na,na,na,na,na,na,na,na,na,na,na,na,na,na,na,na,na,na,na,na,na,na,na,na,na,na,na,na,na,na,na,na,na,na,na,na,na,na,na,na,na,na,na,na,na,na,na,na,na,na,na,na,na,na,na,na,na,na,na,na,na,na,na,na,na,na,na,na,na,na,na,na,na,na,na,na,na,na,na,na,na,na,na,na,na,na,na,na,na,na,na,na,na,na,na,na,na,na,na,na,na,na,na,na,na,na,na,na,na,na,na,na,na,na,na,na,na,na,na,na,na,na,na,na,na,na,na,na,na,na,na,na,na,na
193,            Other Personal Effects Nec,100.74,95.365,95.542,95.659,95.079,95.24,95.192,95.819,96.535,96.903,97.99,98.829,100.451,98.08,99.411,98.853,99.554,101.343,103.914,101.196,101.379,99.003,na,na,na,na,na,na,na,na,na,na,na,na,na,na,na,na,na,na,na,na,na,na,na,na,na,na,na,na,na,na,na,na,na,na,na,na,na,na,na,na,na,na,na,na,na,na,na,na,na,na,na,na,na,na,na,na,na,na,na,na,na,na,na,na,na,na,na,na,na,na,na,na,na,na,na,na,na,na,na,na,na,na,na,na,na,na,na,na,na,na,na,na,na,na,na,na,na,na,na,na,na,na,na,na,na,na,na,na,na,na,na,na,na,na,na,na,na,na,na,na,na,na,na,na,na,na,na,na,na,na,na,na,na,na,na,na,na,na,na,na,na,na,na,na,na,na,na,na,na,na,na,na,na,na,na,na,na,na,na,na,na,na,na,na,na,na,na,na,na,na,na,na,na,na,na,na,na,na,na,na,na,na,na,na,na,na,na,na,na,na,na,na,na,na,na,na,na,na,na,na,na,na,na,na,na,na,na,na,na,na,na,na,na,na,na,na,na,na,na,na,na,na,na,na,na,na,na,na,na,na,na,na,na,na,na,na,na,na,na,na,na,na,na,na,na,na,na,na,na,na,na,na,na,na,na,na,na,na,na,na,na,na,na,na,na,na,na,na,na,na,na,na,na,na,na,na,na,na,na,na,na,na,na,na,na,na,na,na,na,na,na,na,na,na,na,na,na,na,na,na,na,na,na,na,na,na,na,na,na,na,na,na,na,na,na,na,na,na,na,na,na,na,na,na,na,na,na,na,na,na,na,na,na,na,na,na,na,na,na,na,na,na,na,na,na,na,na,na,na,na,na,na,na,na,na,na,na,na,na,na,na,na,na,na,na,na,na,na,na,na,na,na,na,na,na,na,na,na,na,na,na,na,na,na,na,na,na,na,na,na,na,na,na,na,na,na,na,na,na,na,na,na,na,na,na,na,na,na,na,na,na,na,na,na,na,na,na,na,na,na,na,na,na,na,na,na,na,na,na,na,na,na,na,na,na,na,na,na,na,na,na,na,na,na,na,na,na,na,na,na,na,na,na,na,na,na,na,na,na,na,na,na,na,na,na,na,na,na,na,na,na,na,na,na,na,na,na,na,na,na,na,na,na,na,na,na,na,na,na,na,na,na,na,na,na,na,na,na,na,na,na,na,na,na,na,na,na,na,na,na,na,na,na,na,na,na,na,na,na,na,na,na,na,na,na,na,na,na,na,na,na,na,na,na,na,na,na,na,na,na,na,na,na,na,na,na,na,na,na,na,na,na,na,na,na,na,na,na,na,na,na,na,na,na,na,na,na,na,na,na,na,na,na,na,na,na,na,na,na,na,na,na,na,na,na,na,na,na,na,na,na,na,na,na,na,na,na,na,na,na,na,na,na,na,na,na,na,na,na,na,na,na,na,na,na,na,na,na,na,na,na,na,na,na,na,na,na,na,na,na,na,na,na,na,na,na,na,na,na,na,na,na,na,na,na,na,na,na,na,na,na,na,na,na,na,na,na,na,na,na,na,na,na,na,na,na,na,na,na,na,na,na,na,na,na,na,na,na,na,na,na,na,na,na,na,na,na,na,na,na,na,na,na,na,na,na,na,na,na,na,na,na,na,na,na,na,na,na,na,na,na,na,na,na,na,na,na,na,na,na,na,na,na,na,na,na,na,na,na,na,na,na,na,na,na,na,na,na,na,na,na,na,na,na,na,na,na,na,na,na,na,na,na,na,na,na
194,        Social Services,96.709,93.976,93.975,93.975,100.854,100.854,100.854,100.854,100.854,100.854,100.548,100.548,100.548,100.037,100.037,100.037,99.851,99.851,99.851,99.565,99.565,99.565,99.272,99.272,99.272,99.004,99.004,99.373,99.487,99.487,99.487,99.374,99.374,99.209,100.569,100.569,100.569,100.102,100.102,100.102,100.627,100.627,100.627,100.627,100.627,100.627,99.887,99.887,99.887,99.887,99.887,99.665,101.849,101.849,101.849,101.849,101.849,101.849,102.777,102.777,102.777,102.786,102.786,102.823,102.823,102.823,102.823,102.823,102.318,102.318,105.677,105.664,105.664,105.862,105.862,105.862,105.862,105.862,105.862,105.862,105.862,105.862,105.813,105.813,105.813,105.813,105.813,105.813,105.335,105.335,105.335,105.335,105.335,105.335,103.868,103.868,103.868,103.868,103.868,103.578,103.578,103.578,103.578,103.578,103.578,103.479,103.479,103.479,103.479,103.479,103.479,103.479,102.812,102.812,102.812,102.812,106.663,103.948,103.948,103.948,103.948,103.948,103.948,102.677,102.677,102.677,102.677,102.677,102.677,101.635,101.635,101.635,101.635,101.635,101.635,99.51,99.51,99.51,99.51,99.51,99.51,99.51,98.074,98.074,98.074,98.074,98.074,98.074,98.074,98.074,98.074,98.074,98.074,97.794,95.915,95.915,95.915,95.915,95.915,95.915,95.915,95.915,95.915,95.915,95.915,95.915,95.915,95.915,95.915,95.915,95.915,95.915,95.915,95.915,95.915,95.915,95.915,95.915,95.915,95.915,95.915,95.915,95.915,95.915,95.915,95.915,95.915,94.75,94.75,94.75,94.75,94.75,94.75,94.75,94.75,94.75,94.75,94.75,94.75,94.75,94.75,94.75,93.831,93.831,93.831,93.831,93.831,93.831,93.831,93.831,93.831,93.831,93.831,93.831,93.831,93.831,93.831,93.831,93.831,93.831,88.944,88.944,88.944,88.944,88.944,88.944,88.944,88.944,88.944,88.944,88.944,88.944,88.944,88.944,88.944,88.944,88.944,88.944,88.944,88.944,88.944,88.944,88.944,88.944,88.944,88.944,88.944,88.944,88.944,88.944,na,na,na,na,na,na,na,na,na,na,na,na,na,na,na,na,na,na,na,na,na,na,na,na,na,na,na,na,na,na,na,na,na,na,na,na,na,na,na,na,na,na,na,na,na,na,na,na,na,na,na,na,na,na,na,na,na,na,na,na,na,na,na,na,na,na,na,na,na,na,na,na,na,na,na,na,na,na,na,na,na,na,na,na,na,na,na,na,na,na,na,na,na,na,na,na,na,na,na,na,na,na,na,na,na,na,na,na,na,na,na,na,na,na,na,na,na,na,na,na,na,na,na,na,na,na,na,na,na,na,na,na,na,na,na,na,na,na,na,na,na,na,na,na,na,na,na,na,na,na,na,na,na,na,na,na,na,na,na,na,na,na,na,na,na,na,na,na,na,na,na,na,na,na,na,na,na,na,na,na,na,na,na,na,na,na,na,na,na,na,na,na,na,na,na,na,na,na,na,na,na,na,na,na,na,na,na,na,na,na,na,na,na,na,na,na,na,na,na,na,na,na,na,na,na,na,na,na,na,na,na,na,na,na,na,na,na,na,na,na,na,na,na,na,na,na,na,na,na,na,na,na,na,na,na,na,na,na,na,na,na,na,na,na,na,na,na,na,na,na,na,na,na,na,na,na,na,na,na,na,na,na,na,na,na,na,na,na,na,na,na,na,na,na,na,na,na,na,na,na,na,na,na,na,na,na,na,na,na,na,na,na,na,na,na,na,na,na,na,na,na,na,na,na,na,na,na,na,na,na,na,na,na,na,na,na,na,na,na,na,na,na,na,na,na,na,na,na,na,na,na,na,na,na,na,na,na,na,na,na,na,na,na,na,na,na,na,na,na,na,na,na,na,na,na,na,na,na,na,na,na,na,na,na,na,na,na,na,na,na,na,na,na,na,na,na,na,na,na,na,na,na,na,na,na,na,na,na,na,na,na,na,na,na,na,na,na,na,na,na,na,na,na,na,na,na,na,na,na,na,na,na,na,na,na,na,na,na,na,na,na,na,na,na,na,na,na,na,na,na,na,na,na,na,na,na,na,na,na,na,na,na,na,na,na,na,na,na,na,na,na,na,na,na,na,na,na,na,na,na,na,na,na,na,na,na,na,na,na,na,na,na,na,na,na,na,na,na,na,na,na,na,na,na,na,na,na,na,na,na,na,na,na,na,na,na,na,na,na,na,na,na,na,na,na,na,na,na
195,        Other Miscellaneous Services,100.658,100.655,100.609,100.609,100.608,100.601,100.405,100.405,100.457,100.459,100.384,100.316,100.25,100.477,100.474,99.63,98.723,98.734,98.734,100.843,100.833,100.601,98.156,98.156,98.156,98.187,98.215,98.161,99.105,99.105,99.162,98.963,98.953,98.944,98.632,98.594,97.343,97.343,97.379,97.501,97.938,97.897,100.546,102.592,102.592,102.592,102.675,102.336,102.33,103.045,102.454,103.601,105.108,105.108,104.833,104.567,104.038,103.669,103.669,103.669,103.669,103.669,103.669,103.669,103.669,103.669,103.669,103.669,103.669,103.641,103.641,103.628,103.628,103.628,103.628,103.628,103.628,103.628,103.628,103.622,103.622,103.61,103.624,103.624,103.624,103.624,103.624,103.797,103.797,103.797,103.797,103.726,103.654,103.64,103.629,103.576,103.493,103.722,103.709,103.709,103.688,103.661,103.651,103.648,103.678,103.761,100.839,101.002,100.972,101.489,101.467,101.467,101.771,101.802,101.802,101.704,101.82,101.811,101.673,101.713,101.678,101.623,101.581,101.581,101.581,101.584,101.584,101.465,101.465,101.364,101.371,101.371,101.311,101.371,101.418,101.439,101.163,101.136,101.014,101.04,101.108,101.108,101.04,101.185,101.287,101.096,101.163,101.355,100.831,100.611,100.155,100.191,100.039,100.151,93.807,93.807,93.708,91.151,89.509,88.826,86.784,86.7,86.342,85.586,85.586,85.586,81.762,81.572,81.555,81.555,81.51,81.51,81.693,81.227,81.28,81.127,81.127,80.784,79.79,79.79,79.619,79.309,79.309,79.309,79.276,79.276,79.276,79.289,79.234,79.234,79.104,79.104,79.104,79.233,79.301,79.116,78.947,78.766,78.533,78.825,78.825,78.825,78.762,78.762,78.733,78.675,78.675,78.496,78.077,78.077,77.937,78.135,78.145,78.149,77.909,77.303,77.303,77.196,77.115,77.115,76.88,76.88,76.88,76.936,76.901,76.936,76.911,76.911,76.911,73.685,73.685,69.735,69.834,69.186,69.002,69.021,69.021,69.021,60.46,60.449,60.491,60.004,60.004,60.05,60.629,60.49,60.681,60.724,60.724,60.317,na,na,na,na,na,na,na,na,na,na,na,na,na,na,na,na,na,na,na,na,na,na,na,na,na,na,na,na,na,na,na,na,na,na,na,na,na,na,na,na,na,na,na,na,na,na,na,na,na,na,na,na,na,na,na,na,na,na,na,na,na,na,na,na,na,na,na,na,na,na,na,na,na,na,na,na,na,na,na,na,na,na,na,na,na,na,na,na,na,na,na,na,na,na,na,na,na,na,na,na,na,na,na,na,na,na,na,na,na,na,na,na,na,na,na,na,na,na,na,na,na,na,na,na,na,na,na,na,na,na,na,na,na,na,na,na,na,na,na,na,na,na,na,na,na,na,na,na,na,na,na,na,na,na,na,na,na,na,na,na,na,na,na,na,na,na,na,na,na,na,na,na,na,na,na,na,na,na,na,na,na,na,na,na,na,na,na,na,na,na,na,na,na,na,na,na,na,na,na,na,na,na,na,na,na,na,na,na,na,na,na,na,na,na,na,na,na,na,na,na,na,na,na,na,na,na,na,na,na,na,na,na,na,na,na,na,na,na,na,na,na,na,na,na,na,na,na,na,na,na,na,na,na,na,na,na,na,na,na,na,na,na,na,na,na,na,na,na,na,na,na,na,na,na,na,na,na,na,na,na,na,na,na,na,na,na,na,na,na,na,na,na,na,na,na,na,na,na,na,na,na,na,na,na,na,na,na,na,na,na,na,na,na,na,na,na,na,na,na,na,na,na,na,na,na,na,na,na,na,na,na,na,na,na,na,na,na,na,na,na,na,na,na,na,na,na,na,na,na,na,na,na,na,na,na,na,na,na,na,na,na,na,na,na,na,na,na,na,na,na,na,na,na,na,na,na,na,na,na,na,na,na,na,na,na,na,na,na,na,na,na,na,na,na,na,na,na,na,na,na,na,na,na,na,na,na,na,na,na,na,na,na,na,na,na,na,na,na,na,na,na,na,na,na,na,na,na,na,na,na,na,na,na,na,na,na,na,na,na,na,na,na,na,na,na,na,na,na,na,na,na,na,na,na,na,na,na,na,na,na,na,na,na,na,na,na,na,na,na,na,na,na,na,na,na,na,na,na,na,na,na,na,na,na,na,na,na,na,na,na,na,na,na,na,na,na,na,na,na,na,na,na,na,na,na,na,na,na,na,na,na,na,na,na,na,na,na,na,na,na,na,na,na,na,na,na,na,na
196,    Food & Beverage Serving Services,101.671,101.488,101.304,101.204,101.09,101.081,100.975,100.862,100.747,100.628,100.457,100.368,100.335,100.021,100.076,100.006,99.989,99.924,99.89,99.736,99.714,99.484,97.789,97.487,97.22,97.012,96.814,96.701,96.545,96.307,96.129,95.663,95.378,95.053,93.738,93.497,93.038,92.658,92.162,91.586,90.827,90.03,89.447,88.651,87.968,87.521,87.044,86.875,86.743,86.626,86.533,86.291,86.213,86.092,86.023,85.878,85.824,85.721,85.613,85.516,85.382,85.228,85.198,85.151,85.093,85.049,85.036,84.97,84.822,84.699,84.503,84.373,84.305,84.261,84.223,84.061,83.978,83.887,83.778,83.7,83.528,83.371,83.012,82.929,82.866,82.83,82.779,82.673,82.564,82.504,82.43,82.185,82.057,81.919,81.851,81.722,81.63,81.484,81.44,81.424,81.334,81.246,81.153,81.021,80.875,80.806,80.669,80.578,80.53,80.44,80.393,80.258,80.131,80.054,79.965,79.785,79.669,79.371,79.221,79.187,79.144,78.971,78.895,78.828,78.713,78.515,78.239,78.054,77.967,77.946,77.563,77.421,77.31,77.102,76.98,76.942,76.858,76.768,76.529,76.431,76.296,76.065,75.54,75.435,75.395,75.11,75.071,74.678,74.51,74.389,74.245,74.074,73.958,73.889,73.675,73.65,73.585,73.416,73.319,73.275,73.131,73.061,73.011,72.91,72.872,72.783,72.582,72.48,72.402,71.957,71.874,71.787,71.445,71.327,71.256,70.984,70.631,70.443,70.223,69.949,69.937,69.828,69.741,69.728,69.581,69.548,69.535,69.471,69.387,69.315,69.314,69.311,69.32,69.308,69.29,69.22,69.158,69.043,69.069,69.045,68.937,68.957,68.762,68.654,68.63,68.39,68.299,68.187,67.845,67.477,67.241,66.715,66.516,66.201,65.676,65.235,64.676,64.429,64.247,64.058,63.06,62.958,62.906,62.833,62.869,62.798,62.812,62.719,62.689,62.61,62.648,62.591,62.455,62.403,62.373,62.252,62.011,61.991,61.929,61.814,61.78,61.748,61.761,61.666,61.604,61.604,61.565,61.508,61.593,61.52,61.449,61.423,61.378,61.292,61.191,61.186,61.19,61.18,61.196,61.11,61.112,61.129,60.786,60.763,60.694,60.662,60.698,60.664,60.559,60.55,60.581,60.568,60.527,60.492,60.359,60.332,60.279,60.269,60.261,60.301,60.351,60.337,60.233,60.205,60.161,60.062,59.861,59.768,59.799,59.752,59.767,59.738,59.695,59.611,59.565,59.702,59.636,59.518,59.224,59.11,59.078,59.013,58.98,58.933,58.865,58.808,58.833,58.936,58.988,58.883,58.791,58.764,58.71,58.735,58.721,58.707,58.665,58.654,58.568,58.572,58.573,58.501,58.51,58.491,58.415,58.374,58.351,58.34,58.328,58.291,58.277,58.261,58.246,58.223,58.094,57.967,57.831,57.729,57.723,57.655,57.4,57.18,57.179,57.097,57.186,57.125,57.125,56.989,56.901,56.895,56.825,56.734,56.554,56.458,56.385,56.175,55.87,55.803,55.713,55.644,55.455,55.425,55.375,55.301,55.249,55.231,55.007,54.695,54.381,54.347,54.244,54.124,54.068,53.989,53.95,53.91,53.739,53.676,53.386,52.449,52.424,52.202,51.769,51.708,51.703,51.706,51.688,51.578,51.425,51.37,51.302,51.263,51.099,51.071,50.771,50.698,50.65,50.637,50.575,50.51,50.5,50.473,50.341,50.235,50.119,50.093,50.117,50.062,50.062,50.033,49.979,49.836,49.713,49.725,49.667,49.535,49.429,49.294,49.193,49.14,49.081,48.995,48.905,48.757,48.651,48.622,48.601,48.598,48.551,48.49,na,na,na,na,na,na,na,na,na,na,na,na,na,na,na,na,na,na,na,na,na,na,na,na,na,na,na,na,na,na,na,na,na,na,na,na,na,na,na,na,na,na,na,na,na,na,na,na,na,na,na,na,na,na,na,na,na,na,na,na,na,na,na,na,na,na,na,na,na,na,na,na,na,na,na,na,na,na,na,na,na,na,na,na,na,na,na,na,na,na,na,na,na,na,na,na,na,na,na,na,na,na,na,na,na,na,na,na,na,na,na,na,na,na,na,na,na,na,na,na,na,na,na,na,na,na,na,na,na,na,na,na,na,na,na,na,na,na,na,na,na,na,na,na,na,na,na,na,na,na,na,na,na,na,na,na,na,na,na,na,na,na,na,na,na,na,na,na,na,na,na,na,na,na,na,na,na,na,na,na,na,na,na,na,na,na,na,na,na,na,na,na,na,na,na,na,na,na,na,na,na,na,na,na,na,na,na,na,na,na,na,na,na,na,na,na,na,na,na,na,na,na,na,na,na,na,na,na,na,na,na,na,na,na,na,na,na,na,na,na,na,na,na,na,na,na,na,na,na,na,na,na,na,na,na,na,na,na,na,na,na,na,na,na,na,na,na,na,na,na,na,na,na,na,na,na,na,na,na,na,na,na,na,na,na,na,na,na,na,na,na,na,na,na,na,na,na,na,na,na,na,na,na,na,na,na,na,na,na,na,na,na,na,na,na,na,na,na,na,na,na,na,na,na,na,na,na,na,na,na,na,na,na,na,na,na,na,na,na,na,na,na,na,na,na,na,na,na
197,"        Restaurants, Cafes & Pubs",101.285,101.011,100.982,100.892,100.805,100.8,100.728,100.734,100.675,100.631,100.39,100.242,100.171,100.078,100.346,100.215,100.124,100.027,99.82,99.565,99.684,99.338,97.513,96.993,96.729,96.509,96.337,96.192,96.198,96.12,96.006,95.813,95.821,95.7,93.466,93.357,92.734,92.405,92.14,91.317,90.761,90.329,89.718,88.903,88.234,87.69,87.085,86.882,86.876,86.901,86.812,86.552,86.527,86.464,86.374,86.331,86.224,86.042,85.957,85.945,85.666,85.479,85.595,85.576,85.576,85.539,85.545,85.395,85.36,85.304,84.929,84.714,84.669,84.54,84.558,84.437,84.351,84.178,84.061,83.974,83.683,83.522,83.239,83.147,83.099,83.066,82.936,82.874,82.821,82.808,82.757,82.475,82.408,82.102,81.956,81.707,81.639,81.431,81.407,81.46,81.421,81.411,81.385,81.203,81.035,81.124,80.914,80.804,80.821,80.85,80.774,80.513,80.375,80.372,80.374,80.239,80.252,79.739,79.54,79.513,79.481,79.287,79.195,79.169,78.631,78.497,77.921,77.738,77.603,77.588,76.967,76.931,76.751,76.231,76.076,76.067,75.971,75.952,75.917,76.021,76.014,75.937,75.326,75.18,75.166,74.719,74.698,74.33,73.955,73.883,73.763,73.668,73.691,73.656,73.158,73.111,73.024,72.624,72.61,72.581,72.214,72.262,72.262,71.818,71.819,71.792,71.228,71.133,71.138,70.362,70.362,70.271,69.6,69.6,69.563,69.104,69.109,69.074,68.6,68.505,68.505,68.277,68.22,68.22,67.703,67.715,67.697,67.496,67.505,67.297,67.303,67.297,67.229,67.307,67.25,67.283,67.154,67.168,67.168,67.147,67.147,67.128,66.93,66.878,66.881,66.551,66.585,66.585,66.29,66.281,66.218,65.971,65.945,65.922,65.267,64.11,64.075,63.282,63.27,63.217,61.826,61.838,61.776,61.517,61.707,61.505,61.727,61.242,61.16,60.783,60.746,60.746,60.38,60.36,60.366,59.904,59.878,59.876,60.267,59.825,59.82,59.795,59.795,59.683,59.425,59.425,59.45,59.188,59.637,59.18,na,na,na,na,na,na,na,na,na,na,na,na,na,na,na,na,na,na,na,na,na,na,na,na,na,na,na,na,na,na,na,na,na,na,na,na,na,na,na,na,na,na,na,na,na,na,na,na,na,na,na,na,na,na,na,na,na,na,na,na,na,na,na,na,na,na,na,na,na,na,na,na,na,na,na,na,na,na,na,na,na,na,na,na,na,na,na,na,na,na,na,na,na,na,na,na,na,na,na,na,na,na,na,na,na,na,na,na,na,na,na,na,na,na,na,na,na,na,na,na,na,na,na,na,na,na,na,na,na,na,na,na,na,na,na,na,na,na,na,na,na,na,na,na,na,na,na,na,na,na,na,na,na,na,na,na,na,na,na,na,na,na,na,na,na,na,na,na,na,na,na,na,na,na,na,na,na,na,na,na,na,na,na,na,na,na,na,na,na,na,na,na,na,na,na,na,na,na,na,na,na,na,na,na,na,na,na,na,na,na,na,na,na,na,na,na,na,na,na,na,na,na,na,na,na,na,na,na,na,na,na,na,na,na,na,na,na,na,na,na,na,na,na,na,na,na,na,na,na,na,na,na,na,na,na,na,na,na,na,na,na,na,na,na,na,na,na,na,na,na,na,na,na,na,na,na,na,na,na,na,na,na,na,na,na,na,na,na,na,na,na,na,na,na,na,na,na,na,na,na,na,na,na,na,na,na,na,na,na,na,na,na,na,na,na,na,na,na,na,na,na,na,na,na,na,na,na,na,na,na,na,na,na,na,na,na,na,na,na,na,na,na,na,na,na,na,na,na,na,na,na,na,na,na,na,na,na,na,na,na,na,na,na,na,na,na,na,na,na,na,na,na,na,na,na,na,na,na,na,na,na,na,na,na,na,na,na,na,na,na,na,na,na,na,na,na,na,na,na,na,na,na,na,na,na,na,na,na,na,na,na,na,na,na,na,na,na,na,na,na,na,na,na,na,na,na,na,na,na,na,na,na,na,na,na,na,na,na,na,na,na,na,na,na,na,na,na,na,na,na,na,na,na,na,na,na,na,na,na,na,na,na,na,na,na,na,na,na,na,na,na,na,na,na,na,na,na,na,na,na,na,na,na,na,na,na,na,na,na,na,na,na,na,na,na,na,na,na,na,na,na,na,na,na,na,na,na,na,na,na,na,na,na,na,na,na,na,na,na,na,na,na,na,na,na,na,na,na
198,            Restaurants,101.408,101.087,101.058,101.004,100.909,100.902,100.818,100.847,100.717,100.67,100.441,100.277,100.202,100.076,100.317,100.251,100.071,99.951,99.749,99.555,99.697,99.412,na,na,na,na,na,na,na,na,na,na,na,na,na,na,na,na,na,na,na,na,na,na,na,na,na,na,na,na,na,na,na,na,na,na,na,na,na,na,na,na,na,na,na,na,na,na,na,na,na,na,na,na,na,na,na,na,na,na,na,na,na,na,na,na,na,na,na,na,na,na,na,na,na,na,na,na,na,na,na,na,na,na,na,na,na,na,na,na,na,na,na,na,na,na,na,na,na,na,na,na,na,na,na,na,na,na,na,na,na,na,na,na,na,na,na,na,na,na,na,na,na,na,na,na,na,na,na,na,na,na,na,na,na,na,na,na,na,na,na,na,na,na,na,na,na,na,na,na,na,na,na,na,na,na,na,na,na,na,na,na,na,na,na,na,na,na,na,na,na,na,na,na,na,na,na,na,na,na,na,na,na,na,na,na,na,na,na,na,na,na,na,na,na,na,na,na,na,na,na,na,na,na,na,na,na,na,na,na,na,na,na,na,na,na,na,na,na,na,na,na,na,na,na,na,na,na,na,na,na,na,na,na,na,na,na,na,na,na,na,na,na,na,na,na,na,na,na,na,na,na,na,na,na,na,na,na,na,na,na,na,na,na,na,na,na,na,na,na,na,na,na,na,na,na,na,na,na,na,na,na,na,na,na,na,na,na,na,na,na,na,na,na,na,na,na,na,na,na,na,na,na,na,na,na,na,na,na,na,na,na,na,na,na,na,na,na,na,na,na,na,na,na,na,na,na,na,na,na,na,na,na,na,na,na,na,na,na,na,na,na,na,na,na,na,na,na,na,na,na,na,na,na,na,na,na,na,na,na,na,na,na,na,na,na,na,na,na,na,na,na,na,na,na,na,na,na,na,na,na,na,na,na,na,na,na,na,na,na,na,na,na,na,na,na,na,na,na,na,na,na,na,na,na,na,na,na,na,na,na,na,na,na,na,na,na,na,na,na,na,na,na,na,na,na,na,na,na,na,na,na,na,na,na,na,na,na,na,na,na,na,na,na,na,na,na,na,na,na,na,na,na,na,na,na,na,na,na,na,na,na,na,na,na,na,na,na,na,na,na,na,na,na,na,na,na,na,na,na,na,na,na,na,na,na,na,na,na,na,na,na,na,na,na,na,na,na,na,na,na,na,na,na,na,na,na,na,na,na,na,na,na,na,na,na,na,na,na,na,na,na,na,na,na,na,na,na,na,na,na,na,na,na,na,na,na,na,na,na,na,na,na,na,na,na,na,na,na,na,na,na,na,na,na,na,na,na,na,na,na,na,na,na,na,na,na,na,na,na,na,na,na,na,na,na,na,na,na,na,na,na,na,na,na,na,na,na,na,na,na,na,na,na,na,na,na,na,na,na,na,na,na,na,na,na,na,na,na,na,na,na,na,na,na,na,na,na,na,na,na,na,na,na,na,na,na,na,na,na,na,na,na,na,na,na,na,na,na,na,na,na,na,na,na,na,na,na,na,na,na,na,na,na,na,na,na,na,na,na,na,na,na,na,na,na,na,na,na,na,na,na,na,na,na,na,na,na,na,na,na,na,na,na,na,na,na,na,na,na,na,na,na,na,na,na,na,na,na,na,na,na,na,na,na,na,na,na,na,na,na,na,na,na,na,na,na,na,na,na,na,na,na,na,na,na,na,na,na,na,na,na,na,na,na,na,na,na,na,na,na,na,na,na,na,na,na,na,na,na,na,na,na,na,na,na,na,na
199,            Cafes,101.621,101.608,101.577,101.256,101.206,101.206,101.198,101.024,101.041,101.01,100.81,100.765,100.752,100.736,100.726,100.185,100.141,99.817,99.55,99.093,99.093,98.334,na,na,na,na,na,na,na,na,na,na,na,na,na,na,na,na,na,na,na,na,na,na,na,na,na,na,na,na,na,na,na,na,na,na,na,na,na,na,na,na,na,na,na,na,na,na,na,na,na,na,na,na,na,na,na,na,na,na,na,na,na,na,na,na,na,na,na,na,na,na,na,na,na,na,na,na,na,na,na,na,na,na,na,na,na,na,na,na,na,na,na,na,na,na,na,na,na,na,na,na,na,na,na,na,na,na,na,na,na,na,na,na,na,na,na,na,na,na,na,na,na,na,na,na,na,na,na,na,na,na,na,na,na,na,na,na,na,na,na,na,na,na,na,na,na,na,na,na,na,na,na,na,na,na,na,na,na,na,na,na,na,na,na,na,na,na,na,na,na,na,na,na,na,na,na,na,na,na,na,na,na,na,na,na,na,na,na,na,na,na,na,na,na,na,na,na,na,na,na,na,na,na,na,na,na,na,na,na,na,na,na,na,na,na,na,na,na,na,na,na,na,na,na,na,na,na,na,na,na,na,na,na,na,na,na,na,na,na,na,na,na,na,na,na,na,na,na,na,na,na,na,na,na,na,na,na,na,na,na,na,na,na,na,na,na,na,na,na,na,na,na,na,na,na,na,na,na,na,na,na,na,na,na,na,na,na,na,na,na,na,na,na,na,na,na,na,na,na,na,na,na,na,na,na,na,na,na,na,na,na,na,na,na,na,na,na,na,na,na,na,na,na,na,na,na,na,na,na,na,na,na,na,na,na,na,na,na,na,na,na,na,na,na,na,na,na,na,na,na,na,na,na,na,na,na,na,na,na,na,na,na,na,na,na,na,na,na,na,na,na,na,na,na,na,na,na,na,na,na,na,na,na,na,na,na,na,na,na,na,na,na,na,na,na,na,na,na,na,na,na,na,na,na,na,na,na,na,na,na,na,na,na,na,na,na,na,na,na,na,na,na,na,na,na,na,na,na,na,na,na,na,na,na,na,na,na,na,na,na,na,na,na,na,na,na,na,na,na,na,na,na,na,na,na,na,na,na,na,na,na,na,na,na,na,na,na,na,na,na,na,na,na,na,na,na,na,na,na,na,na,na,na,na,na,na,na,na,na,na,na,na,na,na,na,na,na,na,na,na,na,na,na,na,na,na,na,na,na,na,na,na,na,na,na,na,na,na,na,na,na,na,na,na,na,na,na,na,na,na,na,na,na,na,na,na,na,na,na,na,na,na,na,na,na,na,na,na,na,na,na,na,na,na,na,na,na,na,na,na,na,na,na,na,na,na,na,na,na,na,na,na,na,na,na,na,na,na,na,na,na,na,na,na,na,na,na,na,na,na,na,na,na,na,na,na,na,na,na,na,na,na,na,na,na,na,na,na,na,na,na,na,na,na,na,na,na,na,na,na,na,na,na,na,na,na,na,na,na,na,na,na,na,na,na,na,na,na,na,na,na,na,na,na,na,na,na,na,na,na,na,na,na,na,na,na,na,na,na,na,na,na,na,na,na,na,na,na,na,na,na,na,na,na,na,na,na,na,na,na,na,na,na,na,na,na,na,na,na,na,na,na,na,na,na,na,na,na,na,na,na,na,na,na,na,na,na,na,na,na,na,na,na,na,na,na,na,na,na,na,na,na,na,na,na,na,na,na,na,na,na,na,na,na,na,na,na,na,na,na,na,na,na,na,na,na,na,na,na,na,na,na,na,na,na,na,na
200,            Pubs,93.934,93.83,93.83,93.83,93.83,93.83,93.83,94.142,96.465,96.465,95.429,95.243,94.932,95.661,98.934,98.934,102.167,104.574,104.574,103.185,103.185,103.185,na,na,na,na,na,na,na,na,na,na,na,na,na,na,na,na,na,na,na,na,na,na,na,na,na,na,na,na,na,na,na,na,na,na,na,na,na,na,na,na,na,na,na,na,na,na,na,na,na,na,na,na,na,na,na,na,na,na,na,na,na,na,na,na,na,na,na,na,na,na,na,na,na,na,na,na,na,na,na,na,na,na,na,na,na,na,na,na,na,na,na,na,na,na,na,na,na,na,na,na,na,na,na,na,na,na,na,na,na,na,na,na,na,na,na,na,na,na,na,na,na,na,na,na,na,na,na,na,na,na,na,na,na,na,na,na,na,na,na,na,na,na,na,na,na,na,na,na,na,na,na,na,na,na,na,na,na,na,na,na,na,na,na,na,na,na,na,na,na,na,na,na,na,na,na,na,na,na,na,na,na,na,na,na,na,na,na,na,na,na,na,na,na,na,na,na,na,na,na,na,na,na,na,na,na,na,na,na,na,na,na,na,na,na,na,na,na,na,na,na,na,na,na,na,na,na,na,na,na,na,na,na,na,na,na,na,na,na,na,na,na,na,na,na,na,na,na,na,na,na,na,na,na,na,na,na,na,na,na,na,na,na,na,na,na,na,na,na,na,na,na,na,na,na,na,na,na,na,na,na,na,na,na,na,na,na,na,na,na,na,na,na,na,na,na,na,na,na,na,na,na,na,na,na,na,na,na,na,na,na,na,na,na,na,na,na,na,na,na,na,na,na,na,na,na,na,na,na,na,na,na,na,na,na,na,na,na,na,na,na,na,na,na,na,na,na,na,na,na,na,na,na,na,na,na,na,na,na,na,na,na,na,na,na,na,na,na,na,na,na,na,na,na,na,na,na,na,na,na,na,na,na,na,na,na,na,na,na,na,na,na,na,na,na,na,na,na,na,na,na,na,na,na,na,na,na,na,na,na,na,na,na,na,na,na,na,na,na,na,na,na,na,na,na,na,na,na,na,na,na,na,na,na,na,na,na,na,na,na,na,na,na,na,na,na,na,na,na,na,na,na,na,na,na,na,na,na,na,na,na,na,na,na,na,na,na,na,na,na,na,na,na,na,na,na,na,na,na,na,na,na,na,na,na,na,na,na,na,na,na,na,na,na,na,na,na,na,na,na,na,na,na,na,na,na,na,na,na,na,na,na,na,na,na,na,na,na,na,na,na,na,na,na,na,na,na,na,na,na,na,na,na,na,na,na,na,na,na,na,na,na,na,na,na,na,na,na,na,na,na,na,na,na,na,na,na,na,na,na,na,na,na,na,na,na,na,na,na,na,na,na,na,na,na,na,na,na,na,na,na,na,na,na,na,na,na,na,na,na,na,na,na,na,na,na,na,na,na,na,na,na,na,na,na,na,na,na,na,na,na,na,na,na,na,na,na,na,na,na,na,na,na,na,na,na,na,na,na,na,na,na,na,na,na,na,na,na,na,na,na,na,na,na,na,na,na,na,na,na,na,na,na,na,na,na,na,na,na,na,na,na,na,na,na,na,na,na,na,na,na,na,na,na,na,na,na,na,na,na,na,na,na,na,na,na,na,na,na,na,na,na,na,na,na,na,na,na,na,na,na,na,na,na,na,na,na,na,na,na,na,na,na,na,na,na,na,na,na,na,na,na,na,na,na,na,na,na,na,na,na,na,na,na,na,na,na,na,na,na,na,na,na,na,na,na,na,na,na,na,na,na,na,na,na,na,na
201,        Fast Food Restaurants,103.209,102.901,102.605,102.605,102.227,102.344,102.344,101.231,101.226,101.226,101.212,101.212,101.211,98.96,98.96,98.864,98.944,98.944,100.441,100.422,100.422,100.406,97.293,97.293,96.412,96.192,96.042,96.042,95.933,95.73,95.73,94.009,93.501,93.501,91.54,91.54,91.54,89.883,89.36,89.183,88.523,87.275,87.275,86.518,86.075,86.009,86.064,86.064,85.956,85.441,85.331,84.767,84.619,84.619,84.619,84.619,84.619,84.608,84.008,83.933,83.933,83.636,83.636,83.636,83.636,83.636,83.663,83.663,83.474,83.474,83.218,83.218,82.934,82.845,82.845,82.654,82.451,82.451,82.451,82.381,82.302,82.033,81.434,81.434,81.434,81.434,81.434,81.434,81.164,81.089,81.089,81.25,81.323,81.666,81.78,81.385,81.284,81.246,81.087,80.971,81.045,81.045,81.045,81.161,80.877,80.677,80.548,80.548,80.548,80.548,80.832,80.82,80.632,80.632,80.289,79.394,79.217,78.835,78.809,78.645,78.645,78.653,78.428,78.428,78.428,78.328,78.328,78.218,78.259,78.665,78.066,77.632,77.632,77.592,77.299,77.299,77.16,77.022,77.011,76.603,76.524,76.524,76.06,75.22,75.165,74.369,74.422,74.369,74.369,74.369,74.369,74.188,74.128,74.128,73.937,73.937,73.937,73.937,73.783,73.783,73.766,73.766,73.766,73.796,73.796,74.858,74.751,74.517,74.517,74.283,74.283,74.146,73.994,73.76,73.76,73.29,73.29,73.29,72.812,72.812,72.812,72.552,72.552,72.529,72.752,72.558,72.558,72.41,72.41,72.39,72.39,72.254,72.254,72.254,72.254,72.254,72.284,72.284,72.284,72.175,72.057,72.016,70.909,70.909,70.702,70.702,70.507,70.507,70.429,70.429,70.429,70.291,70.141,70.141,69.866,69.231,69.014,69.014,69.014,69.012,67.69,67.69,67.69,67.69,67.69,67.506,67.355,67.355,67.16,67.16,67.16,67.16,67.16,67.16,66.725,66.77,66.77,66.77,66.327,66.327,66.327,66.212,66.408,66.408,66.387,66.387,65.915,65.84,65.84,65.84,na,na,na,na,na,na,na,na,na,na,na,na,na,na,na,na,na,na,na,na,na,na,na,na,na,na,na,na,na,na,na,na,na,na,na,na,na,na,na,na,na,na,na,na,na,na,na,na,na,na,na,na,na,na,na,na,na,na,na,na,na,na,na,na,na,na,na,na,na,na,na,na,na,na,na,na,na,na,na,na,na,na,na,na,na,na,na,na,na,na,na,na,na,na,na,na,na,na,na,na,na,na,na,na,na,na,na,na,na,na,na,na,na,na,na,na,na,na,na,na,na,na,na,na,na,na,na,na,na,na,na,na,na,na,na,na,na,na,na,na,na,na,na,na,na,na,na,na,na,na,na,na,na,na,na,na,na,na,na,na,na,na,na,na,na,na,na,na,na,na,na,na,na,na,na,na,na,na,na,na,na,na,na,na,na,na,na,na,na,na,na,na,na,na,na,na,na,na,na,na,na,na,na,na,na,na,na,na,na,na,na,na,na,na,na,na,na,na,na,na,na,na,na,na,na,na,na,na,na,na,na,na,na,na,na,na,na,na,na,na,na,na,na,na,na,na,na,na,na,na,na,na,na,na,na,na,na,na,na,na,na,na,na,na,na,na,na,na,na,na,na,na,na,na,na,na,na,na,na,na,na,na,na,na,na,na,na,na,na,na,na,na,na,na,na,na,na,na,na,na,na,na,na,na,na,na,na,na,na,na,na,na,na,na,na,na,na,na,na,na,na,na,na,na,na,na,na,na,na,na,na,na,na,na,na,na,na,na,na,na,na,na,na,na,na,na,na,na,na,na,na,na,na,na,na,na,na,na,na,na,na,na,na,na,na,na,na,na,na,na,na,na,na,na,na,na,na,na,na,na,na,na,na,na,na,na,na,na,na,na,na,na,na,na,na,na,na,na,na,na,na,na,na,na,na,na,na,na,na,na,na,na,na,na,na,na,na,na,na,na,na,na,na,na,na,na,na,na,na,na,na,na,na,na,na,na,na,na,na,na,na,na,na,na,na,na,na,na,na,na,na,na,na,na,na,na,na,na,na,na,na,na,na,na,na,na,na,na,na,na,na,na,na,na,na,na,na,na,na,na,na,na,na,na,na,na,na,na,na,na,na,na,na,na,na,na,na,na,na,na,na,na,na,na,na,na,na,na,na,na,na,na,na,na,na,na,na,na,na,na,na,na,na,na,na,na,na,na
202,"        Hawker Centres, And Food Courts, Coffee Shops & Kiosks",101.833,101.738,101.436,101.313,101.206,101.178,101.029,100.935,100.758,100.562,100.425,100.373,100.367,100.098,99.984,99.967,99.999,99.95,99.875,99.804,99.662,99.497,98.026,97.832,97.626,97.432,97.207,97.1,96.841,96.486,96.242,95.751,95.287,94.782,94.181,93.82,93.41,93.13,92.469,92.005,91.108,90.098,89.529,88.724,87.992,87.561,87.117,86.948,86.725,86.559,86.464,86.265,86.16,85.983,85.919,85.687,85.661,85.6,85.534,85.374,85.322,85.207,85.074,85.002,84.898,84.842,84.813,84.797,84.575,84.389,84.32,84.229,84.169,84.206,84.125,83.934,83.879,83.833,83.714,83.642,83.537,83.404,83.06,82.972,82.892,82.84,82.831,82.683,82.577,82.488,82.392,82.112,81.922,81.833,81.807,81.777,81.67,81.549,81.503,81.455,81.315,81.169,81.023,80.894,80.773,80.638,80.542,80.45,80.356,80.192,80.126,80.054,79.94,79.804,79.683,79.561,79.37,79.206,79.071,79.045,78.99,78.807,78.755,78.657,78.785,78.533,78.407,78.212,78.138,78.067,77.843,77.663,77.58,77.542,77.456,77.396,77.323,77.192,76.799,76.634,76.412,76.058,75.635,75.607,75.555,75.383,75.328,74.893,74.805,74.651,74.483,74.277,74.091,74,73.916,73.899,73.838,73.76,73.628,73.574,73.524,73.392,73.314,73.36,73.301,73.09,73.048,72.951,72.826,72.516,72.387,72.305,72.096,71.933,71.838,71.676,71.124,70.849,70.764,70.383,70.364,70.32,70.211,70.194,70.19,70.149,70.137,70.138,70.004,69.989,69.985,69.994,70.04,69.984,69.985,69.86,69.821,69.634,69.675,69.661,69.504,69.545,69.423,69.279,69.256,69.035,68.894,68.72,68.347,67.779,67.441,66.754,66.469,65.99,65.509,65.435,64.705,64.584,64.34,64.098,63.22,63.078,63.024,63.002,63.002,62.973,62.949,62.947,62.943,62.932,62.994,62.916,62.826,62.76,62.756,62.706,62.385,62.36,62.214,62.172,62.127,62.099,62.1,62,61.983,61.983,61.965,61.964,61.964,61.983,na,na,na,na,na,na,na,na,na,na,na,na,na,na,na,na,na,na,na,na,na,na,na,na,na,na,na,na,na,na,na,na,na,na,na,na,na,na,na,na,na,na,na,na,na,na,na,na,na,na,na,na,na,na,na,na,na,na,na,na,na,na,na,na,na,na,na,na,na,na,na,na,na,na,na,na,na,na,na,na,na,na,na,na,na,na,na,na,na,na,na,na,na,na,na,na,na,na,na,na,na,na,na,na,na,na,na,na,na,na,na,na,na,na,na,na,na,na,na,na,na,na,na,na,na,na,na,na,na,na,na,na,na,na,na,na,na,na,na,na,na,na,na,na,na,na,na,na,na,na,na,na,na,na,na,na,na,na,na,na,na,na,na,na,na,na,na,na,na,na,na,na,na,na,na,na,na,na,na,na,na,na,na,na,na,na,na,na,na,na,na,na,na,na,na,na,na,na,na,na,na,na,na,na,na,na,na,na,na,na,na,na,na,na,na,na,na,na,na,na,na,na,na,na,na,na,na,na,na,na,na,na,na,na,na,na,na,na,na,na,na,na,na,na,na,na,na,na,na,na,na,na,na,na,na,na,na,na,na,na,na,na,na,na,na,na,na,na,na,na,na,na,na,na,na,na,na,na,na,na,na,na,na,na,na,na,na,na,na,na,na,na,na,na,na,na,na,na,na,na,na,na,na,na,na,na,na,na,na,na,na,na,na,na,na,na,na,na,na,na,na,na,na,na,na,na,na,na,na,na,na,na,na,na,na,na,na,na,na,na,na,na,na,na,na,na,na,na,na,na,na,na,na,na,na,na,na,na,na,na,na,na,na,na,na,na,na,na,na,na,na,na,na,na,na,na,na,na,na,na,na,na,na,na,na,na,na,na,na,na,na,na,na,na,na,na,na,na,na,na,na,na,na,na,na,na,na,na,na,na,na,na,na,na,na,na,na,na,na,na,na,na,na,na,na,na,na,na,na,na,na,na,na,na,na,na,na,na,na,na,na,na,na,na,na,na,na,na,na,na,na,na,na,na,na,na,na,na,na,na,na,na,na,na,na,na,na,na,na,na,na,na,na,na,na,na,na,na,na,na,na,na,na,na,na,na,na,na,na,na,na,na,na,na,na,na,na,na,na,na,na,na,na,na,na,na,na,na,na,na,na,na,na,na,na,na,na,na,na,na,na,na,na,na,na,na,na,na
203,            Hawker Centres,102.151,102.087,101.898,101.804,101.597,101.565,101.446,101.34,101.224,101.003,100.742,100.582,100.592,100.42,100.254,100.192,100.071,99.943,99.708,99.573,99.169,98.754,97.235,97.022,96.768,96.48,96.316,96.04,95.687,95.478,95.308,95.009,94.574,93.972,93.187,92.946,92.733,92.404,92.01,91.559,90.396,89.528,89.01,87.916,87.102,86.468,86.019,85.804,85.695,85.642,85.537,85.265,85.192,85.132,85.066,84.947,84.919,84.873,84.858,84.786,84.716,84.66,84.402,84.37,84.002,83.824,83.793,83.793,83.668,83.548,83.502,83.399,83.36,83.335,83.177,82.912,82.765,82.678,82.381,82.368,82.197,82.081,na,na,na,na,na,na,na,na,na,na,na,na,na,na,na,na,na,na,na,na,na,na,na,na,na,na,na,na,na,na,na,na,na,na,na,na,na,na,na,na,na,na,na,na,na,na,na,na,na,na,na,na,na,na,na,na,na,na,na,na,na,na,na,na,na,na,na,na,na,na,na,na,na,na,na,na,na,na,na,na,na,na,na,na,na,na,na,na,na,na,na,na,na,na,na,na,na,na,na,na,na,na,na,na,na,na,na,na,na,na,na,na,na,na,na,na,na,na,na,na,na,na,na,na,na,na,na,na,na,na,na,na,na,na,na,na,na,na,na,na,na,na,na,na,na,na,na,na,na,na,na,na,na,na,na,na,na,na,na,na,na,na,na,na,na,na,na,na,na,na,na,na,na,na,na,na,na,na,na,na,na,na,na,na,na,na,na,na,na,na,na,na,na,na,na,na,na,na,na,na,na,na,na,na,na,na,na,na,na,na,na,na,na,na,na,na,na,na,na,na,na,na,na,na,na,na,na,na,na,na,na,na,na,na,na,na,na,na,na,na,na,na,na,na,na,na,na,na,na,na,na,na,na,na,na,na,na,na,na,na,na,na,na,na,na,na,na,na,na,na,na,na,na,na,na,na,na,na,na,na,na,na,na,na,na,na,na,na,na,na,na,na,na,na,na,na,na,na,na,na,na,na,na,na,na,na,na,na,na,na,na,na,na,na,na,na,na,na,na,na,na,na,na,na,na,na,na,na,na,na,na,na,na,na,na,na,na,na,na,na,na,na,na,na,na,na,na,na,na,na,na,na,na,na,na,na,na,na,na,na,na,na,na,na,na,na,na,na,na,na,na,na,na,na,na,na,na,na,na,na,na,na,na,na,na,na,na,na,na,na,na,na,na,na,na,na,na,na,na,na,na,na,na,na,na,na,na,na,na,na,na,na,na,na,na,na,na,na,na,na,na,na,na,na,na,na,na,na,na,na,na,na,na,na,na,na,na,na,na,na,na,na,na,na,na,na,na,na,na,na,na,na,na,na,na,na,na,na,na,na,na,na,na,na,na,na,na,na,na,na,na,na,na,na,na,na,na,na,na,na,na,na,na,na,na,na,na,na,na,na,na,na,na,na,na,na,na,na,na,na,na,na,na,na,na,na,na,na,na,na,na,na,na,na,na,na,na,na,na,na,na,na,na,na,na,na,na,na,na,na,na,na,na,na,na,na,na,na,na,na,na,na,na,na,na,na,na,na,na,na,na,na,na,na,na,na,na,na,na,na,na,na,na,na,na,na,na,na,na,na,na,na,na,na,na,na,na,na,na,na,na,na,na,na,na,na,na,na,na,na,na,na,na,na,na,na,na,na,na,na,na,na,na,na,na,na,na,na,na,na,na,na,na,na,na,na,na,na,na,na,na,na,na,na,na,na,na,na,na,na,na,na,na,na,na,na,na,na,na,na,na,na,na,na,na,na,na,na,na,na,na,na,na,na,na,na,na,na,na,na,na,na,na,na,na,na,na,na,na,na,na,na,na,na,na,na,na,na,na,na,na,na,na,na,na,na,na,na,na,na,na,na,na,na,na,na
204,"            Food Courts, Coffee Shops & Kiosks",101.733,101.628,101.291,101.159,101.083,101.057,100.898,100.808,100.611,100.423,100.326,100.308,100.296,99.997,99.899,99.896,99.976,99.952,99.928,99.876,99.817,99.73,98.23,98.041,97.848,97.678,97.437,97.374,97.139,96.747,96.483,95.943,95.471,94.992,94.438,94.045,93.586,93.318,92.589,92.12,91.292,90.245,89.663,88.933,88.222,87.842,87.4,87.244,86.99,86.796,86.704,86.524,86.41,86.203,86.139,85.878,85.852,85.788,85.709,85.526,85.478,85.348,85.249,85.165,85.129,85.105,85.077,85.057,84.809,84.606,84.531,84.444,84.379,84.43,84.37,84.198,84.166,84.131,84.058,83.97,83.884,83.745,na,na,na,na,na,na,na,na,na,na,na,na,na,na,na,na,na,na,na,na,na,na,na,na,na,na,na,na,na,na,na,na,na,na,na,na,na,na,na,na,na,na,na,na,na,na,na,na,na,na,na,na,na,na,na,na,na,na,na,na,na,na,na,na,na,na,na,na,na,na,na,na,na,na,na,na,na,na,na,na,na,na,na,na,na,na,na,na,na,na,na,na,na,na,na,na,na,na,na,na,na,na,na,na,na,na,na,na,na,na,na,na,na,na,na,na,na,na,na,na,na,na,na,na,na,na,na,na,na,na,na,na,na,na,na,na,na,na,na,na,na,na,na,na,na,na,na,na,na,na,na,na,na,na,na,na,na,na,na,na,na,na,na,na,na,na,na,na,na,na,na,na,na,na,na,na,na,na,na,na,na,na,na,na,na,na,na,na,na,na,na,na,na,na,na,na,na,na,na,na,na,na,na,na,na,na,na,na,na,na,na,na,na,na,na,na,na,na,na,na,na,na,na,na,na,na,na,na,na,na,na,na,na,na,na,na,na,na,na,na,na,na,na,na,na,na,na,na,na,na,na,na,na,na,na,na,na,na,na,na,na,na,na,na,na,na,na,na,na,na,na,na,na,na,na,na,na,na,na,na,na,na,na,na,na,na,na,na,na,na,na,na,na,na,na,na,na,na,na,na,na,na,na,na,na,na,na,na,na,na,na,na,na,na,na,na,na,na,na,na,na,na,na,na,na,na,na,na,na,na,na,na,na,na,na,na,na,na,na,na,na,na,na,na,na,na,na,na,na,na,na,na,na,na,na,na,na,na,na,na,na,na,na,na,na,na,na,na,na,na,na,na,na,na,na,na,na,na,na,na,na,na,na,na,na,na,na,na,na,na,na,na,na,na,na,na,na,na,na,na,na,na,na,na,na,na,na,na,na,na,na,na,na,na,na,na,na,na,na,na,na,na,na,na,na,na,na,na,na,na,na,na,na,na,na,na,na,na,na,na,na,na,na,na,na,na,na,na,na,na,na,na,na,na,na,na,na,na,na,na,na,na,na,na,na,na,na,na,na,na,na,na,na,na,na,na,na,na,na,na,na,na,na,na,na,na,na,na,na,na,na,na,na,na,na,na,na,na,na,na,na,na,na,na,na,na,na,na,na,na,na,na,na,na,na,na,na,na,na,na,na,na,na,na,na,na,na,na,na,na,na,na,na,na,na,na,na,na,na,na,na,na,na,na,na,na,na,na,na,na,na,na,na,na,na,na,na,na,na,na,na,na,na,na,na,na,na,na,na,na,na,na,na,na,na,na,na,na,na,na,na,na,na,na,na,na,na,na,na,na,na,na,na,na,na,na,na,na,na,na,na,na,na,na,na,na,na,na,na,na,na,na,na,na,na,na,na,na,na,na,na,na,na,na,na,na,na,na,na,na,na,na,na,na,na,na,na,na,na,na,na,na,na,na,na,na,na,na,na,na,na,na,na,na,na,na,na,na,na,na,na,na,na,na,na,na,na,na,na,na,na,na,na,na,na,na,na,na,na,na,na,na,na,na,na,na,na,na,na,na,na,na,na,na,na,na
205,"        Other Catering Services, Incl Vending Machines",100.243,100.243,100.243,100.243,100.243,100.243,100.243,100.243,100.243,100.243,100.243,100.243,100.243,100.225,100.225,100.225,100.225,100.225,100.225,99.309,99.309,99.309,97.974,97.974,97.974,97.546,97.546,97.546,96.835,96.835,96.835,95.352,95.352,95.352,92.953,92.953,92.953,93.021,93.021,93.021,91.775,91.775,88.207,88.207,88.207,88.207,87.457,87.457,87.457,87.247,87.247,87.247,87.123,87.123,87.123,87.123,87.123,87.123,86.861,86.861,86.861,86.627,86.627,86.627,86.627,86.627,86.627,86.5,86.5,86.5,86.381,86.381,86.381,85.462,85.462,85.462,84.723,84.723,84.723,84.645,84.645,84.035,81.288,81.288,81.288,81.837,81.837,81.837,80.736,80.736,80.736,81.273,81.273,81.273,80.543,80.543,80.543,80.482,80.482,80.482,80.482,80.482,80.482,80.482,80.482,79.538,79.538,79.538,79.538,79.101,79.101,79.101,78.955,79.157,79.157,78.504,78.504,78.504,78.504,78.504,78.504,78.504,78.504,78.504,78.529,78.529,78.529,78.439,78.439,78.439,78.641,78.641,78.641,78.641,78.641,78.641,78.641,78.641,78.641,77.376,77.376,77.376,77.514,77.514,77.514,77.514,77.514,77.383,77.29,77.29,77.29,77.052,77.052,77.052,76.794,76.794,76.794,76.794,76.794,76.794,76.493,76.493,76.493,76.493,76.493,76.493,76.493,76.493,76.493,76.173,76.173,76.173,76.173,76.173,76.173,75.247,75.247,75.247,75.109,75.109,75.109,75.109,75.109,75.109,74.805,74.805,74.805,75.118,75.118,75.118,75.118,75.118,75.118,75.118,75.118,75.118,75.118,75.118,75.118,74.723,74.723,74.723,74.787,74.787,74.787,74.787,74.787,74.787,73.376,73.376,73.376,72.765,72.765,72.765,71.791,71.702,71.702,70.499,70.499,70.499,69.977,69.977,69.977,68.682,68.682,68.682,68.682,68.682,68.682,68.682,68.682,68.682,68.682,68.682,68.682,68.682,68.682,68.682,68.682,68.682,68.682,68.682,68.682,68.682,68.682,68.682,68.682,68.373,68.373,68.373,na,na,na,na,na,na,na,na,na,na,na,na,na,na,na,na,na,na,na,na,na,na,na,na,na,na,na,na,na,na,na,na,na,na,na,na,na,na,na,na,na,na,na,na,na,na,na,na,na,na,na,na,na,na,na,na,na,na,na,na,na,na,na,na,na,na,na,na,na,na,na,na,na,na,na,na,na,na,na,na,na,na,na,na,na,na,na,na,na,na,na,na,na,na,na,na,na,na,na,na,na,na,na,na,na,na,na,na,na,na,na,na,na,na,na,na,na,na,na,na,na,na,na,na,na,na,na,na,na,na,na,na,na,na,na,na,na,na,na,na,na,na,na,na,na,na,na,na,na,na,na,na,na,na,na,na,na,na,na,na,na,na,na,na,na,na,na,na,na,na,na,na,na,na,na,na,na,na,na,na,na,na,na,na,na,na,na,na,na,na,na,na,na,na,na,na,na,na,na,na,na,na,na,na,na,na,na,na,na,na,na,na,na,na,na,na,na,na,na,na,na,na,na,na,na,na,na,na,na,na,na,na,na,na,na,na,na,na,na,na,na,na,na,na,na,na,na,na,na,na,na,na,na,na,na,na,na,na,na,na,na,na,na,na,na,na,na,na,na,na,na,na,na,na,na,na,na,na,na,na,na,na,na,na,na,na,na,na,na,na,na,na,na,na,na,na,na,na,na,na,na,na,na,na,na,na,na,na,na,na,na,na,na,na,na,na,na,na,na,na,na,na,na,na,na,na,na,na,na,na,na,na,na,na,na,na,na,na,na,na,na,na,na,na,na,na,na,na,na,na,na,na,na,na,na,na,na,na,na,na,na,na,na,na,na,na,na,na,na,na,na,na,na,na,na,na,na,na,na,na,na,na,na,na,na,na,na,na,na,na,na,na,na,na,na,na,na,na,na,na,na,na,na,na,na,na,na,na,na,na,na,na,na,na,na,na,na,na,na,na,na,na,na,na,na,na,na,na,na,na,na,na,na,na,na,na,na,na,na,na,na,na,na,na,na,na,na,na,na,na,na,na,na,na,na,na,na,na,na,na,na,na,na,na,na,na,na,na,na,na,na,na,na,na,na,na,na,na,na,na,na,na,na,na,na,na,na,na,na,na,na,na,na,na,na,na,na,na,na,na,na,na,na,na,na,na,na,na,na,na,na,na,na,na,na,na,na,na,na,na,na,na,na,na,na,na,na,na
206,All Items Less Accommodation,101.827,101.216,100.732,100.672,100.676,100.78,100.774,100.261,100.373,100.426,100.365,100.018,100.292,100.437,100.145,100.008,99.946,100.133,99.996,99.566,99.687,99.411,99.125,98.721,99.447,98.822,98.263,97.705,97.718,97.203,97.552,96.874,96.353,96.087,95.64,95.457,94.781,94.933,94.515,93.944,93.491,92.426,92.026,91.627,90.287,89.731,89.416,88.981,88.371,87.735,87.311,87.195,87.057,87.121,86.94,86.5,86.289,86.051,85.772,85.395,85.405,85.412,85.055,84.795,84.708,84.685,84.84,85.192,85.584,85.897,85.797,85.603,85.686,85.502,85.579,85.335,85.408,85.729,85.771,85.34,85.317,85.068,84.976,84.874,85.122,84.979,84.973,84.933,84.607,84.556,84.501,84.293,84.453,84.272,84.068,84.109,83.851,83.672,83.627,83.611,83.356,83.481,83.653,83.28,83.15,83.083,82.823,82.576,82.518,82.39,82.305,82.099,81.922,81.678,81.677,81.652,81.535,81.58,81.759,81.678,81.754,81.79,81.722,81.939,81.855,81.902,81.969,81.973,81.663,81.523,na,na,na,na,na,na,na,na,na,na,na,na,na,na,na,na,na,na,na,na,na,na,na,na,na,na,na,na,na,na,na,na,na,na,na,na,na,na,na,na,na,na,na,na,na,na,na,na,na,na,na,na,na,na,na,na,na,na,na,na,na,na,na,na,na,na,na,na,na,na,na,na,na,na,na,na,na,na,na,na,na,na,na,na,na,na,na,na,na,na,na,na,na,na,na,na,na,na,na,na,na,na,na,na,na,na,na,na,na,na,na,na,na,na,na,na,na,na,na,na,na,na,na,na,na,na,na,na,na,na,na,na,na,na,na,na,na,na,na,na,na,na,na,na,na,na,na,na,na,na,na,na,na,na,na,na,na,na,na,na,na,na,na,na,na,na,na,na,na,na,na,na,na,na,na,na,na,na,na,na,na,na,na,na,na,na,na,na,na,na,na,na,na,na,na,na,na,na,na,na,na,na,na,na,na,na,na,na,na,na,na,na,na,na,na,na,na,na,na,na,na,na,na,na,na,na,na,na,na,na,na,na,na,na,na,na,na,na,na,na,na,na,na,na,na,na,na,na,na,na,na,na,na,na,na,na,na,na,na,na,na,na,na,na,na,na,na,na,na,na,na,na,na,na,na,na,na,na,na,na,na,na,na,na,na,na,na,na,na,na,na,na,na,na,na,na,na,na,na,na,na,na,na,na,na,na,na,na,na,na,na,na,na,na,na,na,na,na,na,na,na,na,na,na,na,na,na,na,na,na,na,na,na,na,na,na,na,na,na,na,na,na,na,na,na,na,na,na,na,na,na,na,na,na,na,na,na,na,na,na,na,na,na,na,na,na,na,na,na,na,na,na,na,na,na,na,na,na,na,na,na,na,na,na,na,na,na,na,na,na,na,na,na,na,na,na,na,na,na,na,na,na,na,na,na,na,na,na,na,na,na,na,na,na,na,na,na,na,na,na,na,na,na,na,na,na,na,na,na,na,na,na,na,na,na,na,na,na,na,na,na,na,na,na,na,na,na,na,na,na,na,na,na,na,na,na,na,na,na,na,na,na,na,na,na,na,na,na,na,na,na,na,na,na,na,na,na,na,na,na,na,na,na,na,na,na,na,na,na,na,na,na,na,na,na,na,na,na,na,na,na,na,na,na,na,na,na,na,na,na,na,na,na,na,na,na,na,na,na,na,na,na,na,na,na,na,na,na,na,na,na,na,na,na,na,na,na,na,na,na,na,na,na,na,na,na,na,na,na,na,na,na,na,na,na,na,na,na,na,na,na,na,na,na,na,na,na,na,na,na,na,na,na,na,na,na,na,na,na,na,na,na,na,na,na,na,na,na,na,na,na,na,na,na,na,na,na,na,na,na,na,na,na,na,na,na,na,na,na,na,na,na,na,na,na,na,na,na,na,na,na,na,na,na,na,na,na,na,na,na,na,na,na,na,na,na,na,na,na,na,na,na,na,na,na,na,na,na
207,All Items Less Imputed Rentals For Housing,101.516,101.508,101.055,100.398,100.978,101.075,100.189,100.587,100.687,99.713,100.674,100.343,100.022,100.721,100.449,99.72,100.137,100.307,99.347,99.766,99.873,98.645,99.263,98.871,99.119,98.94,98.401,97.429,97.805,97.31,96.999,96.975,96.471,95.858,95.753,95.568,94.514,95.051,94.645,93.682,93.624,92.603,91.582,91.825,90.545,89.656,89.703,89.282,88.291,88.065,87.661,87.13,87.399,87.453,86.647,86.86,86.656,86.075,86.129,85.77,85.374,85.823,85.484,84.832,85.162,85.14,84.655,85.619,85.99,85.93,86.188,85.998,85.671,85.901,85.972,85.328,85.803,86.106,85.513,85.737,85.716,85.124,85.397,85.301,85.115,85.403,85.399,84.941,85.051,84.95,84.28,84.705,84.862,84.347,84.489,84.531,83.889,84.12,84.082,83.673,83.834,83.908,83.494,83.727,83.609,83.552,83.305,83.072,82.683,82.906,82.83,82.262,82.47,81.657,82.248,82.226,82.119,82.165,82.325,82.253,81.991,82.37,82.31,82.149,82.446,82.497,81.98,82.554,82.257,82.127,na,na,na,na,na,na,na,na,na,na,na,na,na,na,na,na,na,na,na,na,na,na,na,na,na,na,na,na,na,na,na,na,na,na,na,na,na,na,na,na,na,na,na,na,na,na,na,na,na,na,na,na,na,na,na,na,na,na,na,na,na,na,na,na,na,na,na,na,na,na,na,na,na,na,na,na,na,na,na,na,na,na,na,na,na,na,na,na,na,na,na,na,na,na,na,na,na,na,na,na,na,na,na,na,na,na,na,na,na,na,na,na,na,na,na,na,na,na,na,na,na,na,na,na,na,na,na,na,na,na,na,na,na,na,na,na,na,na,na,na,na,na,na,na,na,na,na,na,na,na,na,na,na,na,na,na,na,na,na,na,na,na,na,na,na,na,na,na,na,na,na,na,na,na,na,na,na,na,na,na,na,na,na,na,na,na,na,na,na,na,na,na,na,na,na,na,na,na,na,na,na,na,na,na,na,na,na,na,na,na,na,na,na,na,na,na,na,na,na,na,na,na,na,na,na,na,na,na,na,na,na,na,na,na,na,na,na,na,na,na,na,na,na,na,na,na,na,na,na,na,na,na,na,na,na,na,na,na,na,na,na,na,na,na,na,na,na,na,na,na,na,na,na,na,na,na,na,na,na,na,na,na,na,na,na,na,na,na,na,na,na,na,na,na,na,na,na,na,na,na,na,na,na,na,na,na,na,na,na,na,na,na,na,na,na,na,na,na,na,na,na,na,na,na,na,na,na,na,na,na,na,na,na,na,na,na,na,na,na,na,na,na,na,na,na,na,na,na,na,na,na,na,na,na,na,na,na,na,na,na,na,na,na,na,na,na,na,na,na,na,na,na,na,na,na,na,na,na,na,na,na,na,na,na,na,na,na,na,na,na,na,na,na,na,na,na,na,na,na,na,na,na,na,na,na,na,na,na,na,na,na,na,na,na,na,na,na,na,na,na,na,na,na,na,na,na,na,na,na,na,na,na,na,na,na,na,na,na,na,na,na,na,na,na,na,na,na,na,na,na,na,na,na,na,na,na,na,na,na,na,na,na,na,na,na,na,na,na,na,na,na,na,na,na,na,na,na,na,na,na,na,na,na,na,na,na,na,na,na,na,na,na,na,na,na,na,na,na,na,na,na,na,na,na,na,na,na,na,na,na,na,na,na,na,na,na,na,na,na,na,na,na,na,na,na,na,na,na,na,na,na,na,na,na,na,na,na,na,na,na,na,na,na,na,na,na,na,na,na,na,na,na,na,na,na,na,na,na,na,na,na,na,na,na,na,na,na,na,na,na,na,na,na,na,na,na,na,na,na,na,na,na,na,na,na,na,na,na,na,na,na,na,na,na,na,na,na,na,na,na,na,na,na,na,na,na,na,na,na,na,na,na,na,na,na,na,na,na,na,na,na,na,na,na,na,na,na,na,na,na,na,na,na,na,na,na,na,na,na,na,na,na,na,na,na,na,na,na
